# Generated from the accepted BlenderMCP scene.
v -6.065016 -9.877872 0
v -6.065016 -9.877872 2
v -6.643127 -9.717285 2
v -6.643127 -9.717285 0
v -6.386189 -8.792308 2
v -6.386189 -8.792308 0
v -5.808078 -8.952894 2
v -5.808078 -8.952894 0
v -5.814287 -8.930412 0.04000002
v -5.814287 -8.930412 1.96
v -6.369274 -8.77625 1.96
v -6.369274 -8.77625 0.04000002
v -6.358568 -8.737709 1.96
v -6.358568 -8.737709 0.04000002
v -5.803582 -8.891871 1.96
v -5.803582 -8.891871 0.04000002
v -5.717079 -8.625299 0
v -5.717079 -8.625299 2
v -6.29519 -8.464712 2
v -6.29519 -8.464712 0
v -6.038252 -7.539735 2
v -6.038252 -7.539735 0
v -5.460141 -7.700321 2
v -5.460141 -7.700321 0
v -5.46635 -7.677839 0.04000002
v -5.46635 -7.677839 1.96
v -6.021337 -7.523676 1.96
v -6.021337 -7.523676 0.04000002
v -6.010631 -7.485136 1.96
v -6.010631 -7.485136 0.04000002
v -5.455645 -7.639299 1.96
v -5.455645 -7.639299 0.04000002
v -5.369142 -7.372726 0
v -5.369142 -7.372726 2
v -5.947253 -7.21214 2
v -5.947253 -7.21214 0
v -5.690315 -6.287162 2
v -5.690315 -6.287162 0
v -5.112204 -6.447749 2
v -5.112204 -6.447749 0
v -5.118413 -6.425266 0.04000002
v -5.118413 -6.425266 1.96
v -5.673399 -6.271103 1.96
v -5.673399 -6.271103 0.04000002
v -5.662694 -6.232563 1.96
v -5.662694 -6.232563 0.04000002
v -5.107708 -6.386726 1.96
v -5.107708 -6.386726 0.04000002
v -10.85 1.875 0
v -10.85 1.875 0.9
v -10.7573 1.860317 0.9
v -10.7573 1.860317 0
v -10.67367 1.817705 0.9
v -10.67367 1.817705 0
v -10.6073 1.751336 0.9
v -10.6073 1.751336 0
v -10.56468 1.667705 0.9
v -10.56468 1.667705 0
v -10.55 1.575 0.9
v -10.55 1.575 0
v -10.56468 1.482295 0.9
v -10.56468 1.482295 0
v -10.6073 1.398664 0.9
v -10.6073 1.398664 0
v -10.67367 1.332295 0.9
v -10.67367 1.332295 0
v -10.7573 1.289683 0.9
v -10.7573 1.289683 0
v -10.85 1.275 0.9
v -10.85 1.275 0
v -10.94271 1.289683 0.9
v -10.94271 1.289683 0
v -11.02634 1.332295 0.9
v -11.02634 1.332295 0
v -11.09271 1.398664 0.9
v -11.09271 1.398664 0
v -11.13532 1.482295 0.9
v -11.13532 1.482295 0
v -11.15 1.575 0.9
v -11.15 1.575 0
v -11.13532 1.667705 0.9
v -11.13532 1.667705 0
v -11.09271 1.751336 0.9
v -11.09271 1.751336 0
v -11.02634 1.817705 0.9
v -11.02634 1.817705 0
v -10.94271 1.860317 0.9
v -10.94271 1.860317 0
v -10.85 1.887 0.72
v -10.85 1.887 0.756
v -10.75359 1.87173 0.756
v -10.75359 1.87173 0.72
v -10.66661 1.827413 0.756
v -10.66661 1.827413 0.72
v -10.59759 1.758389 0.756
v -10.59759 1.758389 0.72
v -10.55327 1.671413 0.756
v -10.55327 1.671413 0.72
v -10.538 1.575 0.756
v -10.538 1.575 0.72
v -10.55327 1.478587 0.756
v -10.55327 1.478587 0.72
v -10.59759 1.391611 0.756
v -10.59759 1.391611 0.72
v -10.66661 1.322587 0.756
v -10.66661 1.322587 0.72
v -10.75359 1.27827 0.756
v -10.75359 1.27827 0.72
v -10.85 1.263 0.756
v -10.85 1.263 0.72
v -10.94641 1.27827 0.756
v -10.94641 1.27827 0.72
v -11.03339 1.322587 0.756
v -11.03339 1.322587 0.72
v -11.10241 1.391611 0.756
v -11.10241 1.391611 0.72
v -11.14673 1.478587 0.756
v -11.14673 1.478587 0.72
v -11.162 1.575 0.756
v -11.162 1.575 0.72
v -11.14673 1.671413 0.756
v -11.14673 1.671413 0.72
v -11.10241 1.758389 0.756
v -11.10241 1.758389 0.72
v -11.03339 1.827413 0.756
v -11.03339 1.827413 0.72
v -10.94641 1.87173 0.756
v -10.94641 1.87173 0.72
v -10.85 1.887 0.144
v -10.85 1.887 0.18
v -10.75359 1.87173 0.18
v -10.75359 1.87173 0.144
v -10.66661 1.827413 0.18
v -10.66661 1.827413 0.144
v -10.59759 1.758389 0.18
v -10.59759 1.758389 0.144
v -10.55327 1.671413 0.18
v -10.55327 1.671413 0.144
v -10.538 1.575 0.18
v -10.538 1.575 0.144
v -10.55327 1.478587 0.18
v -10.55327 1.478587 0.144
v -10.59759 1.391611 0.18
v -10.59759 1.391611 0.144
v -10.66661 1.322587 0.18
v -10.66661 1.322587 0.144
v -10.75359 1.27827 0.18
v -10.75359 1.27827 0.144
v -10.85 1.263 0.18
v -10.85 1.263 0.144
v -10.94641 1.27827 0.18
v -10.94641 1.27827 0.144
v -11.03339 1.322587 0.18
v -11.03339 1.322587 0.144
v -11.10241 1.391611 0.18
v -11.10241 1.391611 0.144
v -11.14673 1.478587 0.18
v -11.14673 1.478587 0.144
v -11.162 1.575 0.18
v -11.162 1.575 0.144
v -11.14673 1.671413 0.18
v -11.14673 1.671413 0.144
v -11.10241 1.758389 0.18
v -11.10241 1.758389 0.144
v -11.03339 1.827413 0.18
v -11.03339 1.827413 0.144
v -10.94641 1.87173 0.18
v -10.94641 1.87173 0.144
v -10 1.875 0
v -10 1.875 0.9
v -9.907295 1.860317 0.9
v -9.907295 1.860317 0
v -9.823665 1.817705 0.9
v -9.823665 1.817705 0
v -9.757295 1.751336 0.9
v -9.757295 1.751336 0
v -9.714683 1.667705 0.9
v -9.714683 1.667705 0
v -9.7 1.575 0.9
v -9.7 1.575 0
v -9.714683 1.482295 0.9
v -9.714683 1.482295 0
v -9.757295 1.398664 0.9
v -9.757295 1.398664 0
v -9.823665 1.332295 0.9
v -9.823665 1.332295 0
v -9.907295 1.289683 0.9
v -9.907295 1.289683 0
v -10 1.275 0.9
v -10 1.275 0
v -10.0927 1.289683 0.9
v -10.0927 1.289683 0
v -10.17634 1.332295 0.9
v -10.17634 1.332295 0
v -10.24271 1.398664 0.9
v -10.24271 1.398664 0
v -10.28532 1.482295 0.9
v -10.28532 1.482295 0
v -10.3 1.575 0.9
v -10.3 1.575 0
v -10.28532 1.667705 0.9
v -10.28532 1.667705 0
v -10.24271 1.751336 0.9
v -10.24271 1.751336 0
v -10.17634 1.817705 0.9
v -10.17634 1.817705 0
v -10.0927 1.860317 0.9
v -10.0927 1.860317 0
v -10 1.887 0.72
v -10 1.887 0.756
v -9.903586 1.87173 0.756
v -9.903586 1.87173 0.72
v -9.816611 1.827413 0.756
v -9.816611 1.827413 0.72
v -9.747586 1.758389 0.756
v -9.747586 1.758389 0.72
v -9.70327 1.671413 0.756
v -9.70327 1.671413 0.72
v -9.688 1.575 0.756
v -9.688 1.575 0.72
v -9.70327 1.478587 0.756
v -9.70327 1.478587 0.72
v -9.747586 1.391611 0.756
v -9.747586 1.391611 0.72
v -9.816611 1.322587 0.756
v -9.816611 1.322587 0.72
v -9.903586 1.27827 0.756
v -9.903586 1.27827 0.72
v -10 1.263 0.756
v -10 1.263 0.72
v -10.09641 1.27827 0.756
v -10.09641 1.27827 0.72
v -10.18339 1.322587 0.756
v -10.18339 1.322587 0.72
v -10.25241 1.391611 0.756
v -10.25241 1.391611 0.72
v -10.29673 1.478587 0.756
v -10.29673 1.478587 0.72
v -10.312 1.575 0.756
v -10.312 1.575 0.72
v -10.29673 1.671413 0.756
v -10.29673 1.671413 0.72
v -10.25241 1.758389 0.756
v -10.25241 1.758389 0.72
v -10.18339 1.827413 0.756
v -10.18339 1.827413 0.72
v -10.09641 1.87173 0.756
v -10.09641 1.87173 0.72
v -10 1.887 0.144
v -10 1.887 0.18
v -9.903586 1.87173 0.18
v -9.903586 1.87173 0.144
v -9.816611 1.827413 0.18
v -9.816611 1.827413 0.144
v -9.747586 1.758389 0.18
v -9.747586 1.758389 0.144
v -9.70327 1.671413 0.18
v -9.70327 1.671413 0.144
v -9.688 1.575 0.18
v -9.688 1.575 0.144
v -9.70327 1.478587 0.18
v -9.70327 1.478587 0.144
v -9.747586 1.391611 0.18
v -9.747586 1.391611 0.144
v -9.816611 1.322587 0.18
v -9.816611 1.322587 0.144
v -9.903586 1.27827 0.18
v -9.903586 1.27827 0.144
v -10 1.263 0.18
v -10 1.263 0.144
v -10.09641 1.27827 0.18
v -10.09641 1.27827 0.144
v -10.18339 1.322587 0.18
v -10.18339 1.322587 0.144
v -10.25241 1.391611 0.18
v -10.25241 1.391611 0.144
v -10.29673 1.478587 0.18
v -10.29673 1.478587 0.144
v -10.312 1.575 0.18
v -10.312 1.575 0.144
v -10.29673 1.671413 0.18
v -10.29673 1.671413 0.144
v -10.25241 1.758389 0.18
v -10.25241 1.758389 0.144
v -10.18339 1.827413 0.18
v -10.18339 1.827413 0.144
v -10.09641 1.87173 0.18
v -10.09641 1.87173 0.144
v -9.15 1.875 0
v -9.15 1.875 0.9
v -9.057295 1.860317 0.9
v -9.057295 1.860317 0
v -8.973664 1.817705 0.9
v -8.973664 1.817705 0
v -8.907294 1.751336 0.9
v -8.907294 1.751336 0
v -8.864682 1.667705 0.9
v -8.864682 1.667705 0
v -8.849999 1.575 0.9
v -8.849999 1.575 0
v -8.864682 1.482295 0.9
v -8.864682 1.482295 0
v -8.907294 1.398664 0.9
v -8.907294 1.398664 0
v -8.973664 1.332295 0.9
v -8.973664 1.332295 0
v -9.057295 1.289683 0.9
v -9.057295 1.289683 0
v -9.15 1.275 0.9
v -9.15 1.275 0
v -9.242704 1.289683 0.9
v -9.242704 1.289683 0
v -9.326335 1.332295 0.9
v -9.326335 1.332295 0
v -9.392705 1.398664 0.9
v -9.392705 1.398664 0
v -9.435317 1.482295 0.9
v -9.435317 1.482295 0
v -9.45 1.575 0.9
v -9.45 1.575 0
v -9.435317 1.667705 0.9
v -9.435317 1.667705 0
v -9.392705 1.751336 0.9
v -9.392705 1.751336 0
v -9.326335 1.817705 0.9
v -9.326335 1.817705 0
v -9.242704 1.860317 0.9
v -9.242704 1.860317 0
v -9.15 1.887 0.72
v -9.15 1.887 0.756
v -9.053586 1.87173 0.756
v -9.053586 1.87173 0.72
v -8.966611 1.827413 0.756
v -8.966611 1.827413 0.72
v -8.897586 1.758389 0.756
v -8.897586 1.758389 0.72
v -8.85327 1.671413 0.756
v -8.85327 1.671413 0.72
v -8.837999 1.575 0.756
v -8.837999 1.575 0.72
v -8.85327 1.478587 0.756
v -8.85327 1.478587 0.72
v -8.897586 1.391611 0.756
v -8.897586 1.391611 0.72
v -8.966611 1.322587 0.756
v -8.966611 1.322587 0.72
v -9.053586 1.27827 0.756
v -9.053586 1.27827 0.72
v -9.15 1.263 0.756
v -9.15 1.263 0.72
v -9.246413 1.27827 0.756
v -9.246413 1.27827 0.72
v -9.333388 1.322587 0.756
v -9.333388 1.322587 0.72
v -9.402413 1.391611 0.756
v -9.402413 1.391611 0.72
v -9.44673 1.478587 0.756
v -9.44673 1.478587 0.72
v -9.462 1.575 0.756
v -9.462 1.575 0.72
v -9.44673 1.671413 0.756
v -9.44673 1.671413 0.72
v -9.402413 1.758389 0.756
v -9.402413 1.758389 0.72
v -9.333388 1.827413 0.756
v -9.333388 1.827413 0.72
v -9.246413 1.87173 0.756
v -9.246413 1.87173 0.72
v -9.15 1.887 0.144
v -9.15 1.887 0.18
v -9.053586 1.87173 0.18
v -9.053586 1.87173 0.144
v -8.966611 1.827413 0.18
v -8.966611 1.827413 0.144
v -8.897586 1.758389 0.18
v -8.897586 1.758389 0.144
v -8.85327 1.671413 0.18
v -8.85327 1.671413 0.144
v -8.837999 1.575 0.18
v -8.837999 1.575 0.144
v -8.85327 1.478587 0.18
v -8.85327 1.478587 0.144
v -8.897586 1.391611 0.18
v -8.897586 1.391611 0.144
v -8.966611 1.322587 0.18
v -8.966611 1.322587 0.144
v -9.053586 1.27827 0.18
v -9.053586 1.27827 0.144
v -9.15 1.263 0.18
v -9.15 1.263 0.144
v -9.246413 1.27827 0.18
v -9.246413 1.27827 0.144
v -9.333388 1.322587 0.18
v -9.333388 1.322587 0.144
v -9.402413 1.391611 0.18
v -9.402413 1.391611 0.144
v -9.44673 1.478587 0.18
v -9.44673 1.478587 0.144
v -9.462 1.575 0.18
v -9.462 1.575 0.144
v -9.44673 1.671413 0.18
v -9.44673 1.671413 0.144
v -9.402413 1.758389 0.18
v -9.402413 1.758389 0.144
v -9.333388 1.827413 0.18
v -9.333388 1.827413 0.144
v -9.246413 1.87173 0.18
v -9.246413 1.87173 0.144
v -10.85 2.725 0
v -10.85 2.725 0.9
v -10.7573 2.710317 0.9
v -10.7573 2.710317 0
v -10.67367 2.667705 0.9
v -10.67367 2.667705 0
v -10.6073 2.601336 0.9
v -10.6073 2.601336 0
v -10.56468 2.517705 0.9
v -10.56468 2.517705 0
v -10.55 2.425 0.9
v -10.55 2.425 0
v -10.56468 2.332295 0.9
v -10.56468 2.332295 0
v -10.6073 2.248664 0.9
v -10.6073 2.248664 0
v -10.67367 2.182295 0.9
v -10.67367 2.182295 0
v -10.7573 2.139683 0.9
v -10.7573 2.139683 0
v -10.85 2.125 0.9
v -10.85 2.125 0
v -10.94271 2.139683 0.9
v -10.94271 2.139683 0
v -11.02634 2.182295 0.9
v -11.02634 2.182295 0
v -11.09271 2.248664 0.9
v -11.09271 2.248664 0
v -11.13532 2.332295 0.9
v -11.13532 2.332295 0
v -11.15 2.425 0.9
v -11.15 2.425 0
v -11.13532 2.517705 0.9
v -11.13532 2.517705 0
v -11.09271 2.601336 0.9
v -11.09271 2.601336 0
v -11.02634 2.667705 0.9
v -11.02634 2.667705 0
v -10.94271 2.710317 0.9
v -10.94271 2.710317 0
v -10.85 2.737 0.72
v -10.85 2.737 0.756
v -10.75359 2.72173 0.756
v -10.75359 2.72173 0.72
v -10.66661 2.677413 0.756
v -10.66661 2.677413 0.72
v -10.59759 2.608389 0.756
v -10.59759 2.608389 0.72
v -10.55327 2.521413 0.756
v -10.55327 2.521413 0.72
v -10.538 2.425 0.756
v -10.538 2.425 0.72
v -10.55327 2.328587 0.756
v -10.55327 2.328587 0.72
v -10.59759 2.241611 0.756
v -10.59759 2.241611 0.72
v -10.66661 2.172587 0.756
v -10.66661 2.172587 0.72
v -10.75359 2.12827 0.756
v -10.75359 2.12827 0.72
v -10.85 2.113 0.756
v -10.85 2.113 0.72
v -10.94641 2.12827 0.756
v -10.94641 2.12827 0.72
v -11.03339 2.172587 0.756
v -11.03339 2.172587 0.72
v -11.10241 2.241611 0.756
v -11.10241 2.241611 0.72
v -11.14673 2.328587 0.756
v -11.14673 2.328587 0.72
v -11.162 2.425 0.756
v -11.162 2.425 0.72
v -11.14673 2.521413 0.756
v -11.14673 2.521413 0.72
v -11.10241 2.608389 0.756
v -11.10241 2.608389 0.72
v -11.03339 2.677413 0.756
v -11.03339 2.677413 0.72
v -10.94641 2.72173 0.756
v -10.94641 2.72173 0.72
v -10.85 2.737 0.144
v -10.85 2.737 0.18
v -10.75359 2.72173 0.18
v -10.75359 2.72173 0.144
v -10.66661 2.677413 0.18
v -10.66661 2.677413 0.144
v -10.59759 2.608389 0.18
v -10.59759 2.608389 0.144
v -10.55327 2.521413 0.18
v -10.55327 2.521413 0.144
v -10.538 2.425 0.18
v -10.538 2.425 0.144
v -10.55327 2.328587 0.18
v -10.55327 2.328587 0.144
v -10.59759 2.241611 0.18
v -10.59759 2.241611 0.144
v -10.66661 2.172587 0.18
v -10.66661 2.172587 0.144
v -10.75359 2.12827 0.18
v -10.75359 2.12827 0.144
v -10.85 2.113 0.18
v -10.85 2.113 0.144
v -10.94641 2.12827 0.18
v -10.94641 2.12827 0.144
v -11.03339 2.172587 0.18
v -11.03339 2.172587 0.144
v -11.10241 2.241611 0.18
v -11.10241 2.241611 0.144
v -11.14673 2.328587 0.18
v -11.14673 2.328587 0.144
v -11.162 2.425 0.18
v -11.162 2.425 0.144
v -11.14673 2.521413 0.18
v -11.14673 2.521413 0.144
v -11.10241 2.608389 0.18
v -11.10241 2.608389 0.144
v -11.03339 2.677413 0.18
v -11.03339 2.677413 0.144
v -10.94641 2.72173 0.18
v -10.94641 2.72173 0.144
v -10 2.725 0
v -10 2.725 0.9
v -9.907295 2.710317 0.9
v -9.907295 2.710317 0
v -9.823665 2.667705 0.9
v -9.823665 2.667705 0
v -9.757295 2.601336 0.9
v -9.757295 2.601336 0
v -9.714683 2.517705 0.9
v -9.714683 2.517705 0
v -9.7 2.425 0.9
v -9.7 2.425 0
v -9.714683 2.332295 0.9
v -9.714683 2.332295 0
v -9.757295 2.248664 0.9
v -9.757295 2.248664 0
v -9.823665 2.182295 0.9
v -9.823665 2.182295 0
v -9.907295 2.139683 0.9
v -9.907295 2.139683 0
v -10 2.125 0.9
v -10 2.125 0
v -10.0927 2.139683 0.9
v -10.0927 2.139683 0
v -10.17634 2.182295 0.9
v -10.17634 2.182295 0
v -10.24271 2.248664 0.9
v -10.24271 2.248664 0
v -10.28532 2.332295 0.9
v -10.28532 2.332295 0
v -10.3 2.425 0.9
v -10.3 2.425 0
v -10.28532 2.517705 0.9
v -10.28532 2.517705 0
v -10.24271 2.601336 0.9
v -10.24271 2.601336 0
v -10.17634 2.667705 0.9
v -10.17634 2.667705 0
v -10.0927 2.710317 0.9
v -10.0927 2.710317 0
v -10 2.737 0.72
v -10 2.737 0.756
v -9.903586 2.72173 0.756
v -9.903586 2.72173 0.72
v -9.816611 2.677413 0.756
v -9.816611 2.677413 0.72
v -9.747586 2.608389 0.756
v -9.747586 2.608389 0.72
v -9.70327 2.521413 0.756
v -9.70327 2.521413 0.72
v -9.688 2.425 0.756
v -9.688 2.425 0.72
v -9.70327 2.328587 0.756
v -9.70327 2.328587 0.72
v -9.747586 2.241611 0.756
v -9.747586 2.241611 0.72
v -9.816611 2.172587 0.756
v -9.816611 2.172587 0.72
v -9.903586 2.12827 0.756
v -9.903586 2.12827 0.72
v -10 2.113 0.756
v -10 2.113 0.72
v -10.09641 2.12827 0.756
v -10.09641 2.12827 0.72
v -10.18339 2.172587 0.756
v -10.18339 2.172587 0.72
v -10.25241 2.241611 0.756
v -10.25241 2.241611 0.72
v -10.29673 2.328587 0.756
v -10.29673 2.328587 0.72
v -10.312 2.425 0.756
v -10.312 2.425 0.72
v -10.29673 2.521413 0.756
v -10.29673 2.521413 0.72
v -10.25241 2.608389 0.756
v -10.25241 2.608389 0.72
v -10.18339 2.677413 0.756
v -10.18339 2.677413 0.72
v -10.09641 2.72173 0.756
v -10.09641 2.72173 0.72
v -10 2.737 0.144
v -10 2.737 0.18
v -9.903586 2.72173 0.18
v -9.903586 2.72173 0.144
v -9.816611 2.677413 0.18
v -9.816611 2.677413 0.144
v -9.747586 2.608389 0.18
v -9.747586 2.608389 0.144
v -9.70327 2.521413 0.18
v -9.70327 2.521413 0.144
v -9.688 2.425 0.18
v -9.688 2.425 0.144
v -9.70327 2.328587 0.18
v -9.70327 2.328587 0.144
v -9.747586 2.241611 0.18
v -9.747586 2.241611 0.144
v -9.816611 2.172587 0.18
v -9.816611 2.172587 0.144
v -9.903586 2.12827 0.18
v -9.903586 2.12827 0.144
v -10 2.113 0.18
v -10 2.113 0.144
v -10.09641 2.12827 0.18
v -10.09641 2.12827 0.144
v -10.18339 2.172587 0.18
v -10.18339 2.172587 0.144
v -10.25241 2.241611 0.18
v -10.25241 2.241611 0.144
v -10.29673 2.328587 0.18
v -10.29673 2.328587 0.144
v -10.312 2.425 0.18
v -10.312 2.425 0.144
v -10.29673 2.521413 0.18
v -10.29673 2.521413 0.144
v -10.25241 2.608389 0.18
v -10.25241 2.608389 0.144
v -10.18339 2.677413 0.18
v -10.18339 2.677413 0.144
v -10.09641 2.72173 0.18
v -10.09641 2.72173 0.144
v -9.15 2.725 0
v -9.15 2.725 0.9
v -9.057295 2.710317 0.9
v -9.057295 2.710317 0
v -8.973664 2.667705 0.9
v -8.973664 2.667705 0
v -8.907294 2.601336 0.9
v -8.907294 2.601336 0
v -8.864682 2.517705 0.9
v -8.864682 2.517705 0
v -8.849999 2.425 0.9
v -8.849999 2.425 0
v -8.864682 2.332295 0.9
v -8.864682 2.332295 0
v -8.907294 2.248664 0.9
v -8.907294 2.248664 0
v -8.973664 2.182295 0.9
v -8.973664 2.182295 0
v -9.057295 2.139683 0.9
v -9.057295 2.139683 0
v -9.15 2.125 0.9
v -9.15 2.125 0
v -9.242704 2.139683 0.9
v -9.242704 2.139683 0
v -9.326335 2.182295 0.9
v -9.326335 2.182295 0
v -9.392705 2.248664 0.9
v -9.392705 2.248664 0
v -9.435317 2.332295 0.9
v -9.435317 2.332295 0
v -9.45 2.425 0.9
v -9.45 2.425 0
v -9.435317 2.517705 0.9
v -9.435317 2.517705 0
v -9.392705 2.601336 0.9
v -9.392705 2.601336 0
v -9.326335 2.667705 0.9
v -9.326335 2.667705 0
v -9.242704 2.710317 0.9
v -9.242704 2.710317 0
v -9.15 2.737 0.72
v -9.15 2.737 0.756
v -9.053586 2.72173 0.756
v -9.053586 2.72173 0.72
v -8.966611 2.677413 0.756
v -8.966611 2.677413 0.72
v -8.897586 2.608389 0.756
v -8.897586 2.608389 0.72
v -8.85327 2.521413 0.756
v -8.85327 2.521413 0.72
v -8.837999 2.425 0.756
v -8.837999 2.425 0.72
v -8.85327 2.328587 0.756
v -8.85327 2.328587 0.72
v -8.897586 2.241611 0.756
v -8.897586 2.241611 0.72
v -8.966611 2.172587 0.756
v -8.966611 2.172587 0.72
v -9.053586 2.12827 0.756
v -9.053586 2.12827 0.72
v -9.15 2.113 0.756
v -9.15 2.113 0.72
v -9.246413 2.12827 0.756
v -9.246413 2.12827 0.72
v -9.333388 2.172587 0.756
v -9.333388 2.172587 0.72
v -9.402413 2.241611 0.756
v -9.402413 2.241611 0.72
v -9.44673 2.328587 0.756
v -9.44673 2.328587 0.72
v -9.462 2.425 0.756
v -9.462 2.425 0.72
v -9.44673 2.521413 0.756
v -9.44673 2.521413 0.72
v -9.402413 2.608389 0.756
v -9.402413 2.608389 0.72
v -9.333388 2.677413 0.756
v -9.333388 2.677413 0.72
v -9.246413 2.72173 0.756
v -9.246413 2.72173 0.72
v -9.15 2.737 0.144
v -9.15 2.737 0.18
v -9.053586 2.72173 0.18
v -9.053586 2.72173 0.144
v -8.966611 2.677413 0.18
v -8.966611 2.677413 0.144
v -8.897586 2.608389 0.18
v -8.897586 2.608389 0.144
v -8.85327 2.521413 0.18
v -8.85327 2.521413 0.144
v -8.837999 2.425 0.18
v -8.837999 2.425 0.144
v -8.85327 2.328587 0.18
v -8.85327 2.328587 0.144
v -8.897586 2.241611 0.18
v -8.897586 2.241611 0.144
v -8.966611 2.172587 0.18
v -8.966611 2.172587 0.144
v -9.053586 2.12827 0.18
v -9.053586 2.12827 0.144
v -9.15 2.113 0.18
v -9.15 2.113 0.144
v -9.246413 2.12827 0.18
v -9.246413 2.12827 0.144
v -9.333388 2.172587 0.18
v -9.333388 2.172587 0.144
v -9.402413 2.241611 0.18
v -9.402413 2.241611 0.144
v -9.44673 2.328587 0.18
v -9.44673 2.328587 0.144
v -9.462 2.425 0.18
v -9.462 2.425 0.144
v -9.44673 2.521413 0.18
v -9.44673 2.521413 0.144
v -9.402413 2.608389 0.18
v -9.402413 2.608389 0.144
v -9.333388 2.677413 0.18
v -9.333388 2.677413 0.144
v -9.246413 2.72173 0.18
v -9.246413 2.72173 0.144
v -10.85 2.3 0
v -10.85 2.3 0.9
v -10.7573 2.285317 0.9
v -10.7573 2.285317 0
v -10.67367 2.242705 0.9
v -10.67367 2.242705 0
v -10.6073 2.176336 0.9
v -10.6073 2.176336 0
v -10.56468 2.092705 0.9
v -10.56468 2.092705 0
v -10.55 2 0.9
v -10.55 2 0
v -10.56468 1.907295 0.9
v -10.56468 1.907295 0
v -10.6073 1.823664 0.9
v -10.6073 1.823664 0
v -10.67367 1.757295 0.9
v -10.67367 1.757295 0
v -10.7573 1.714683 0.9
v -10.7573 1.714683 0
v -10.85 1.7 0.9
v -10.85 1.7 0
v -10.94271 1.714683 0.9
v -10.94271 1.714683 0
v -11.02634 1.757295 0.9
v -11.02634 1.757295 0
v -11.09271 1.823664 0.9
v -11.09271 1.823664 0
v -11.13532 1.907295 0.9
v -11.13532 1.907295 0
v -11.15 2 0.9
v -11.15 2 0
v -11.13532 2.092705 0.9
v -11.13532 2.092705 0
v -11.09271 2.176336 0.9
v -11.09271 2.176336 0
v -11.02634 2.242705 0.9
v -11.02634 2.242705 0
v -10.94271 2.285317 0.9
v -10.94271 2.285317 0
v -10.85 2.312 0.72
v -10.85 2.312 0.756
v -10.75359 2.29673 0.756
v -10.75359 2.29673 0.72
v -10.66661 2.252413 0.756
v -10.66661 2.252413 0.72
v -10.59759 2.183389 0.756
v -10.59759 2.183389 0.72
v -10.55327 2.096413 0.756
v -10.55327 2.096413 0.72
v -10.538 2 0.756
v -10.538 2 0.72
v -10.55327 1.903587 0.756
v -10.55327 1.903587 0.72
v -10.59759 1.816611 0.756
v -10.59759 1.816611 0.72
v -10.66661 1.747587 0.756
v -10.66661 1.747587 0.72
v -10.75359 1.70327 0.756
v -10.75359 1.70327 0.72
v -10.85 1.688 0.756
v -10.85 1.688 0.72
v -10.94641 1.70327 0.756
v -10.94641 1.70327 0.72
v -11.03339 1.747587 0.756
v -11.03339 1.747587 0.72
v -11.10241 1.816611 0.756
v -11.10241 1.816611 0.72
v -11.14673 1.903587 0.756
v -11.14673 1.903587 0.72
v -11.162 2 0.756
v -11.162 2 0.72
v -11.14673 2.096413 0.756
v -11.14673 2.096413 0.72
v -11.10241 2.183389 0.756
v -11.10241 2.183389 0.72
v -11.03339 2.252413 0.756
v -11.03339 2.252413 0.72
v -10.94641 2.29673 0.756
v -10.94641 2.29673 0.72
v -10.85 2.312 0.144
v -10.85 2.312 0.18
v -10.75359 2.29673 0.18
v -10.75359 2.29673 0.144
v -10.66661 2.252413 0.18
v -10.66661 2.252413 0.144
v -10.59759 2.183389 0.18
v -10.59759 2.183389 0.144
v -10.55327 2.096413 0.18
v -10.55327 2.096413 0.144
v -10.538 2 0.18
v -10.538 2 0.144
v -10.55327 1.903587 0.18
v -10.55327 1.903587 0.144
v -10.59759 1.816611 0.18
v -10.59759 1.816611 0.144
v -10.66661 1.747587 0.18
v -10.66661 1.747587 0.144
v -10.75359 1.70327 0.18
v -10.75359 1.70327 0.144
v -10.85 1.688 0.18
v -10.85 1.688 0.144
v -10.94641 1.70327 0.18
v -10.94641 1.70327 0.144
v -11.03339 1.747587 0.18
v -11.03339 1.747587 0.144
v -11.10241 1.816611 0.18
v -11.10241 1.816611 0.144
v -11.14673 1.903587 0.18
v -11.14673 1.903587 0.144
v -11.162 2 0.18
v -11.162 2 0.144
v -11.14673 2.096413 0.18
v -11.14673 2.096413 0.144
v -11.10241 2.183389 0.18
v -11.10241 2.183389 0.144
v -11.03339 2.252413 0.18
v -11.03339 2.252413 0.144
v -10.94641 2.29673 0.18
v -10.94641 2.29673 0.144
v -10 2.3 0
v -10 2.3 0.9
v -9.907295 2.285317 0.9
v -9.907295 2.285317 0
v -9.823665 2.242705 0.9
v -9.823665 2.242705 0
v -9.757295 2.176336 0.9
v -9.757295 2.176336 0
v -9.714683 2.092705 0.9
v -9.714683 2.092705 0
v -9.7 2 0.9
v -9.7 2 0
v -9.714683 1.907295 0.9
v -9.714683 1.907295 0
v -9.757295 1.823664 0.9
v -9.757295 1.823664 0
v -9.823665 1.757295 0.9
v -9.823665 1.757295 0
v -9.907295 1.714683 0.9
v -9.907295 1.714683 0
v -10 1.7 0.9
v -10 1.7 0
v -10.0927 1.714683 0.9
v -10.0927 1.714683 0
v -10.17634 1.757295 0.9
v -10.17634 1.757295 0
v -10.24271 1.823664 0.9
v -10.24271 1.823664 0
v -10.28532 1.907295 0.9
v -10.28532 1.907295 0
v -10.3 2 0.9
v -10.3 2 0
v -10.28532 2.092705 0.9
v -10.28532 2.092705 0
v -10.24271 2.176336 0.9
v -10.24271 2.176336 0
v -10.17634 2.242705 0.9
v -10.17634 2.242705 0
v -10.0927 2.285317 0.9
v -10.0927 2.285317 0
v -10 2.312 0.72
v -10 2.312 0.756
v -9.903586 2.29673 0.756
v -9.903586 2.29673 0.72
v -9.816611 2.252413 0.756
v -9.816611 2.252413 0.72
v -9.747586 2.183389 0.756
v -9.747586 2.183389 0.72
v -9.70327 2.096413 0.756
v -9.70327 2.096413 0.72
v -9.688 2 0.756
v -9.688 2 0.72
v -9.70327 1.903587 0.756
v -9.70327 1.903587 0.72
v -9.747586 1.816611 0.756
v -9.747586 1.816611 0.72
v -9.816611 1.747587 0.756
v -9.816611 1.747587 0.72
v -9.903586 1.70327 0.756
v -9.903586 1.70327 0.72
v -10 1.688 0.756
v -10 1.688 0.72
v -10.09641 1.70327 0.756
v -10.09641 1.70327 0.72
v -10.18339 1.747587 0.756
v -10.18339 1.747587 0.72
v -10.25241 1.816611 0.756
v -10.25241 1.816611 0.72
v -10.29673 1.903587 0.756
v -10.29673 1.903587 0.72
v -10.312 2 0.756
v -10.312 2 0.72
v -10.29673 2.096413 0.756
v -10.29673 2.096413 0.72
v -10.25241 2.183389 0.756
v -10.25241 2.183389 0.72
v -10.18339 2.252413 0.756
v -10.18339 2.252413 0.72
v -10.09641 2.29673 0.756
v -10.09641 2.29673 0.72
v -10 2.312 0.144
v -10 2.312 0.18
v -9.903586 2.29673 0.18
v -9.903586 2.29673 0.144
v -9.816611 2.252413 0.18
v -9.816611 2.252413 0.144
v -9.747586 2.183389 0.18
v -9.747586 2.183389 0.144
v -9.70327 2.096413 0.18
v -9.70327 2.096413 0.144
v -9.688 2 0.18
v -9.688 2 0.144
v -9.70327 1.903587 0.18
v -9.70327 1.903587 0.144
v -9.747586 1.816611 0.18
v -9.747586 1.816611 0.144
v -9.816611 1.747587 0.18
v -9.816611 1.747587 0.144
v -9.903586 1.70327 0.18
v -9.903586 1.70327 0.144
v -10 1.688 0.18
v -10 1.688 0.144
v -10.09641 1.70327 0.18
v -10.09641 1.70327 0.144
v -10.18339 1.747587 0.18
v -10.18339 1.747587 0.144
v -10.25241 1.816611 0.18
v -10.25241 1.816611 0.144
v -10.29673 1.903587 0.18
v -10.29673 1.903587 0.144
v -10.312 2 0.18
v -10.312 2 0.144
v -10.29673 2.096413 0.18
v -10.29673 2.096413 0.144
v -10.25241 2.183389 0.18
v -10.25241 2.183389 0.144
v -10.18339 2.252413 0.18
v -10.18339 2.252413 0.144
v -10.09641 2.29673 0.18
v -10.09641 2.29673 0.144
v -9.15 2.3 0
v -9.15 2.3 0.9
v -9.057295 2.285317 0.9
v -9.057295 2.285317 0
v -8.973664 2.242705 0.9
v -8.973664 2.242705 0
v -8.907294 2.176336 0.9
v -8.907294 2.176336 0
v -8.864682 2.092705 0.9
v -8.864682 2.092705 0
v -8.849999 2 0.9
v -8.849999 2 0
v -8.864682 1.907295 0.9
v -8.864682 1.907295 0
v -8.907294 1.823664 0.9
v -8.907294 1.823664 0
v -8.973664 1.757295 0.9
v -8.973664 1.757295 0
v -9.057295 1.714683 0.9
v -9.057295 1.714683 0
v -9.15 1.7 0.9
v -9.15 1.7 0
v -9.242704 1.714683 0.9
v -9.242704 1.714683 0
v -9.326335 1.757295 0.9
v -9.326335 1.757295 0
v -9.392705 1.823664 0.9
v -9.392705 1.823664 0
v -9.435317 1.907295 0.9
v -9.435317 1.907295 0
v -9.45 2 0.9
v -9.45 2 0
v -9.435317 2.092705 0.9
v -9.435317 2.092705 0
v -9.392705 2.176336 0.9
v -9.392705 2.176336 0
v -9.326335 2.242705 0.9
v -9.326335 2.242705 0
v -9.242704 2.285317 0.9
v -9.242704 2.285317 0
v -9.15 2.312 0.72
v -9.15 2.312 0.756
v -9.053586 2.29673 0.756
v -9.053586 2.29673 0.72
v -8.966611 2.252413 0.756
v -8.966611 2.252413 0.72
v -8.897586 2.183389 0.756
v -8.897586 2.183389 0.72
v -8.85327 2.096413 0.756
v -8.85327 2.096413 0.72
v -8.837999 2 0.756
v -8.837999 2 0.72
v -8.85327 1.903587 0.756
v -8.85327 1.903587 0.72
v -8.897586 1.816611 0.756
v -8.897586 1.816611 0.72
v -8.966611 1.747587 0.756
v -8.966611 1.747587 0.72
v -9.053586 1.70327 0.756
v -9.053586 1.70327 0.72
v -9.15 1.688 0.756
v -9.15 1.688 0.72
v -9.246413 1.70327 0.756
v -9.246413 1.70327 0.72
v -9.333388 1.747587 0.756
v -9.333388 1.747587 0.72
v -9.402413 1.816611 0.756
v -9.402413 1.816611 0.72
v -9.44673 1.903587 0.756
v -9.44673 1.903587 0.72
v -9.462 2 0.756
v -9.462 2 0.72
v -9.44673 2.096413 0.756
v -9.44673 2.096413 0.72
v -9.402413 2.183389 0.756
v -9.402413 2.183389 0.72
v -9.333388 2.252413 0.756
v -9.333388 2.252413 0.72
v -9.246413 2.29673 0.756
v -9.246413 2.29673 0.72
v -9.15 2.312 0.144
v -9.15 2.312 0.18
v -9.053586 2.29673 0.18
v -9.053586 2.29673 0.144
v -8.966611 2.252413 0.18
v -8.966611 2.252413 0.144
v -8.897586 2.183389 0.18
v -8.897586 2.183389 0.144
v -8.85327 2.096413 0.18
v -8.85327 2.096413 0.144
v -8.837999 2 0.18
v -8.837999 2 0.144
v -8.85327 1.903587 0.18
v -8.85327 1.903587 0.144
v -8.897586 1.816611 0.18
v -8.897586 1.816611 0.144
v -8.966611 1.747587 0.18
v -8.966611 1.747587 0.144
v -9.053586 1.70327 0.18
v -9.053586 1.70327 0.144
v -9.15 1.688 0.18
v -9.15 1.688 0.144
v -9.246413 1.70327 0.18
v -9.246413 1.70327 0.144
v -9.333388 1.747587 0.18
v -9.333388 1.747587 0.144
v -9.402413 1.816611 0.18
v -9.402413 1.816611 0.144
v -9.44673 1.903587 0.18
v -9.44673 1.903587 0.144
v -9.462 2 0.18
v -9.462 2 0.144
v -9.44673 2.096413 0.18
v -9.44673 2.096413 0.144
v -9.402413 2.183389 0.18
v -9.402413 2.183389 0.144
v -9.333388 2.252413 0.18
v -9.333388 2.252413 0.144
v -9.246413 2.29673 0.18
v -9.246413 2.29673 0.144
v -6.34176 -8.763135 0.39
v -6.34176 -8.763135 0.61
v -6.370665 -8.755106 0.61
v -6.370665 -8.755106 0.39
v -6.35996 -8.716565 0.61
v -6.35996 -8.716565 0.39
v -6.331054 -8.724594 0.61
v -6.331054 -8.724594 0.39
v -5.845548 -8.900971 0.705
v -5.845548 -8.900971 0.735
v -6.327307 -8.76715 0.735
v -6.327307 -8.76715 0.705
v -6.324095 -8.755588 0.735
v -6.324095 -8.755588 0.705
v -5.842336 -8.889409 0.735
v -5.842336 -8.889409 0.705
v -5.845548 -8.900971 0.615
v -5.845548 -8.900971 0.645
v -6.327307 -8.76715 0.645
v -6.327307 -8.76715 0.615
v -6.324095 -8.755588 0.645
v -6.324095 -8.755588 0.615
v -5.842336 -8.889409 0.645
v -5.842336 -8.889409 0.615
v -5.845548 -8.900971 0.525
v -5.845548 -8.900971 0.555
v -6.327307 -8.76715 0.555
v -6.327307 -8.76715 0.525
v -6.324095 -8.755588 0.555
v -6.324095 -8.755588 0.525
v -5.842336 -8.889409 0.555
v -5.842336 -8.889409 0.525
v -5.993823 -7.510562 0.39
v -5.993823 -7.510562 0.61
v -6.022728 -7.502533 0.61
v -6.022728 -7.502533 0.39
v -6.012023 -7.463992 0.61
v -6.012023 -7.463992 0.39
v -5.983118 -7.472021 0.61
v -5.983118 -7.472021 0.39
v -5.497611 -7.648398 0.705
v -5.497611 -7.648398 0.735
v -5.97937 -7.514576 0.735
v -5.97937 -7.514576 0.705
v -5.976158 -7.503015 0.735
v -5.976158 -7.503015 0.705
v -5.494399 -7.636837 0.735
v -5.494399 -7.636837 0.705
v -5.497611 -7.648398 0.615
v -5.497611 -7.648398 0.645
v -5.97937 -7.514576 0.645
v -5.97937 -7.514576 0.615
v -5.976158 -7.503015 0.645
v -5.976158 -7.503015 0.615
v -5.494399 -7.636837 0.645
v -5.494399 -7.636837 0.615
v -5.497611 -7.648398 0.525
v -5.497611 -7.648398 0.555
v -5.97937 -7.514576 0.555
v -5.97937 -7.514576 0.525
v -5.976158 -7.503015 0.555
v -5.976158 -7.503015 0.525
v -5.494399 -7.636837 0.555
v -5.494399 -7.636837 0.525
v -5.645885 -6.257989 0.39
v -5.645885 -6.257989 0.61
v -5.674791 -6.24996 0.61
v -5.674791 -6.24996 0.39
v -5.664085 -6.211419 0.61
v -5.664085 -6.211419 0.39
v -5.63518 -6.219448 0.61
v -5.63518 -6.219448 0.39
v -5.149674 -6.395825 0.705
v -5.149674 -6.395825 0.735
v -5.631433 -6.262003 0.735
v -5.631433 -6.262003 0.705
v -5.628221 -6.250442 0.735
v -5.628221 -6.250442 0.705
v -5.146462 -6.384264 0.735
v -5.146462 -6.384264 0.705
v -5.149674 -6.395825 0.615
v -5.149674 -6.395825 0.645
v -5.631433 -6.262003 0.645
v -5.631433 -6.262003 0.615
v -5.628221 -6.250442 0.645
v -5.628221 -6.250442 0.615
v -5.146462 -6.384264 0.645
v -5.146462 -6.384264 0.615
v -5.149674 -6.395825 0.525
v -5.149674 -6.395825 0.555
v -5.631433 -6.262003 0.555
v -5.631433 -6.262003 0.525
v -5.628221 -6.250442 0.555
v -5.628221 -6.250442 0.525
v -5.146462 -6.384264 0.555
v -5.146462 -6.384264 0.525
v -10.85 1.89636 0.201
v -10.85 1.89636 0.231
v -10.75069 1.880632 0.231
v -10.75069 1.880632 0.201
v -10.66111 1.834986 0.231
v -10.66111 1.834986 0.201
v -10.59001 1.763891 0.231
v -10.59001 1.763891 0.201
v -10.54437 1.674306 0.231
v -10.54437 1.674306 0.201
v -10.52864 1.575 0.231
v -10.52864 1.575 0.201
v -10.54437 1.475694 0.231
v -10.54437 1.475694 0.201
v -10.59001 1.386109 0.231
v -10.59001 1.386109 0.201
v -10.66111 1.315014 0.231
v -10.66111 1.315014 0.201
v -10.75069 1.269368 0.231
v -10.75069 1.269368 0.201
v -10.85 1.25364 0.231
v -10.85 1.25364 0.201
v -10.94931 1.269368 0.231
v -10.94931 1.269368 0.201
v -11.03889 1.315014 0.231
v -11.03889 1.315014 0.201
v -11.10999 1.386109 0.231
v -11.10999 1.386109 0.201
v -11.15563 1.475694 0.231
v -11.15563 1.475694 0.201
v -11.17136 1.575 0.231
v -11.17136 1.575 0.201
v -11.15563 1.674306 0.231
v -11.15563 1.674306 0.201
v -11.10999 1.763891 0.231
v -11.10999 1.763891 0.201
v -11.03889 1.834986 0.231
v -11.03889 1.834986 0.201
v -10.94931 1.880632 0.231
v -10.94931 1.880632 0.201
v -10.85 1.89636 0.435
v -10.85 1.89636 0.465
v -10.75069 1.880632 0.465
v -10.75069 1.880632 0.435
v -10.66111 1.834986 0.465
v -10.66111 1.834986 0.435
v -10.59001 1.763891 0.465
v -10.59001 1.763891 0.435
v -10.54437 1.674306 0.465
v -10.54437 1.674306 0.435
v -10.52864 1.575 0.465
v -10.52864 1.575 0.435
v -10.54437 1.475694 0.465
v -10.54437 1.475694 0.435
v -10.59001 1.386109 0.465
v -10.59001 1.386109 0.435
v -10.66111 1.315014 0.465
v -10.66111 1.315014 0.435
v -10.75069 1.269368 0.465
v -10.75069 1.269368 0.435
v -10.85 1.25364 0.465
v -10.85 1.25364 0.435
v -10.94931 1.269368 0.465
v -10.94931 1.269368 0.435
v -11.03889 1.315014 0.465
v -11.03889 1.315014 0.435
v -11.10999 1.386109 0.465
v -11.10999 1.386109 0.435
v -11.15563 1.475694 0.465
v -11.15563 1.475694 0.435
v -11.17136 1.575 0.465
v -11.17136 1.575 0.435
v -11.15563 1.674306 0.465
v -11.15563 1.674306 0.435
v -11.10999 1.763891 0.465
v -11.10999 1.763891 0.435
v -11.03889 1.834986 0.465
v -11.03889 1.834986 0.435
v -10.94931 1.880632 0.465
v -10.94931 1.880632 0.435
v -10.85 1.89636 0.669
v -10.85 1.89636 0.6989999
v -10.75069 1.880632 0.6989999
v -10.75069 1.880632 0.669
v -10.66111 1.834986 0.6989999
v -10.66111 1.834986 0.669
v -10.59001 1.763891 0.6989999
v -10.59001 1.763891 0.669
v -10.54437 1.674306 0.6989999
v -10.54437 1.674306 0.669
v -10.52864 1.575 0.6989999
v -10.52864 1.575 0.669
v -10.54437 1.475694 0.6989999
v -10.54437 1.475694 0.669
v -10.59001 1.386109 0.6989999
v -10.59001 1.386109 0.669
v -10.66111 1.315014 0.6989999
v -10.66111 1.315014 0.669
v -10.75069 1.269368 0.6989999
v -10.75069 1.269368 0.669
v -10.85 1.25364 0.6989999
v -10.85 1.25364 0.669
v -10.94931 1.269368 0.6989999
v -10.94931 1.269368 0.669
v -11.03889 1.315014 0.6989999
v -11.03889 1.315014 0.669
v -11.10999 1.386109 0.6989999
v -11.10999 1.386109 0.669
v -11.15563 1.475694 0.6989999
v -11.15563 1.475694 0.669
v -11.17136 1.575 0.6989999
v -11.17136 1.575 0.669
v -11.15563 1.674306 0.6989999
v -11.15563 1.674306 0.669
v -11.10999 1.763891 0.6989999
v -11.10999 1.763891 0.669
v -11.03889 1.834986 0.6989999
v -11.03889 1.834986 0.669
v -10.94931 1.880632 0.6989999
v -10.94931 1.880632 0.669
v -10.7252 1.62 0.897
v -10.7252 1.62 0.927
v -10.7113 1.617798 0.927
v -10.7113 1.617798 0.897
v -10.69875 1.611406 0.927
v -10.69875 1.611406 0.897
v -10.6888 1.60145 0.927
v -10.6888 1.60145 0.897
v -10.6824 1.588906 0.927
v -10.6824 1.588906 0.897
v -10.6802 1.575 0.927
v -10.6802 1.575 0.897
v -10.6824 1.561094 0.927
v -10.6824 1.561094 0.897
v -10.6888 1.54855 0.927
v -10.6888 1.54855 0.897
v -10.69875 1.538594 0.927
v -10.69875 1.538594 0.897
v -10.7113 1.532202 0.927
v -10.7113 1.532202 0.897
v -10.7252 1.53 0.927
v -10.7252 1.53 0.897
v -10.73911 1.532202 0.927
v -10.73911 1.532202 0.897
v -10.75165 1.538594 0.927
v -10.75165 1.538594 0.897
v -10.76161 1.54855 0.927
v -10.76161 1.54855 0.897
v -10.768 1.561094 0.927
v -10.768 1.561094 0.897
v -10.7702 1.575 0.927
v -10.7702 1.575 0.897
v -10.768 1.588906 0.927
v -10.768 1.588906 0.897
v -10.76161 1.60145 0.927
v -10.76161 1.60145 0.897
v -10.75165 1.611406 0.927
v -10.75165 1.611406 0.897
v -10.73911 1.617798 0.927
v -10.73911 1.617798 0.897
v -10.9592 1.685 0.8979999
v -10.9592 1.685 0.922
v -10.94931 1.683434 0.922
v -10.94931 1.683434 0.8979999
v -10.94039 1.678889 0.922
v -10.94039 1.678889 0.8979999
v -10.93331 1.671809 0.922
v -10.93331 1.671809 0.8979999
v -10.92877 1.662889 0.922
v -10.92877 1.662889 0.8979999
v -10.9272 1.653 0.922
v -10.9272 1.653 0.8979999
v -10.92877 1.643112 0.922
v -10.92877 1.643112 0.8979999
v -10.93331 1.634191 0.922
v -10.93331 1.634191 0.8979999
v -10.94039 1.627112 0.922
v -10.94039 1.627112 0.8979999
v -10.94931 1.622566 0.922
v -10.94931 1.622566 0.8979999
v -10.9592 1.621 0.922
v -10.9592 1.621 0.8979999
v -10.96909 1.622566 0.922
v -10.96909 1.622566 0.8979999
v -10.97801 1.627112 0.922
v -10.97801 1.627112 0.8979999
v -10.98509 1.634191 0.922
v -10.98509 1.634191 0.8979999
v -10.98963 1.643112 0.922
v -10.98963 1.643112 0.8979999
v -10.9912 1.653 0.922
v -10.9912 1.653 0.8979999
v -10.98963 1.662889 0.922
v -10.98963 1.662889 0.8979999
v -10.98509 1.671809 0.922
v -10.98509 1.671809 0.8979999
v -10.97801 1.678889 0.922
v -10.97801 1.678889 0.8979999
v -10.96909 1.683434 0.922
v -10.96909 1.683434 0.8979999
v -10 1.89636 0.201
v -10 1.89636 0.231
v -9.900694 1.880632 0.231
v -9.900694 1.880632 0.201
v -9.81111 1.834986 0.231
v -9.81111 1.834986 0.201
v -9.740014 1.763891 0.231
v -9.740014 1.763891 0.201
v -9.694368 1.674306 0.231
v -9.694368 1.674306 0.201
v -9.67864 1.575 0.231
v -9.67864 1.575 0.201
v -9.694368 1.475694 0.231
v -9.694368 1.475694 0.201
v -9.740014 1.386109 0.231
v -9.740014 1.386109 0.201
v -9.81111 1.315014 0.231
v -9.81111 1.315014 0.201
v -9.900694 1.269368 0.231
v -9.900694 1.269368 0.201
v -10 1.25364 0.231
v -10 1.25364 0.201
v -10.09931 1.269368 0.231
v -10.09931 1.269368 0.201
v -10.18889 1.315014 0.231
v -10.18889 1.315014 0.201
v -10.25999 1.386109 0.231
v -10.25999 1.386109 0.201
v -10.30563 1.475694 0.231
v -10.30563 1.475694 0.201
v -10.32136 1.575 0.231
v -10.32136 1.575 0.201
v -10.30563 1.674306 0.231
v -10.30563 1.674306 0.201
v -10.25999 1.763891 0.231
v -10.25999 1.763891 0.201
v -10.18889 1.834986 0.231
v -10.18889 1.834986 0.201
v -10.09931 1.880632 0.231
v -10.09931 1.880632 0.201
v -10 1.89636 0.435
v -10 1.89636 0.465
v -9.900694 1.880632 0.465
v -9.900694 1.880632 0.435
v -9.81111 1.834986 0.465
v -9.81111 1.834986 0.435
v -9.740014 1.763891 0.465
v -9.740014 1.763891 0.435
v -9.694368 1.674306 0.465
v -9.694368 1.674306 0.435
v -9.67864 1.575 0.465
v -9.67864 1.575 0.435
v -9.694368 1.475694 0.465
v -9.694368 1.475694 0.435
v -9.740014 1.386109 0.465
v -9.740014 1.386109 0.435
v -9.81111 1.315014 0.465
v -9.81111 1.315014 0.435
v -9.900694 1.269368 0.465
v -9.900694 1.269368 0.435
v -10 1.25364 0.465
v -10 1.25364 0.435
v -10.09931 1.269368 0.465
v -10.09931 1.269368 0.435
v -10.18889 1.315014 0.465
v -10.18889 1.315014 0.435
v -10.25999 1.386109 0.465
v -10.25999 1.386109 0.435
v -10.30563 1.475694 0.465
v -10.30563 1.475694 0.435
v -10.32136 1.575 0.465
v -10.32136 1.575 0.435
v -10.30563 1.674306 0.465
v -10.30563 1.674306 0.435
v -10.25999 1.763891 0.465
v -10.25999 1.763891 0.435
v -10.18889 1.834986 0.465
v -10.18889 1.834986 0.435
v -10.09931 1.880632 0.465
v -10.09931 1.880632 0.435
v -10 1.89636 0.669
v -10 1.89636 0.6989999
v -9.900694 1.880632 0.6989999
v -9.900694 1.880632 0.669
v -9.81111 1.834986 0.6989999
v -9.81111 1.834986 0.669
v -9.740014 1.763891 0.6989999
v -9.740014 1.763891 0.669
v -9.694368 1.674306 0.6989999
v -9.694368 1.674306 0.669
v -9.67864 1.575 0.6989999
v -9.67864 1.575 0.669
v -9.694368 1.475694 0.6989999
v -9.694368 1.475694 0.669
v -9.740014 1.386109 0.6989999
v -9.740014 1.386109 0.669
v -9.81111 1.315014 0.6989999
v -9.81111 1.315014 0.669
v -9.900694 1.269368 0.6989999
v -9.900694 1.269368 0.669
v -10 1.25364 0.6989999
v -10 1.25364 0.669
v -10.09931 1.269368 0.6989999
v -10.09931 1.269368 0.669
v -10.18889 1.315014 0.6989999
v -10.18889 1.315014 0.669
v -10.25999 1.386109 0.6989999
v -10.25999 1.386109 0.669
v -10.30563 1.475694 0.6989999
v -10.30563 1.475694 0.669
v -10.32136 1.575 0.6989999
v -10.32136 1.575 0.669
v -10.30563 1.674306 0.6989999
v -10.30563 1.674306 0.669
v -10.25999 1.763891 0.6989999
v -10.25999 1.763891 0.669
v -10.18889 1.834986 0.6989999
v -10.18889 1.834986 0.669
v -10.09931 1.880632 0.6989999
v -10.09931 1.880632 0.669
v -9.8752 1.62 0.897
v -9.8752 1.62 0.927
v -9.861295 1.617798 0.927
v -9.861295 1.617798 0.897
v -9.84875 1.611406 0.927
v -9.84875 1.611406 0.897
v -9.838795 1.60145 0.927
v -9.838795 1.60145 0.897
v -9.832403 1.588906 0.927
v -9.832403 1.588906 0.897
v -9.8302 1.575 0.927
v -9.8302 1.575 0.897
v -9.832403 1.561094 0.927
v -9.832403 1.561094 0.897
v -9.838795 1.54855 0.927
v -9.838795 1.54855 0.897
v -9.84875 1.538594 0.927
v -9.84875 1.538594 0.897
v -9.861295 1.532202 0.927
v -9.861295 1.532202 0.897
v -9.8752 1.53 0.927
v -9.8752 1.53 0.897
v -9.889106 1.532202 0.927
v -9.889106 1.532202 0.897
v -9.90165 1.538594 0.927
v -9.90165 1.538594 0.897
v -9.911606 1.54855 0.927
v -9.911606 1.54855 0.897
v -9.917997 1.561094 0.927
v -9.917997 1.561094 0.897
v -9.9202 1.575 0.927
v -9.9202 1.575 0.897
v -9.917997 1.588906 0.927
v -9.917997 1.588906 0.897
v -9.911606 1.60145 0.927
v -9.911606 1.60145 0.897
v -9.90165 1.611406 0.927
v -9.90165 1.611406 0.897
v -9.889106 1.617798 0.927
v -9.889106 1.617798 0.897
v -10.1092 1.685 0.8979999
v -10.1092 1.685 0.922
v -10.09931 1.683434 0.922
v -10.09931 1.683434 0.8979999
v -10.09039 1.678889 0.922
v -10.09039 1.678889 0.8979999
v -10.08331 1.671809 0.922
v -10.08331 1.671809 0.8979999
v -10.07877 1.662889 0.922
v -10.07877 1.662889 0.8979999
v -10.0772 1.653 0.922
v -10.0772 1.653 0.8979999
v -10.07877 1.643112 0.922
v -10.07877 1.643112 0.8979999
v -10.08331 1.634191 0.922
v -10.08331 1.634191 0.8979999
v -10.09039 1.627112 0.922
v -10.09039 1.627112 0.8979999
v -10.09931 1.622566 0.922
v -10.09931 1.622566 0.8979999
v -10.1092 1.621 0.922
v -10.1092 1.621 0.8979999
v -10.11909 1.622566 0.922
v -10.11909 1.622566 0.8979999
v -10.12801 1.627112 0.922
v -10.12801 1.627112 0.8979999
v -10.13509 1.634191 0.922
v -10.13509 1.634191 0.8979999
v -10.13963 1.643112 0.922
v -10.13963 1.643112 0.8979999
v -10.1412 1.653 0.922
v -10.1412 1.653 0.8979999
v -10.13963 1.662889 0.922
v -10.13963 1.662889 0.8979999
v -10.13509 1.671809 0.922
v -10.13509 1.671809 0.8979999
v -10.12801 1.678889 0.922
v -10.12801 1.678889 0.8979999
v -10.11909 1.683434 0.922
v -10.11909 1.683434 0.8979999
v -9.15 1.89636 0.201
v -9.15 1.89636 0.231
v -9.050694 1.880632 0.231
v -9.050694 1.880632 0.201
v -8.961109 1.834986 0.231
v -8.961109 1.834986 0.201
v -8.890014 1.763891 0.231
v -8.890014 1.763891 0.201
v -8.844368 1.674306 0.231
v -8.844368 1.674306 0.201
v -8.82864 1.575 0.231
v -8.82864 1.575 0.201
v -8.844368 1.475694 0.231
v -8.844368 1.475694 0.201
v -8.890014 1.386109 0.231
v -8.890014 1.386109 0.201
v -8.961109 1.315014 0.231
v -8.961109 1.315014 0.201
v -9.050694 1.269368 0.231
v -9.050694 1.269368 0.201
v -9.15 1.25364 0.231
v -9.15 1.25364 0.201
v -9.249306 1.269368 0.231
v -9.249306 1.269368 0.201
v -9.33889 1.315014 0.231
v -9.33889 1.315014 0.201
v -9.409986 1.386109 0.231
v -9.409986 1.386109 0.201
v -9.455631 1.475694 0.231
v -9.455631 1.475694 0.201
v -9.471359 1.575 0.231
v -9.471359 1.575 0.201
v -9.455631 1.674306 0.231
v -9.455631 1.674306 0.201
v -9.409986 1.763891 0.231
v -9.409986 1.763891 0.201
v -9.33889 1.834986 0.231
v -9.33889 1.834986 0.201
v -9.249306 1.880632 0.231
v -9.249306 1.880632 0.201
v -9.15 1.89636 0.435
v -9.15 1.89636 0.465
v -9.050694 1.880632 0.465
v -9.050694 1.880632 0.435
v -8.961109 1.834986 0.465
v -8.961109 1.834986 0.435
v -8.890014 1.763891 0.465
v -8.890014 1.763891 0.435
v -8.844368 1.674306 0.465
v -8.844368 1.674306 0.435
v -8.82864 1.575 0.465
v -8.82864 1.575 0.435
v -8.844368 1.475694 0.465
v -8.844368 1.475694 0.435
v -8.890014 1.386109 0.465
v -8.890014 1.386109 0.435
v -8.961109 1.315014 0.465
v -8.961109 1.315014 0.435
v -9.050694 1.269368 0.465
v -9.050694 1.269368 0.435
v -9.15 1.25364 0.465
v -9.15 1.25364 0.435
v -9.249306 1.269368 0.465
v -9.249306 1.269368 0.435
v -9.33889 1.315014 0.465
v -9.33889 1.315014 0.435
v -9.409986 1.386109 0.465
v -9.409986 1.386109 0.435
v -9.455631 1.475694 0.465
v -9.455631 1.475694 0.435
v -9.471359 1.575 0.465
v -9.471359 1.575 0.435
v -9.455631 1.674306 0.465
v -9.455631 1.674306 0.435
v -9.409986 1.763891 0.465
v -9.409986 1.763891 0.435
v -9.33889 1.834986 0.465
v -9.33889 1.834986 0.435
v -9.249306 1.880632 0.465
v -9.249306 1.880632 0.435
v -9.15 1.89636 0.669
v -9.15 1.89636 0.6989999
v -9.050694 1.880632 0.6989999
v -9.050694 1.880632 0.669
v -8.961109 1.834986 0.6989999
v -8.961109 1.834986 0.669
v -8.890014 1.763891 0.6989999
v -8.890014 1.763891 0.669
v -8.844368 1.674306 0.6989999
v -8.844368 1.674306 0.669
v -8.82864 1.575 0.6989999
v -8.82864 1.575 0.669
v -8.844368 1.475694 0.6989999
v -8.844368 1.475694 0.669
v -8.890014 1.386109 0.6989999
v -8.890014 1.386109 0.669
v -8.961109 1.315014 0.6989999
v -8.961109 1.315014 0.669
v -9.050694 1.269368 0.6989999
v -9.050694 1.269368 0.669
v -9.15 1.25364 0.6989999
v -9.15 1.25364 0.669
v -9.249306 1.269368 0.6989999
v -9.249306 1.269368 0.669
v -9.33889 1.315014 0.6989999
v -9.33889 1.315014 0.669
v -9.409986 1.386109 0.6989999
v -9.409986 1.386109 0.669
v -9.455631 1.475694 0.6989999
v -9.455631 1.475694 0.669
v -9.471359 1.575 0.6989999
v -9.471359 1.575 0.669
v -9.455631 1.674306 0.6989999
v -9.455631 1.674306 0.669
v -9.409986 1.763891 0.6989999
v -9.409986 1.763891 0.669
v -9.33889 1.834986 0.6989999
v -9.33889 1.834986 0.669
v -9.249306 1.880632 0.6989999
v -9.249306 1.880632 0.669
v -9.0252 1.62 0.897
v -9.0252 1.62 0.927
v -9.011294 1.617798 0.927
v -9.011294 1.617798 0.897
v -8.99875 1.611406 0.927
v -8.99875 1.611406 0.897
v -8.988794 1.60145 0.927
v -8.988794 1.60145 0.897
v -8.982403 1.588906 0.927
v -8.982403 1.588906 0.897
v -8.9802 1.575 0.927
v -8.9802 1.575 0.897
v -8.982403 1.561094 0.927
v -8.982403 1.561094 0.897
v -8.988794 1.54855 0.927
v -8.988794 1.54855 0.897
v -8.99875 1.538594 0.927
v -8.99875 1.538594 0.897
v -9.011294 1.532202 0.927
v -9.011294 1.532202 0.897
v -9.0252 1.53 0.927
v -9.0252 1.53 0.897
v -9.039105 1.532202 0.927
v -9.039105 1.532202 0.897
v -9.05165 1.538594 0.927
v -9.05165 1.538594 0.897
v -9.061605 1.54855 0.927
v -9.061605 1.54855 0.897
v -9.067997 1.561094 0.927
v -9.067997 1.561094 0.897
v -9.0702 1.575 0.927
v -9.0702 1.575 0.897
v -9.067997 1.588906 0.927
v -9.067997 1.588906 0.897
v -9.061605 1.60145 0.927
v -9.061605 1.60145 0.897
v -9.05165 1.611406 0.927
v -9.05165 1.611406 0.897
v -9.039105 1.617798 0.927
v -9.039105 1.617798 0.897
v -9.2592 1.685 0.8979999
v -9.2592 1.685 0.922
v -9.249311 1.683434 0.922
v -9.249311 1.683434 0.8979999
v -9.240391 1.678889 0.922
v -9.240391 1.678889 0.8979999
v -9.233312 1.671809 0.922
v -9.233312 1.671809 0.8979999
v -9.228766 1.662889 0.922
v -9.228766 1.662889 0.8979999
v -9.227201 1.653 0.922
v -9.227201 1.653 0.8979999
v -9.228766 1.643112 0.922
v -9.228766 1.643112 0.8979999
v -9.233312 1.634191 0.922
v -9.233312 1.634191 0.8979999
v -9.240391 1.627112 0.922
v -9.240391 1.627112 0.8979999
v -9.249311 1.622566 0.922
v -9.249311 1.622566 0.8979999
v -9.2592 1.621 0.922
v -9.2592 1.621 0.8979999
v -9.269089 1.622566 0.922
v -9.269089 1.622566 0.8979999
v -9.278009 1.627112 0.922
v -9.278009 1.627112 0.8979999
v -9.285089 1.634191 0.922
v -9.285089 1.634191 0.8979999
v -9.289634 1.643112 0.922
v -9.289634 1.643112 0.8979999
v -9.2912 1.653 0.922
v -9.2912 1.653 0.8979999
v -9.289634 1.662889 0.922
v -9.289634 1.662889 0.8979999
v -9.285089 1.671809 0.922
v -9.285089 1.671809 0.8979999
v -9.278009 1.678889 0.922
v -9.278009 1.678889 0.8979999
v -9.269089 1.683434 0.922
v -9.269089 1.683434 0.8979999
v -10.85 2.74636 0.201
v -10.85 2.74636 0.231
v -10.75069 2.730632 0.231
v -10.75069 2.730632 0.201
v -10.66111 2.684986 0.231
v -10.66111 2.684986 0.201
v -10.59001 2.613891 0.231
v -10.59001 2.613891 0.201
v -10.54437 2.524306 0.231
v -10.54437 2.524306 0.201
v -10.52864 2.425 0.231
v -10.52864 2.425 0.201
v -10.54437 2.325694 0.231
v -10.54437 2.325694 0.201
v -10.59001 2.236109 0.231
v -10.59001 2.236109 0.201
v -10.66111 2.165014 0.231
v -10.66111 2.165014 0.201
v -10.75069 2.119368 0.231
v -10.75069 2.119368 0.201
v -10.85 2.10364 0.231
v -10.85 2.10364 0.201
v -10.94931 2.119368 0.231
v -10.94931 2.119368 0.201
v -11.03889 2.165014 0.231
v -11.03889 2.165014 0.201
v -11.10999 2.236109 0.231
v -11.10999 2.236109 0.201
v -11.15563 2.325694 0.231
v -11.15563 2.325694 0.201
v -11.17136 2.425 0.231
v -11.17136 2.425 0.201
v -11.15563 2.524306 0.231
v -11.15563 2.524306 0.201
v -11.10999 2.613891 0.231
v -11.10999 2.613891 0.201
v -11.03889 2.684986 0.231
v -11.03889 2.684986 0.201
v -10.94931 2.730632 0.231
v -10.94931 2.730632 0.201
v -10.85 2.74636 0.435
v -10.85 2.74636 0.465
v -10.75069 2.730632 0.465
v -10.75069 2.730632 0.435
v -10.66111 2.684986 0.465
v -10.66111 2.684986 0.435
v -10.59001 2.613891 0.465
v -10.59001 2.613891 0.435
v -10.54437 2.524306 0.465
v -10.54437 2.524306 0.435
v -10.52864 2.425 0.465
v -10.52864 2.425 0.435
v -10.54437 2.325694 0.465
v -10.54437 2.325694 0.435
v -10.59001 2.236109 0.465
v -10.59001 2.236109 0.435
v -10.66111 2.165014 0.465
v -10.66111 2.165014 0.435
v -10.75069 2.119368 0.465
v -10.75069 2.119368 0.435
v -10.85 2.10364 0.465
v -10.85 2.10364 0.435
v -10.94931 2.119368 0.465
v -10.94931 2.119368 0.435
v -11.03889 2.165014 0.465
v -11.03889 2.165014 0.435
v -11.10999 2.236109 0.465
v -11.10999 2.236109 0.435
v -11.15563 2.325694 0.465
v -11.15563 2.325694 0.435
v -11.17136 2.425 0.465
v -11.17136 2.425 0.435
v -11.15563 2.524306 0.465
v -11.15563 2.524306 0.435
v -11.10999 2.613891 0.465
v -11.10999 2.613891 0.435
v -11.03889 2.684986 0.465
v -11.03889 2.684986 0.435
v -10.94931 2.730632 0.465
v -10.94931 2.730632 0.435
v -10.85 2.74636 0.669
v -10.85 2.74636 0.6989999
v -10.75069 2.730632 0.6989999
v -10.75069 2.730632 0.669
v -10.66111 2.684986 0.6989999
v -10.66111 2.684986 0.669
v -10.59001 2.613891 0.6989999
v -10.59001 2.613891 0.669
v -10.54437 2.524306 0.6989999
v -10.54437 2.524306 0.669
v -10.52864 2.425 0.6989999
v -10.52864 2.425 0.669
v -10.54437 2.325694 0.6989999
v -10.54437 2.325694 0.669
v -10.59001 2.236109 0.6989999
v -10.59001 2.236109 0.669
v -10.66111 2.165014 0.6989999
v -10.66111 2.165014 0.669
v -10.75069 2.119368 0.6989999
v -10.75069 2.119368 0.669
v -10.85 2.10364 0.6989999
v -10.85 2.10364 0.669
v -10.94931 2.119368 0.6989999
v -10.94931 2.119368 0.669
v -11.03889 2.165014 0.6989999
v -11.03889 2.165014 0.669
v -11.10999 2.236109 0.6989999
v -11.10999 2.236109 0.669
v -11.15563 2.325694 0.6989999
v -11.15563 2.325694 0.669
v -11.17136 2.425 0.6989999
v -11.17136 2.425 0.669
v -11.15563 2.524306 0.6989999
v -11.15563 2.524306 0.669
v -11.10999 2.613891 0.6989999
v -11.10999 2.613891 0.669
v -11.03889 2.684986 0.6989999
v -11.03889 2.684986 0.669
v -10.94931 2.730632 0.6989999
v -10.94931 2.730632 0.669
v -10.7252 2.47 0.897
v -10.7252 2.47 0.927
v -10.7113 2.467798 0.927
v -10.7113 2.467798 0.897
v -10.69875 2.461406 0.927
v -10.69875 2.461406 0.897
v -10.6888 2.45145 0.927
v -10.6888 2.45145 0.897
v -10.6824 2.438906 0.927
v -10.6824 2.438906 0.897
v -10.6802 2.425 0.927
v -10.6802 2.425 0.897
v -10.6824 2.411094 0.927
v -10.6824 2.411094 0.897
v -10.6888 2.39855 0.927
v -10.6888 2.39855 0.897
v -10.69875 2.388594 0.927
v -10.69875 2.388594 0.897
v -10.7113 2.382202 0.927
v -10.7113 2.382202 0.897
v -10.7252 2.38 0.927
v -10.7252 2.38 0.897
v -10.73911 2.382202 0.927
v -10.73911 2.382202 0.897
v -10.75165 2.388594 0.927
v -10.75165 2.388594 0.897
v -10.76161 2.39855 0.927
v -10.76161 2.39855 0.897
v -10.768 2.411094 0.927
v -10.768 2.411094 0.897
v -10.7702 2.425 0.927
v -10.7702 2.425 0.897
v -10.768 2.438906 0.927
v -10.768 2.438906 0.897
v -10.76161 2.45145 0.927
v -10.76161 2.45145 0.897
v -10.75165 2.461406 0.927
v -10.75165 2.461406 0.897
v -10.73911 2.467798 0.927
v -10.73911 2.467798 0.897
v -10.9592 2.535 0.8979999
v -10.9592 2.535 0.922
v -10.94931 2.533434 0.922
v -10.94931 2.533434 0.8979999
v -10.94039 2.528888 0.922
v -10.94039 2.528888 0.8979999
v -10.93331 2.521809 0.922
v -10.93331 2.521809 0.8979999
v -10.92877 2.512889 0.922
v -10.92877 2.512889 0.8979999
v -10.9272 2.503 0.922
v -10.9272 2.503 0.8979999
v -10.92877 2.493111 0.922
v -10.92877 2.493111 0.8979999
v -10.93331 2.484191 0.922
v -10.93331 2.484191 0.8979999
v -10.94039 2.477112 0.922
v -10.94039 2.477112 0.8979999
v -10.94931 2.472566 0.922
v -10.94931 2.472566 0.8979999
v -10.9592 2.471 0.922
v -10.9592 2.471 0.8979999
v -10.96909 2.472566 0.922
v -10.96909 2.472566 0.8979999
v -10.97801 2.477112 0.922
v -10.97801 2.477112 0.8979999
v -10.98509 2.484191 0.922
v -10.98509 2.484191 0.8979999
v -10.98963 2.493111 0.922
v -10.98963 2.493111 0.8979999
v -10.9912 2.503 0.922
v -10.9912 2.503 0.8979999
v -10.98963 2.512889 0.922
v -10.98963 2.512889 0.8979999
v -10.98509 2.521809 0.922
v -10.98509 2.521809 0.8979999
v -10.97801 2.528888 0.922
v -10.97801 2.528888 0.8979999
v -10.96909 2.533434 0.922
v -10.96909 2.533434 0.8979999
v -10 2.74636 0.201
v -10 2.74636 0.231
v -9.900694 2.730632 0.231
v -9.900694 2.730632 0.201
v -9.81111 2.684986 0.231
v -9.81111 2.684986 0.201
v -9.740014 2.613891 0.231
v -9.740014 2.613891 0.201
v -9.694368 2.524306 0.231
v -9.694368 2.524306 0.201
v -9.67864 2.425 0.231
v -9.67864 2.425 0.201
v -9.694368 2.325694 0.231
v -9.694368 2.325694 0.201
v -9.740014 2.236109 0.231
v -9.740014 2.236109 0.201
v -9.81111 2.165014 0.231
v -9.81111 2.165014 0.201
v -9.900694 2.119368 0.231
v -9.900694 2.119368 0.201
v -10 2.10364 0.231
v -10 2.10364 0.201
v -10.09931 2.119368 0.231
v -10.09931 2.119368 0.201
v -10.18889 2.165014 0.231
v -10.18889 2.165014 0.201
v -10.25999 2.236109 0.231
v -10.25999 2.236109 0.201
v -10.30563 2.325694 0.231
v -10.30563 2.325694 0.201
v -10.32136 2.425 0.231
v -10.32136 2.425 0.201
v -10.30563 2.524306 0.231
v -10.30563 2.524306 0.201
v -10.25999 2.613891 0.231
v -10.25999 2.613891 0.201
v -10.18889 2.684986 0.231
v -10.18889 2.684986 0.201
v -10.09931 2.730632 0.231
v -10.09931 2.730632 0.201
v -10 2.74636 0.435
v -10 2.74636 0.465
v -9.900694 2.730632 0.465
v -9.900694 2.730632 0.435
v -9.81111 2.684986 0.465
v -9.81111 2.684986 0.435
v -9.740014 2.613891 0.465
v -9.740014 2.613891 0.435
v -9.694368 2.524306 0.465
v -9.694368 2.524306 0.435
v -9.67864 2.425 0.465
v -9.67864 2.425 0.435
v -9.694368 2.325694 0.465
v -9.694368 2.325694 0.435
v -9.740014 2.236109 0.465
v -9.740014 2.236109 0.435
v -9.81111 2.165014 0.465
v -9.81111 2.165014 0.435
v -9.900694 2.119368 0.465
v -9.900694 2.119368 0.435
v -10 2.10364 0.465
v -10 2.10364 0.435
v -10.09931 2.119368 0.465
v -10.09931 2.119368 0.435
v -10.18889 2.165014 0.465
v -10.18889 2.165014 0.435
v -10.25999 2.236109 0.465
v -10.25999 2.236109 0.435
v -10.30563 2.325694 0.465
v -10.30563 2.325694 0.435
v -10.32136 2.425 0.465
v -10.32136 2.425 0.435
v -10.30563 2.524306 0.465
v -10.30563 2.524306 0.435
v -10.25999 2.613891 0.465
v -10.25999 2.613891 0.435
v -10.18889 2.684986 0.465
v -10.18889 2.684986 0.435
v -10.09931 2.730632 0.465
v -10.09931 2.730632 0.435
v -10 2.74636 0.669
v -10 2.74636 0.6989999
v -9.900694 2.730632 0.6989999
v -9.900694 2.730632 0.669
v -9.81111 2.684986 0.6989999
v -9.81111 2.684986 0.669
v -9.740014 2.613891 0.6989999
v -9.740014 2.613891 0.669
v -9.694368 2.524306 0.6989999
v -9.694368 2.524306 0.669
v -9.67864 2.425 0.6989999
v -9.67864 2.425 0.669
v -9.694368 2.325694 0.6989999
v -9.694368 2.325694 0.669
v -9.740014 2.236109 0.6989999
v -9.740014 2.236109 0.669
v -9.81111 2.165014 0.6989999
v -9.81111 2.165014 0.669
v -9.900694 2.119368 0.6989999
v -9.900694 2.119368 0.669
v -10 2.10364 0.6989999
v -10 2.10364 0.669
v -10.09931 2.119368 0.6989999
v -10.09931 2.119368 0.669
v -10.18889 2.165014 0.6989999
v -10.18889 2.165014 0.669
v -10.25999 2.236109 0.6989999
v -10.25999 2.236109 0.669
v -10.30563 2.325694 0.6989999
v -10.30563 2.325694 0.669
v -10.32136 2.425 0.6989999
v -10.32136 2.425 0.669
v -10.30563 2.524306 0.6989999
v -10.30563 2.524306 0.669
v -10.25999 2.613891 0.6989999
v -10.25999 2.613891 0.669
v -10.18889 2.684986 0.6989999
v -10.18889 2.684986 0.669
v -10.09931 2.730632 0.6989999
v -10.09931 2.730632 0.669
v -9.8752 2.47 0.897
v -9.8752 2.47 0.927
v -9.861295 2.467798 0.927
v -9.861295 2.467798 0.897
v -9.84875 2.461406 0.927
v -9.84875 2.461406 0.897
v -9.838795 2.45145 0.927
v -9.838795 2.45145 0.897
v -9.832403 2.438906 0.927
v -9.832403 2.438906 0.897
v -9.8302 2.425 0.927
v -9.8302 2.425 0.897
v -9.832403 2.411094 0.927
v -9.832403 2.411094 0.897
v -9.838795 2.39855 0.927
v -9.838795 2.39855 0.897
v -9.84875 2.388594 0.927
v -9.84875 2.388594 0.897
v -9.861295 2.382202 0.927
v -9.861295 2.382202 0.897
v -9.8752 2.38 0.927
v -9.8752 2.38 0.897
v -9.889106 2.382202 0.927
v -9.889106 2.382202 0.897
v -9.90165 2.388594 0.927
v -9.90165 2.388594 0.897
v -9.911606 2.39855 0.927
v -9.911606 2.39855 0.897
v -9.917997 2.411094 0.927
v -9.917997 2.411094 0.897
v -9.9202 2.425 0.927
v -9.9202 2.425 0.897
v -9.917997 2.438906 0.927
v -9.917997 2.438906 0.897
v -9.911606 2.45145 0.927
v -9.911606 2.45145 0.897
v -9.90165 2.461406 0.927
v -9.90165 2.461406 0.897
v -9.889106 2.467798 0.927
v -9.889106 2.467798 0.897
v -10.1092 2.535 0.8979999
v -10.1092 2.535 0.922
v -10.09931 2.533434 0.922
v -10.09931 2.533434 0.8979999
v -10.09039 2.528888 0.922
v -10.09039 2.528888 0.8979999
v -10.08331 2.521809 0.922
v -10.08331 2.521809 0.8979999
v -10.07877 2.512889 0.922
v -10.07877 2.512889 0.8979999
v -10.0772 2.503 0.922
v -10.0772 2.503 0.8979999
v -10.07877 2.493111 0.922
v -10.07877 2.493111 0.8979999
v -10.08331 2.484191 0.922
v -10.08331 2.484191 0.8979999
v -10.09039 2.477112 0.922
v -10.09039 2.477112 0.8979999
v -10.09931 2.472566 0.922
v -10.09931 2.472566 0.8979999
v -10.1092 2.471 0.922
v -10.1092 2.471 0.8979999
v -10.11909 2.472566 0.922
v -10.11909 2.472566 0.8979999
v -10.12801 2.477112 0.922
v -10.12801 2.477112 0.8979999
v -10.13509 2.484191 0.922
v -10.13509 2.484191 0.8979999
v -10.13963 2.493111 0.922
v -10.13963 2.493111 0.8979999
v -10.1412 2.503 0.922
v -10.1412 2.503 0.8979999
v -10.13963 2.512889 0.922
v -10.13963 2.512889 0.8979999
v -10.13509 2.521809 0.922
v -10.13509 2.521809 0.8979999
v -10.12801 2.528888 0.922
v -10.12801 2.528888 0.8979999
v -10.11909 2.533434 0.922
v -10.11909 2.533434 0.8979999
v -9.15 2.74636 0.201
v -9.15 2.74636 0.231
v -9.050694 2.730632 0.231
v -9.050694 2.730632 0.201
v -8.961109 2.684986 0.231
v -8.961109 2.684986 0.201
v -8.890014 2.613891 0.231
v -8.890014 2.613891 0.201
v -8.844368 2.524306 0.231
v -8.844368 2.524306 0.201
v -8.82864 2.425 0.231
v -8.82864 2.425 0.201
v -8.844368 2.325694 0.231
v -8.844368 2.325694 0.201
v -8.890014 2.236109 0.231
v -8.890014 2.236109 0.201
v -8.961109 2.165014 0.231
v -8.961109 2.165014 0.201
v -9.050694 2.119368 0.231
v -9.050694 2.119368 0.201
v -9.15 2.10364 0.231
v -9.15 2.10364 0.201
v -9.249306 2.119368 0.231
v -9.249306 2.119368 0.201
v -9.33889 2.165014 0.231
v -9.33889 2.165014 0.201
v -9.409986 2.236109 0.231
v -9.409986 2.236109 0.201
v -9.455631 2.325694 0.231
v -9.455631 2.325694 0.201
v -9.471359 2.425 0.231
v -9.471359 2.425 0.201
v -9.455631 2.524306 0.231
v -9.455631 2.524306 0.201
v -9.409986 2.613891 0.231
v -9.409986 2.613891 0.201
v -9.33889 2.684986 0.231
v -9.33889 2.684986 0.201
v -9.249306 2.730632 0.231
v -9.249306 2.730632 0.201
v -9.15 2.74636 0.435
v -9.15 2.74636 0.465
v -9.050694 2.730632 0.465
v -9.050694 2.730632 0.435
v -8.961109 2.684986 0.465
v -8.961109 2.684986 0.435
v -8.890014 2.613891 0.465
v -8.890014 2.613891 0.435
v -8.844368 2.524306 0.465
v -8.844368 2.524306 0.435
v -8.82864 2.425 0.465
v -8.82864 2.425 0.435
v -8.844368 2.325694 0.465
v -8.844368 2.325694 0.435
v -8.890014 2.236109 0.465
v -8.890014 2.236109 0.435
v -8.961109 2.165014 0.465
v -8.961109 2.165014 0.435
v -9.050694 2.119368 0.465
v -9.050694 2.119368 0.435
v -9.15 2.10364 0.465
v -9.15 2.10364 0.435
v -9.249306 2.119368 0.465
v -9.249306 2.119368 0.435
v -9.33889 2.165014 0.465
v -9.33889 2.165014 0.435
v -9.409986 2.236109 0.465
v -9.409986 2.236109 0.435
v -9.455631 2.325694 0.465
v -9.455631 2.325694 0.435
v -9.471359 2.425 0.465
v -9.471359 2.425 0.435
v -9.455631 2.524306 0.465
v -9.455631 2.524306 0.435
v -9.409986 2.613891 0.465
v -9.409986 2.613891 0.435
v -9.33889 2.684986 0.465
v -9.33889 2.684986 0.435
v -9.249306 2.730632 0.465
v -9.249306 2.730632 0.435
v -9.15 2.74636 0.669
v -9.15 2.74636 0.6989999
v -9.050694 2.730632 0.6989999
v -9.050694 2.730632 0.669
v -8.961109 2.684986 0.6989999
v -8.961109 2.684986 0.669
v -8.890014 2.613891 0.6989999
v -8.890014 2.613891 0.669
v -8.844368 2.524306 0.6989999
v -8.844368 2.524306 0.669
v -8.82864 2.425 0.6989999
v -8.82864 2.425 0.669
v -8.844368 2.325694 0.6989999
v -8.844368 2.325694 0.669
v -8.890014 2.236109 0.6989999
v -8.890014 2.236109 0.669
v -8.961109 2.165014 0.6989999
v -8.961109 2.165014 0.669
v -9.050694 2.119368 0.6989999
v -9.050694 2.119368 0.669
v -9.15 2.10364 0.6989999
v -9.15 2.10364 0.669
v -9.249306 2.119368 0.6989999
v -9.249306 2.119368 0.669
v -9.33889 2.165014 0.6989999
v -9.33889 2.165014 0.669
v -9.409986 2.236109 0.6989999
v -9.409986 2.236109 0.669
v -9.455631 2.325694 0.6989999
v -9.455631 2.325694 0.669
v -9.471359 2.425 0.6989999
v -9.471359 2.425 0.669
v -9.455631 2.524306 0.6989999
v -9.455631 2.524306 0.669
v -9.409986 2.613891 0.6989999
v -9.409986 2.613891 0.669
v -9.33889 2.684986 0.6989999
v -9.33889 2.684986 0.669
v -9.249306 2.730632 0.6989999
v -9.249306 2.730632 0.669
v -9.0252 2.47 0.897
v -9.0252 2.47 0.927
v -9.011294 2.467798 0.927
v -9.011294 2.467798 0.897
v -8.99875 2.461406 0.927
v -8.99875 2.461406 0.897
v -8.988794 2.45145 0.927
v -8.988794 2.45145 0.897
v -8.982403 2.438906 0.927
v -8.982403 2.438906 0.897
v -8.9802 2.425 0.927
v -8.9802 2.425 0.897
v -8.982403 2.411094 0.927
v -8.982403 2.411094 0.897
v -8.988794 2.39855 0.927
v -8.988794 2.39855 0.897
v -8.99875 2.388594 0.927
v -8.99875 2.388594 0.897
v -9.011294 2.382202 0.927
v -9.011294 2.382202 0.897
v -9.0252 2.38 0.927
v -9.0252 2.38 0.897
v -9.039105 2.382202 0.927
v -9.039105 2.382202 0.897
v -9.05165 2.388594 0.927
v -9.05165 2.388594 0.897
v -9.061605 2.39855 0.927
v -9.061605 2.39855 0.897
v -9.067997 2.411094 0.927
v -9.067997 2.411094 0.897
v -9.0702 2.425 0.927
v -9.0702 2.425 0.897
v -9.067997 2.438906 0.927
v -9.067997 2.438906 0.897
v -9.061605 2.45145 0.927
v -9.061605 2.45145 0.897
v -9.05165 2.461406 0.927
v -9.05165 2.461406 0.897
v -9.039105 2.467798 0.927
v -9.039105 2.467798 0.897
v -9.2592 2.535 0.8979999
v -9.2592 2.535 0.922
v -9.249311 2.533434 0.922
v -9.249311 2.533434 0.8979999
v -9.240391 2.528888 0.922
v -9.240391 2.528888 0.8979999
v -9.233312 2.521809 0.922
v -9.233312 2.521809 0.8979999
v -9.228766 2.512889 0.922
v -9.228766 2.512889 0.8979999
v -9.227201 2.503 0.922
v -9.227201 2.503 0.8979999
v -9.228766 2.493111 0.922
v -9.228766 2.493111 0.8979999
v -9.233312 2.484191 0.922
v -9.233312 2.484191 0.8979999
v -9.240391 2.477112 0.922
v -9.240391 2.477112 0.8979999
v -9.249311 2.472566 0.922
v -9.249311 2.472566 0.8979999
v -9.2592 2.471 0.922
v -9.2592 2.471 0.8979999
v -9.269089 2.472566 0.922
v -9.269089 2.472566 0.8979999
v -9.278009 2.477112 0.922
v -9.278009 2.477112 0.8979999
v -9.285089 2.484191 0.922
v -9.285089 2.484191 0.8979999
v -9.289634 2.493111 0.922
v -9.289634 2.493111 0.8979999
v -9.2912 2.503 0.922
v -9.2912 2.503 0.8979999
v -9.289634 2.512889 0.922
v -9.289634 2.512889 0.8979999
v -9.285089 2.521809 0.922
v -9.285089 2.521809 0.8979999
v -9.278009 2.528888 0.922
v -9.278009 2.528888 0.8979999
v -9.269089 2.533434 0.922
v -9.269089 2.533434 0.8979999
v -10.85 2.32136 0.201
v -10.85 2.32136 0.231
v -10.75069 2.305632 0.231
v -10.75069 2.305632 0.201
v -10.66111 2.259986 0.231
v -10.66111 2.259986 0.201
v -10.59001 2.188891 0.231
v -10.59001 2.188891 0.201
v -10.54437 2.099306 0.231
v -10.54437 2.099306 0.201
v -10.52864 2 0.231
v -10.52864 2 0.201
v -10.54437 1.900694 0.231
v -10.54437 1.900694 0.201
v -10.59001 1.811109 0.231
v -10.59001 1.811109 0.201
v -10.66111 1.740014 0.231
v -10.66111 1.740014 0.201
v -10.75069 1.694368 0.231
v -10.75069 1.694368 0.201
v -10.85 1.67864 0.231
v -10.85 1.67864 0.201
v -10.94931 1.694368 0.231
v -10.94931 1.694368 0.201
v -11.03889 1.740014 0.231
v -11.03889 1.740014 0.201
v -11.10999 1.811109 0.231
v -11.10999 1.811109 0.201
v -11.15563 1.900694 0.231
v -11.15563 1.900694 0.201
v -11.17136 2 0.231
v -11.17136 2 0.201
v -11.15563 2.099306 0.231
v -11.15563 2.099306 0.201
v -11.10999 2.188891 0.231
v -11.10999 2.188891 0.201
v -11.03889 2.259986 0.231
v -11.03889 2.259986 0.201
v -10.94931 2.305632 0.231
v -10.94931 2.305632 0.201
v -10.85 2.32136 0.435
v -10.85 2.32136 0.465
v -10.75069 2.305632 0.465
v -10.75069 2.305632 0.435
v -10.66111 2.259986 0.465
v -10.66111 2.259986 0.435
v -10.59001 2.188891 0.465
v -10.59001 2.188891 0.435
v -10.54437 2.099306 0.465
v -10.54437 2.099306 0.435
v -10.52864 2 0.465
v -10.52864 2 0.435
v -10.54437 1.900694 0.465
v -10.54437 1.900694 0.435
v -10.59001 1.811109 0.465
v -10.59001 1.811109 0.435
v -10.66111 1.740014 0.465
v -10.66111 1.740014 0.435
v -10.75069 1.694368 0.465
v -10.75069 1.694368 0.435
v -10.85 1.67864 0.465
v -10.85 1.67864 0.435
v -10.94931 1.694368 0.465
v -10.94931 1.694368 0.435
v -11.03889 1.740014 0.465
v -11.03889 1.740014 0.435
v -11.10999 1.811109 0.465
v -11.10999 1.811109 0.435
v -11.15563 1.900694 0.465
v -11.15563 1.900694 0.435
v -11.17136 2 0.465
v -11.17136 2 0.435
v -11.15563 2.099306 0.465
v -11.15563 2.099306 0.435
v -11.10999 2.188891 0.465
v -11.10999 2.188891 0.435
v -11.03889 2.259986 0.465
v -11.03889 2.259986 0.435
v -10.94931 2.305632 0.465
v -10.94931 2.305632 0.435
v -10.85 2.32136 0.669
v -10.85 2.32136 0.6989999
v -10.75069 2.305632 0.6989999
v -10.75069 2.305632 0.669
v -10.66111 2.259986 0.6989999
v -10.66111 2.259986 0.669
v -10.59001 2.188891 0.6989999
v -10.59001 2.188891 0.669
v -10.54437 2.099306 0.6989999
v -10.54437 2.099306 0.669
v -10.52864 2 0.6989999
v -10.52864 2 0.669
v -10.54437 1.900694 0.6989999
v -10.54437 1.900694 0.669
v -10.59001 1.811109 0.6989999
v -10.59001 1.811109 0.669
v -10.66111 1.740014 0.6989999
v -10.66111 1.740014 0.669
v -10.75069 1.694368 0.6989999
v -10.75069 1.694368 0.669
v -10.85 1.67864 0.6989999
v -10.85 1.67864 0.669
v -10.94931 1.694368 0.6989999
v -10.94931 1.694368 0.669
v -11.03889 1.740014 0.6989999
v -11.03889 1.740014 0.669
v -11.10999 1.811109 0.6989999
v -11.10999 1.811109 0.669
v -11.15563 1.900694 0.6989999
v -11.15563 1.900694 0.669
v -11.17136 2 0.6989999
v -11.17136 2 0.669
v -11.15563 2.099306 0.6989999
v -11.15563 2.099306 0.669
v -11.10999 2.188891 0.6989999
v -11.10999 2.188891 0.669
v -11.03889 2.259986 0.6989999
v -11.03889 2.259986 0.669
v -10.94931 2.305632 0.6989999
v -10.94931 2.305632 0.669
v -10.7252 2.045 0.897
v -10.7252 2.045 0.927
v -10.7113 2.042798 0.927
v -10.7113 2.042798 0.897
v -10.69875 2.036406 0.927
v -10.69875 2.036406 0.897
v -10.6888 2.02645 0.927
v -10.6888 2.02645 0.897
v -10.6824 2.013906 0.927
v -10.6824 2.013906 0.897
v -10.6802 2 0.927
v -10.6802 2 0.897
v -10.6824 1.986094 0.927
v -10.6824 1.986094 0.897
v -10.6888 1.97355 0.927
v -10.6888 1.97355 0.897
v -10.69875 1.963594 0.927
v -10.69875 1.963594 0.897
v -10.7113 1.957202 0.927
v -10.7113 1.957202 0.897
v -10.7252 1.955 0.927
v -10.7252 1.955 0.897
v -10.73911 1.957202 0.927
v -10.73911 1.957202 0.897
v -10.75165 1.963594 0.927
v -10.75165 1.963594 0.897
v -10.76161 1.97355 0.927
v -10.76161 1.97355 0.897
v -10.768 1.986094 0.927
v -10.768 1.986094 0.897
v -10.7702 2 0.927
v -10.7702 2 0.897
v -10.768 2.013906 0.927
v -10.768 2.013906 0.897
v -10.76161 2.02645 0.927
v -10.76161 2.02645 0.897
v -10.75165 2.036406 0.927
v -10.75165 2.036406 0.897
v -10.73911 2.042798 0.927
v -10.73911 2.042798 0.897
v -10.9592 2.11 0.8979999
v -10.9592 2.11 0.922
v -10.94931 2.108434 0.922
v -10.94931 2.108434 0.8979999
v -10.94039 2.103889 0.922
v -10.94039 2.103889 0.8979999
v -10.93331 2.096809 0.922
v -10.93331 2.096809 0.8979999
v -10.92877 2.087889 0.922
v -10.92877 2.087889 0.8979999
v -10.9272 2.078 0.922
v -10.9272 2.078 0.8979999
v -10.92877 2.068111 0.922
v -10.92877 2.068111 0.8979999
v -10.93331 2.059191 0.922
v -10.93331 2.059191 0.8979999
v -10.94039 2.052112 0.922
v -10.94039 2.052112 0.8979999
v -10.94931 2.047566 0.922
v -10.94931 2.047566 0.8979999
v -10.9592 2.046 0.922
v -10.9592 2.046 0.8979999
v -10.96909 2.047566 0.922
v -10.96909 2.047566 0.8979999
v -10.97801 2.052112 0.922
v -10.97801 2.052112 0.8979999
v -10.98509 2.059191 0.922
v -10.98509 2.059191 0.8979999
v -10.98963 2.068111 0.922
v -10.98963 2.068111 0.8979999
v -10.9912 2.078 0.922
v -10.9912 2.078 0.8979999
v -10.98963 2.087889 0.922
v -10.98963 2.087889 0.8979999
v -10.98509 2.096809 0.922
v -10.98509 2.096809 0.8979999
v -10.97801 2.103889 0.922
v -10.97801 2.103889 0.8979999
v -10.96909 2.108434 0.922
v -10.96909 2.108434 0.8979999
v -10 2.32136 0.201
v -10 2.32136 0.231
v -9.900694 2.305632 0.231
v -9.900694 2.305632 0.201
v -9.81111 2.259986 0.231
v -9.81111 2.259986 0.201
v -9.740014 2.188891 0.231
v -9.740014 2.188891 0.201
v -9.694368 2.099306 0.231
v -9.694368 2.099306 0.201
v -9.67864 2 0.231
v -9.67864 2 0.201
v -9.694368 1.900694 0.231
v -9.694368 1.900694 0.201
v -9.740014 1.811109 0.231
v -9.740014 1.811109 0.201
v -9.81111 1.740014 0.231
v -9.81111 1.740014 0.201
v -9.900694 1.694368 0.231
v -9.900694 1.694368 0.201
v -10 1.67864 0.231
v -10 1.67864 0.201
v -10.09931 1.694368 0.231
v -10.09931 1.694368 0.201
v -10.18889 1.740014 0.231
v -10.18889 1.740014 0.201
v -10.25999 1.811109 0.231
v -10.25999 1.811109 0.201
v -10.30563 1.900694 0.231
v -10.30563 1.900694 0.201
v -10.32136 2 0.231
v -10.32136 2 0.201
v -10.30563 2.099306 0.231
v -10.30563 2.099306 0.201
v -10.25999 2.188891 0.231
v -10.25999 2.188891 0.201
v -10.18889 2.259986 0.231
v -10.18889 2.259986 0.201
v -10.09931 2.305632 0.231
v -10.09931 2.305632 0.201
v -10 2.32136 0.435
v -10 2.32136 0.465
v -9.900694 2.305632 0.465
v -9.900694 2.305632 0.435
v -9.81111 2.259986 0.465
v -9.81111 2.259986 0.435
v -9.740014 2.188891 0.465
v -9.740014 2.188891 0.435
v -9.694368 2.099306 0.465
v -9.694368 2.099306 0.435
v -9.67864 2 0.465
v -9.67864 2 0.435
v -9.694368 1.900694 0.465
v -9.694368 1.900694 0.435
v -9.740014 1.811109 0.465
v -9.740014 1.811109 0.435
v -9.81111 1.740014 0.465
v -9.81111 1.740014 0.435
v -9.900694 1.694368 0.465
v -9.900694 1.694368 0.435
v -10 1.67864 0.465
v -10 1.67864 0.435
v -10.09931 1.694368 0.465
v -10.09931 1.694368 0.435
v -10.18889 1.740014 0.465
v -10.18889 1.740014 0.435
v -10.25999 1.811109 0.465
v -10.25999 1.811109 0.435
v -10.30563 1.900694 0.465
v -10.30563 1.900694 0.435
v -10.32136 2 0.465
v -10.32136 2 0.435
v -10.30563 2.099306 0.465
v -10.30563 2.099306 0.435
v -10.25999 2.188891 0.465
v -10.25999 2.188891 0.435
v -10.18889 2.259986 0.465
v -10.18889 2.259986 0.435
v -10.09931 2.305632 0.465
v -10.09931 2.305632 0.435
v -10 2.32136 0.669
v -10 2.32136 0.6989999
v -9.900694 2.305632 0.6989999
v -9.900694 2.305632 0.669
v -9.81111 2.259986 0.6989999
v -9.81111 2.259986 0.669
v -9.740014 2.188891 0.6989999
v -9.740014 2.188891 0.669
v -9.694368 2.099306 0.6989999
v -9.694368 2.099306 0.669
v -9.67864 2 0.6989999
v -9.67864 2 0.669
v -9.694368 1.900694 0.6989999
v -9.694368 1.900694 0.669
v -9.740014 1.811109 0.6989999
v -9.740014 1.811109 0.669
v -9.81111 1.740014 0.6989999
v -9.81111 1.740014 0.669
v -9.900694 1.694368 0.6989999
v -9.900694 1.694368 0.669
v -10 1.67864 0.6989999
v -10 1.67864 0.669
v -10.09931 1.694368 0.6989999
v -10.09931 1.694368 0.669
v -10.18889 1.740014 0.6989999
v -10.18889 1.740014 0.669
v -10.25999 1.811109 0.6989999
v -10.25999 1.811109 0.669
v -10.30563 1.900694 0.6989999
v -10.30563 1.900694 0.669
v -10.32136 2 0.6989999
v -10.32136 2 0.669
v -10.30563 2.099306 0.6989999
v -10.30563 2.099306 0.669
v -10.25999 2.188891 0.6989999
v -10.25999 2.188891 0.669
v -10.18889 2.259986 0.6989999
v -10.18889 2.259986 0.669
v -10.09931 2.305632 0.6989999
v -10.09931 2.305632 0.669
v -9.8752 2.045 0.897
v -9.8752 2.045 0.927
v -9.861295 2.042798 0.927
v -9.861295 2.042798 0.897
v -9.84875 2.036406 0.927
v -9.84875 2.036406 0.897
v -9.838795 2.02645 0.927
v -9.838795 2.02645 0.897
v -9.832403 2.013906 0.927
v -9.832403 2.013906 0.897
v -9.8302 2 0.927
v -9.8302 2 0.897
v -9.832403 1.986094 0.927
v -9.832403 1.986094 0.897
v -9.838795 1.97355 0.927
v -9.838795 1.97355 0.897
v -9.84875 1.963594 0.927
v -9.84875 1.963594 0.897
v -9.861295 1.957202 0.927
v -9.861295 1.957202 0.897
v -9.8752 1.955 0.927
v -9.8752 1.955 0.897
v -9.889106 1.957202 0.927
v -9.889106 1.957202 0.897
v -9.90165 1.963594 0.927
v -9.90165 1.963594 0.897
v -9.911606 1.97355 0.927
v -9.911606 1.97355 0.897
v -9.917997 1.986094 0.927
v -9.917997 1.986094 0.897
v -9.9202 2 0.927
v -9.9202 2 0.897
v -9.917997 2.013906 0.927
v -9.917997 2.013906 0.897
v -9.911606 2.02645 0.927
v -9.911606 2.02645 0.897
v -9.90165 2.036406 0.927
v -9.90165 2.036406 0.897
v -9.889106 2.042798 0.927
v -9.889106 2.042798 0.897
v -10.1092 2.11 0.8979999
v -10.1092 2.11 0.922
v -10.09931 2.108434 0.922
v -10.09931 2.108434 0.8979999
v -10.09039 2.103889 0.922
v -10.09039 2.103889 0.8979999
v -10.08331 2.096809 0.922
v -10.08331 2.096809 0.8979999
v -10.07877 2.087889 0.922
v -10.07877 2.087889 0.8979999
v -10.0772 2.078 0.922
v -10.0772 2.078 0.8979999
v -10.07877 2.068111 0.922
v -10.07877 2.068111 0.8979999
v -10.08331 2.059191 0.922
v -10.08331 2.059191 0.8979999
v -10.09039 2.052112 0.922
v -10.09039 2.052112 0.8979999
v -10.09931 2.047566 0.922
v -10.09931 2.047566 0.8979999
v -10.1092 2.046 0.922
v -10.1092 2.046 0.8979999
v -10.11909 2.047566 0.922
v -10.11909 2.047566 0.8979999
v -10.12801 2.052112 0.922
v -10.12801 2.052112 0.8979999
v -10.13509 2.059191 0.922
v -10.13509 2.059191 0.8979999
v -10.13963 2.068111 0.922
v -10.13963 2.068111 0.8979999
v -10.1412 2.078 0.922
v -10.1412 2.078 0.8979999
v -10.13963 2.087889 0.922
v -10.13963 2.087889 0.8979999
v -10.13509 2.096809 0.922
v -10.13509 2.096809 0.8979999
v -10.12801 2.103889 0.922
v -10.12801 2.103889 0.8979999
v -10.11909 2.108434 0.922
v -10.11909 2.108434 0.8979999
v -9.15 2.32136 0.201
v -9.15 2.32136 0.231
v -9.050694 2.305632 0.231
v -9.050694 2.305632 0.201
v -8.961109 2.259986 0.231
v -8.961109 2.259986 0.201
v -8.890014 2.188891 0.231
v -8.890014 2.188891 0.201
v -8.844368 2.099306 0.231
v -8.844368 2.099306 0.201
v -8.82864 2 0.231
v -8.82864 2 0.201
v -8.844368 1.900694 0.231
v -8.844368 1.900694 0.201
v -8.890014 1.811109 0.231
v -8.890014 1.811109 0.201
v -8.961109 1.740014 0.231
v -8.961109 1.740014 0.201
v -9.050694 1.694368 0.231
v -9.050694 1.694368 0.201
v -9.15 1.67864 0.231
v -9.15 1.67864 0.201
v -9.249306 1.694368 0.231
v -9.249306 1.694368 0.201
v -9.33889 1.740014 0.231
v -9.33889 1.740014 0.201
v -9.409986 1.811109 0.231
v -9.409986 1.811109 0.201
v -9.455631 1.900694 0.231
v -9.455631 1.900694 0.201
v -9.471359 2 0.231
v -9.471359 2 0.201
v -9.455631 2.099306 0.231
v -9.455631 2.099306 0.201
v -9.409986 2.188891 0.231
v -9.409986 2.188891 0.201
v -9.33889 2.259986 0.231
v -9.33889 2.259986 0.201
v -9.249306 2.305632 0.231
v -9.249306 2.305632 0.201
v -9.15 2.32136 0.435
v -9.15 2.32136 0.465
v -9.050694 2.305632 0.465
v -9.050694 2.305632 0.435
v -8.961109 2.259986 0.465
v -8.961109 2.259986 0.435
v -8.890014 2.188891 0.465
v -8.890014 2.188891 0.435
v -8.844368 2.099306 0.465
v -8.844368 2.099306 0.435
v -8.82864 2 0.465
v -8.82864 2 0.435
v -8.844368 1.900694 0.465
v -8.844368 1.900694 0.435
v -8.890014 1.811109 0.465
v -8.890014 1.811109 0.435
v -8.961109 1.740014 0.465
v -8.961109 1.740014 0.435
v -9.050694 1.694368 0.465
v -9.050694 1.694368 0.435
v -9.15 1.67864 0.465
v -9.15 1.67864 0.435
v -9.249306 1.694368 0.465
v -9.249306 1.694368 0.435
v -9.33889 1.740014 0.465
v -9.33889 1.740014 0.435
v -9.409986 1.811109 0.465
v -9.409986 1.811109 0.435
v -9.455631 1.900694 0.465
v -9.455631 1.900694 0.435
v -9.471359 2 0.465
v -9.471359 2 0.435
v -9.455631 2.099306 0.465
v -9.455631 2.099306 0.435
v -9.409986 2.188891 0.465
v -9.409986 2.188891 0.435
v -9.33889 2.259986 0.465
v -9.33889 2.259986 0.435
v -9.249306 2.305632 0.465
v -9.249306 2.305632 0.435
v -9.15 2.32136 0.669
v -9.15 2.32136 0.6989999
v -9.050694 2.305632 0.6989999
v -9.050694 2.305632 0.669
v -8.961109 2.259986 0.6989999
v -8.961109 2.259986 0.669
v -8.890014 2.188891 0.6989999
v -8.890014 2.188891 0.669
v -8.844368 2.099306 0.6989999
v -8.844368 2.099306 0.669
v -8.82864 2 0.6989999
v -8.82864 2 0.669
v -8.844368 1.900694 0.6989999
v -8.844368 1.900694 0.669
v -8.890014 1.811109 0.6989999
v -8.890014 1.811109 0.669
v -8.961109 1.740014 0.6989999
v -8.961109 1.740014 0.669
v -9.050694 1.694368 0.6989999
v -9.050694 1.694368 0.669
v -9.15 1.67864 0.6989999
v -9.15 1.67864 0.669
v -9.249306 1.694368 0.6989999
v -9.249306 1.694368 0.669
v -9.33889 1.740014 0.6989999
v -9.33889 1.740014 0.669
v -9.409986 1.811109 0.6989999
v -9.409986 1.811109 0.669
v -9.455631 1.900694 0.6989999
v -9.455631 1.900694 0.669
v -9.471359 2 0.6989999
v -9.471359 2 0.669
v -9.455631 2.099306 0.6989999
v -9.455631 2.099306 0.669
v -9.409986 2.188891 0.6989999
v -9.409986 2.188891 0.669
v -9.33889 2.259986 0.6989999
v -9.33889 2.259986 0.669
v -9.249306 2.305632 0.6989999
v -9.249306 2.305632 0.669
v -9.0252 2.045 0.897
v -9.0252 2.045 0.927
v -9.011294 2.042798 0.927
v -9.011294 2.042798 0.897
v -8.99875 2.036406 0.927
v -8.99875 2.036406 0.897
v -8.988794 2.02645 0.927
v -8.988794 2.02645 0.897
v -8.982403 2.013906 0.927
v -8.982403 2.013906 0.897
v -8.9802 2 0.927
v -8.9802 2 0.897
v -8.982403 1.986094 0.927
v -8.982403 1.986094 0.897
v -8.988794 1.97355 0.927
v -8.988794 1.97355 0.897
v -8.99875 1.963594 0.927
v -8.99875 1.963594 0.897
v -9.011294 1.957202 0.927
v -9.011294 1.957202 0.897
v -9.0252 1.955 0.927
v -9.0252 1.955 0.897
v -9.039105 1.957202 0.927
v -9.039105 1.957202 0.897
v -9.05165 1.963594 0.927
v -9.05165 1.963594 0.897
v -9.061605 1.97355 0.927
v -9.061605 1.97355 0.897
v -9.067997 1.986094 0.927
v -9.067997 1.986094 0.897
v -9.0702 2 0.927
v -9.0702 2 0.897
v -9.067997 2.013906 0.927
v -9.067997 2.013906 0.897
v -9.061605 2.02645 0.927
v -9.061605 2.02645 0.897
v -9.05165 2.036406 0.927
v -9.05165 2.036406 0.897
v -9.039105 2.042798 0.927
v -9.039105 2.042798 0.897
v -9.2592 2.11 0.8979999
v -9.2592 2.11 0.922
v -9.249311 2.108434 0.922
v -9.249311 2.108434 0.8979999
v -9.240391 2.103889 0.922
v -9.240391 2.103889 0.8979999
v -9.233312 2.096809 0.922
v -9.233312 2.096809 0.8979999
v -9.228766 2.087889 0.922
v -9.228766 2.087889 0.8979999
v -9.227201 2.078 0.922
v -9.227201 2.078 0.8979999
v -9.228766 2.068111 0.922
v -9.228766 2.068111 0.8979999
v -9.233312 2.059191 0.922
v -9.233312 2.059191 0.8979999
v -9.240391 2.052112 0.922
v -9.240391 2.052112 0.8979999
v -9.249311 2.047566 0.922
v -9.249311 2.047566 0.8979999
v -9.2592 2.046 0.922
v -9.2592 2.046 0.8979999
v -9.269089 2.047566 0.922
v -9.269089 2.047566 0.8979999
v -9.278009 2.052112 0.922
v -9.278009 2.052112 0.8979999
v -9.285089 2.059191 0.922
v -9.285089 2.059191 0.8979999
v -9.289634 2.068111 0.922
v -9.289634 2.068111 0.8979999
v -9.2912 2.078 0.922
v -9.2912 2.078 0.8979999
v -9.289634 2.087889 0.922
v -9.289634 2.087889 0.8979999
v -9.285089 2.096809 0.922
v -9.285089 2.096809 0.8979999
v -9.278009 2.103889 0.922
v -9.278009 2.103889 0.8979999
v -9.269089 2.108434 0.922
v -9.269089 2.108434 0.8979999
vt 0.375 0
vt 0.625 0
vt 0.625 0.25
vt 0.375 0.25
vt 0.625 0.5
vt 0.375 0.5
vt 0.625 0.75
vt 0.375 0.75
vt 0.625 1
vt 0.375 1
vt 0.125 0.5
vt 0.125 0.75
vt 0.875 0.5
vt 0.875 0.75
vt 1 0.5
vt 1 1
vt 0.95 1
vt 0.95 0.5
vt 0.9 1
vt 0.9 0.5
vt 0.85 1
vt 0.85 0.5
vt 0.8 1
vt 0.8 0.5
vt 0.7499999 1
vt 0.7499999 0.5
vt 0.6999999 1
vt 0.6999999 0.5
vt 0.6499999 1
vt 0.6499999 0.5
vt 0.5999999 1
vt 0.5999999 0.5
vt 0.5499999 1
vt 0.5499999 0.5
vt 0.4999999 1
vt 0.4999999 0.5
vt 0.4499999 1
vt 0.4499999 0.5
vt 0.3999999 1
vt 0.3999999 0.5
vt 0.3499998 1
vt 0.3499998 0.5
vt 0.2999998 1
vt 0.2999998 0.5
vt 0.2499998 1
vt 0.2499998 0.5
vt 0.1999998 1
vt 0.1999998 0.5
vt 0.1499998 1
vt 0.1499998 0.5
vt 0.09999985 1
vt 0.09999985 0.5
vt 0.3910685 0.4441641
vt 0.3241641 0.4782535
vt 0.25 0.49
vt 0.1758359 0.4782535
vt 0.1089316 0.4441641
vt 0.05583593 0.3910685
vt 0.02174644 0.3241641
vt 0.01000001 0.25
vt 0.02174644 0.1758359
vt 0.05583593 0.1089316
vt 0.1089316 0.05583593
vt 0.1758359 0.02174644
vt 0.25 0.01000001
vt 0.3241641 0.02174644
vt 0.3910685 0.05583593
vt 0.4441641 0.1089316
vt 0.4782535 0.1758359
vt 0.49 0.25
vt 0.4782535 0.3241641
vt 0.4441641 0.3910685
vt 0.04999984 1
vt 0.04999984 0.5
vt -1.564622e-07 1
vt -1.564622e-07 0.5
vt 0.6758359 0.4782535
vt 0.75 0.49
vt 0.8241641 0.4782535
vt 0.8910685 0.4441641
vt 0.944164 0.3910685
vt 0.9782535 0.3241641
vt 0.99 0.25
vt 0.9782535 0.1758359
vt 0.944164 0.1089316
vt 0.8910685 0.05583593
vt 0.8241641 0.02174644
vt 0.75 0.01000001
vt 0.6758359 0.02174644
vt 0.6089315 0.05583593
vt 0.555836 0.1089316
vt 0.5217465 0.1758359
vt 0.51 0.25
vt 0.5217465 0.3241641
vt 0.555836 0.3910685
vt 0.6089315 0.4441641
vt 0.3241641 0.4782536
vt 0.1758359 0.4782536
vt 0.02174643 0.3241641
vt 0.02174643 0.1758359
vt 0.1758359 0.02174643
vt 0.3241641 0.02174643
vt 0.4782536 0.1758359
vt 0.4782536 0.3241641
vt 0.6758359 0.4782536
vt 0.8241641 0.4782536
vt 0.9782536 0.3241641
vt 0.9782536 0.1758359
vt 0.8241641 0.02174643
vt 0.6758359 0.02174643
vt 0.5217464 0.1758359
vt 0.5217464 0.3241641
vt 0.3910685 0.4441641
vt 0.1089315 0.4441641
vt 0.05583592 0.3910685
vt 0.05583592 0.1089315
vt 0.1089315 0.05583592
vt 0.3910685 0.05583592
vt 0.4441641 0.1089315
vt 0.4441641 0.3910685
vt 0.8910685 0.4441641
vt 0.9441641 0.3910685
vt 0.9441641 0.1089315
vt 0.8910685 0.05583592
vt 0.6089315 0.05583592
vt 0.5558359 0.1089315
vt 0.5558359 0.3910685
vt 0.6089315 0.4441641
vn -0.2676438 -0.9635179 0
vn -0.9635179 0.2676438 0
vn 0.2676438 0.9635179 0
vn 0.9635179 -0.2676438 0
vn 0 0 -1
vn 0 0 1
vn 0.1564344 0.9876884 0
vn 0.4539906 0.8910065 0
vn 0.7071068 0.7071067 0
vn 0.8910065 0.4539907 0
vn 0.9876884 0.1564344 0
vn 0.9876884 -0.1564344 0
vn 0.8910065 -0.4539907 0
vn 0.7071068 -0.7071067 0
vn 0.4539906 -0.8910065 0
vn 0.1564344 -0.9876884 0
vn -0.1564344 -0.9876884 0
vn -0.4539906 -0.8910065 0
vn -0.7071068 -0.7071067 0
vn -0.8910065 -0.4539907 0
vn -0.9876884 -0.1564344 0
vn -0.9876884 0.1564344 0
vn -0.8910065 0.4539907 0
vn -0.7071068 0.7071067 0
vn 2.678954e-08 0 1
vn -0.4539906 0.8910065 0
vn -0.1564344 0.9876884 0
vn -1.339477e-08 0 -1
vn 0.1564343 0.9876884 0
vn 0.4539908 0.8910064 0
vn 0.8910064 0.4539908 0
vn 0.9876883 0.1564343 0
vn 0.9876883 -0.1564343 0
vn 0.8910064 -0.4539908 0
vn 0.4539908 -0.8910064 0
vn 0.1564343 -0.9876884 0
vn -0.1564343 -0.9876884 0
vn -0.4539908 -0.8910064 0
vn -0.8910064 -0.4539908 0
vn -0.9876883 -0.1564343 0
vn -0.9876883 0.1564343 0
vn -0.8910064 0.4539908 0
vn 3.870067e-10 0 1
vn -0.4539908 0.8910064 0
vn -0.1564343 0.9876884 0
vn 1.935034e-09 0 -1
vn 0.1564344 0.9876883 0
vn 0.4539906 0.8910065 0
vn 0.7071068 0.7071068 0
vn 0.8910065 0.4539905 0
vn 0.9876884 0.1564345 0
vn 0.9876884 -0.1564345 0
vn 0.8910065 -0.4539905 0
vn 0.7071068 -0.7071068 0
vn 0.4539906 -0.8910065 0
vn 0.1564344 -0.9876883 0
vn -0.1564344 -0.9876883 0
vn -0.4539906 -0.8910065 0
vn -0.7071068 -0.7071068 0
vn -0.8910065 -0.4539905 0
vn -0.9876884 -0.1564345 0
vn -0.9876884 0.1564345 0
vn -0.8910065 0.4539905 0
vn -0.7071068 0.7071068 0
vn 1.823954e-09 0 1
vn -0.4539906 0.8910065 0
vn -0.1564344 0.9876883 0
vn 1.276768e-09 0 -1
vn 0.1564343 0.9876884 0
vn 0.4539905 0.8910065 0
vn 0.7071067 0.7071068 0
vn 0.9876884 0.1564342 0
vn 0.9876884 -0.1564342 0
vn 0.7071067 -0.7071068 0
vn 0.4539905 -0.8910065 0
vn 0.1564343 -0.9876884 0
vn -0.1564343 -0.9876884 0
vn -0.4539905 -0.8910065 0
vn -0.7071067 -0.7071068 0
vn -0.9876884 -0.1564342 0
vn -0.9876884 0.1564342 0
vn -0.7071067 0.7071068 0
vn -6.976442e-09 0 1
vn -0.4539905 0.8910065 0
vn -0.1564343 0.9876884 0
vn -4.650961e-09 0 -1
vn 0.1564343 0.9876884 0
vn 0.4539906 0.8910065 0
vn 0.7071068 0.7071068 0
vn 0.9876884 0.1564342 0
vn 0.9876884 -0.1564342 0
vn 0.7071068 -0.7071068 0
vn 0.4539906 -0.8910065 0
vn 0.1564343 -0.9876884 0
vn -0.1564343 -0.9876884 0
vn -0.4539906 -0.8910065 0
vn -0.7071068 -0.7071068 0
vn -0.9876884 -0.1564342 0
vn -0.9876884 0.1564342 0
vn -0.7071068 0.7071068 0
vn -1.149682e-08 0 1
vn -0.4539906 0.8910065 0
vn -0.1564343 0.9876884 0
vn -1.149682e-08 0 -1
f 1/1/1 2/2/1 3/3/1
f 1/1/1 3/3/1 4/4/1
f 4/4/2 3/3/2 5/5/2
f 4/4/2 5/5/2 6/6/2
f 6/6/3 5/5/3 7/7/3
f 6/6/3 7/7/3 8/8/3
f 8/8/4 7/7/4 2/9/4
f 8/8/4 2/9/4 1/10/4
f 4/11/5 6/6/5 8/8/5
f 4/11/5 8/8/5 1/12/5
f 5/5/6 3/13/6 2/14/6
f 5/5/6 2/14/6 7/7/6
f 9/1/1 10/2/1 11/3/1
f 9/1/1 11/3/1 12/4/1
f 12/4/2 11/3/2 13/5/2
f 12/4/2 13/5/2 14/6/2
f 14/6/3 13/5/3 15/7/3
f 14/6/3 15/7/3 16/8/3
f 16/8/4 15/7/4 10/9/4
f 16/8/4 10/9/4 9/10/4
f 12/11/5 14/6/5 16/8/5
f 12/11/5 16/8/5 9/12/5
f 13/5/6 11/13/6 10/14/6
f 13/5/6 10/14/6 15/7/6
f 17/1/1 18/2/1 19/3/1
f 17/1/1 19/3/1 20/4/1
f 20/4/2 19/3/2 21/5/2
f 20/4/2 21/5/2 22/6/2
f 22/6/3 21/5/3 23/7/3
f 22/6/3 23/7/3 24/8/3
f 24/8/4 23/7/4 18/9/4
f 24/8/4 18/9/4 17/10/4
f 20/11/5 22/6/5 24/8/5
f 20/11/5 24/8/5 17/12/5
f 21/5/6 19/13/6 18/14/6
f 21/5/6 18/14/6 23/7/6
f 25/1/1 26/2/1 27/3/1
f 25/1/1 27/3/1 28/4/1
f 28/4/2 27/3/2 29/5/2
f 28/4/2 29/5/2 30/6/2
f 30/6/3 29/5/3 31/7/3
f 30/6/3 31/7/3 32/8/3
f 32/8/4 31/7/4 26/9/4
f 32/8/4 26/9/4 25/10/4
f 28/11/5 30/6/5 32/8/5
f 28/11/5 32/8/5 25/12/5
f 29/5/6 27/13/6 26/14/6
f 29/5/6 26/14/6 31/7/6
f 33/1/1 34/2/1 35/3/1
f 33/1/1 35/3/1 36/4/1
f 36/4/2 35/3/2 37/5/2
f 36/4/2 37/5/2 38/6/2
f 38/6/3 37/5/3 39/7/3
f 38/6/3 39/7/3 40/8/3
f 40/8/4 39/7/4 34/9/4
f 40/8/4 34/9/4 33/10/4
f 36/11/5 38/6/5 40/8/5
f 36/11/5 40/8/5 33/12/5
f 37/5/6 35/13/6 34/14/6
f 37/5/6 34/14/6 39/7/6
f 41/1/1 42/2/1 43/3/1
f 41/1/1 43/3/1 44/4/1
f 44/4/2 43/3/2 45/5/2
f 44/4/2 45/5/2 46/6/2
f 46/6/3 45/5/3 47/7/3
f 46/6/3 47/7/3 48/8/3
f 48/8/4 47/7/4 42/9/4
f 48/8/4 42/9/4 41/10/4
f 44/11/5 46/6/5 48/8/5
f 44/11/5 48/8/5 41/12/5
f 45/5/6 43/13/6 42/14/6
f 45/5/6 42/14/6 47/7/6
f 49/15/7 50/16/7 51/17/7
f 49/15/7 51/17/7 52/18/7
f 52/18/8 51/17/8 53/19/8
f 52/18/8 53/19/8 54/20/8
f 54/20/9 53/19/9 55/21/9
f 54/20/9 55/21/9 56/22/9
f 56/22/10 55/21/10 57/23/10
f 56/22/10 57/23/10 58/24/10
f 58/24/11 57/23/11 59/25/11
f 58/24/11 59/25/11 60/26/11
f 60/26/12 59/25/12 61/27/12
f 60/26/12 61/27/12 62/28/12
f 62/28/13 61/27/13 63/29/13
f 62/28/13 63/29/13 64/30/13
f 64/30/14 63/29/14 65/31/14
f 64/30/14 65/31/14 66/32/14
f 66/32/15 65/31/15 67/33/15
f 66/32/15 67/33/15 68/34/15
f 68/34/16 67/33/16 69/35/16
f 68/34/16 69/35/16 70/36/16
f 70/36/17 69/35/17 71/37/17
f 70/36/17 71/37/17 72/38/17
f 72/38/18 71/37/18 73/39/18
f 72/38/18 73/39/18 74/40/18
f 74/40/19 73/39/19 75/41/19
f 74/40/19 75/41/19 76/42/19
f 76/42/20 75/41/20 77/43/20
f 76/42/20 77/43/20 78/44/20
f 78/44/21 77/43/21 79/45/21
f 78/44/21 79/45/21 80/46/21
f 80/46/22 79/45/22 81/47/22
f 80/46/22 81/47/22 82/48/22
f 82/48/23 81/47/23 83/49/23
f 82/48/23 83/49/23 84/50/23
f 84/50/24 83/49/24 85/51/24
f 84/50/24 85/51/24 86/52/24
f 53/53/25 51/54/25 50/55/25
f 50/55/25 87/56/25 85/57/25
f 85/57/25 83/58/25 81/59/25
f 81/59/25 79/60/25 77/61/25
f 77/61/25 75/62/25 73/63/25
f 73/63/25 71/64/25 69/65/25
f 69/65/25 67/66/25 65/67/25
f 65/67/25 63/68/25 61/69/25
f 61/69/25 59/70/25 57/71/25
f 57/71/25 55/72/25 53/53/25
f 53/53/25 50/55/25 85/57/25
f 85/57/25 81/59/25 77/61/25
f 77/61/25 73/63/25 69/65/25
f 69/65/25 65/67/25 61/69/25
f 61/69/25 57/71/25 53/53/25
f 53/53/25 85/57/25 77/61/25
f 77/61/25 69/65/25 61/69/25
f 77/61/25 61/69/25 53/53/25
f 86/52/26 85/51/26 87/73/26
f 86/52/26 87/73/26 88/74/26
f 88/74/27 87/73/27 50/75/27
f 88/74/27 50/75/27 49/76/27
f 88/77/28 49/78/28 52/79/28
f 52/79/28 54/80/28 56/81/28
f 56/81/28 58/82/28 60/83/28
f 60/83/28 62/84/28 64/85/28
f 64/85/28 66/86/28 68/87/28
f 68/87/28 70/88/28 72/89/28
f 72/89/28 74/90/28 76/91/28
f 76/91/28 78/92/28 80/93/28
f 80/93/28 82/94/28 84/95/28
f 84/95/28 86/96/28 88/77/28
f 88/77/28 52/79/28 56/81/28
f 56/81/28 60/83/28 64/85/28
f 64/85/28 68/87/28 72/89/28
f 72/89/28 76/91/28 80/93/28
f 80/93/28 84/95/28 88/77/28
f 88/77/28 56/81/28 64/85/28
f 64/85/28 72/89/28 80/93/28
f 64/85/28 80/93/28 88/77/28
f 89/15/29 90/16/29 91/17/29
f 89/15/29 91/17/29 92/18/29
f 92/18/30 91/17/30 93/19/30
f 92/18/30 93/19/30 94/20/30
f 94/20/9 93/19/9 95/21/9
f 94/20/9 95/21/9 96/22/9
f 96/22/31 95/21/31 97/23/31
f 96/22/31 97/23/31 98/24/31
f 98/24/32 97/23/32 99/25/32
f 98/24/32 99/25/32 100/26/32
f 100/26/33 99/25/33 101/27/33
f 100/26/33 101/27/33 102/28/33
f 102/28/34 101/27/34 103/29/34
f 102/28/34 103/29/34 104/30/34
f 104/30/14 103/29/14 105/31/14
f 104/30/14 105/31/14 106/32/14
f 106/32/35 105/31/35 107/33/35
f 106/32/35 107/33/35 108/34/35
f 108/34/36 107/33/36 109/35/36
f 108/34/36 109/35/36 110/36/36
f 110/36/37 109/35/37 111/37/37
f 110/36/37 111/37/37 112/38/37
f 112/38/38 111/37/38 113/39/38
f 112/38/38 113/39/38 114/40/38
f 114/40/19 113/39/19 115/41/19
f 114/40/19 115/41/19 116/42/19
f 116/42/39 115/41/39 117/43/39
f 116/42/39 117/43/39 118/44/39
f 118/44/40 117/43/40 119/45/40
f 118/44/40 119/45/40 120/46/40
f 120/46/41 119/45/41 121/47/41
f 120/46/41 121/47/41 122/48/41
f 122/48/42 121/47/42 123/49/42
f 122/48/42 123/49/42 124/50/42
f 124/50/24 123/49/24 125/51/24
f 124/50/24 125/51/24 126/52/24
f 93/53/43 91/97/43 90/55/43
f 90/55/43 127/98/43 125/57/43
f 125/57/43 123/58/43 121/99/43
f 121/99/43 119/60/43 117/100/43
f 117/100/43 115/62/43 113/63/43
f 113/63/43 111/101/43 109/65/43
f 109/65/43 107/102/43 105/67/43
f 105/67/43 103/68/43 101/103/43
f 101/103/43 99/70/43 97/104/43
f 97/104/43 95/72/43 93/53/43
f 93/53/43 90/55/43 125/57/43
f 125/57/43 121/99/43 117/100/43
f 117/100/43 113/63/43 109/65/43
f 109/65/43 105/67/43 101/103/43
f 101/103/43 97/104/43 93/53/43
f 93/53/43 125/57/43 117/100/43
f 117/100/43 109/65/43 101/103/43
f 117/100/43 101/103/43 93/53/43
f 126/52/44 125/51/44 127/73/44
f 126/52/44 127/73/44 128/74/44
f 128/74/45 127/73/45 90/75/45
f 128/74/45 90/75/45 89/76/45
f 128/105/46 89/78/46 92/106/46
f 92/106/46 94/80/46 96/81/46
f 96/81/46 98/107/46 100/83/46
f 100/83/46 102/108/46 104/85/46
f 104/85/46 106/86/46 108/109/46
f 108/109/46 110/88/46 112/110/46
f 112/110/46 114/90/46 116/91/46
f 116/91/46 118/111/46 120/93/46
f 120/93/46 122/112/46 124/95/46
f 124/95/46 126/96/46 128/105/46
f 128/105/46 92/106/46 96/81/46
f 96/81/46 100/83/46 104/85/46
f 104/85/46 108/109/46 112/110/46
f 112/110/46 116/91/46 120/93/46
f 120/93/46 124/95/46 128/105/46
f 128/105/46 96/81/46 104/85/46
f 104/85/46 112/110/46 120/93/46
f 104/85/46 120/93/46 128/105/46
f 129/15/29 130/16/29 131/17/29
f 129/15/29 131/17/29 132/18/29
f 132/18/30 131/17/30 133/19/30
f 132/18/30 133/19/30 134/20/30
f 134/20/9 133/19/9 135/21/9
f 134/20/9 135/21/9 136/22/9
f 136/22/31 135/21/31 137/23/31
f 136/22/31 137/23/31 138/24/31
f 138/24/32 137/23/32 139/25/32
f 138/24/32 139/25/32 140/26/32
f 140/26/33 139/25/33 141/27/33
f 140/26/33 141/27/33 142/28/33
f 142/28/34 141/27/34 143/29/34
f 142/28/34 143/29/34 144/30/34
f 144/30/14 143/29/14 145/31/14
f 144/30/14 145/31/14 146/32/14
f 146/32/35 145/31/35 147/33/35
f 146/32/35 147/33/35 148/34/35
f 148/34/36 147/33/36 149/35/36
f 148/34/36 149/35/36 150/36/36
f 150/36/37 149/35/37 151/37/37
f 150/36/37 151/37/37 152/38/37
f 152/38/38 151/37/38 153/39/38
f 152/38/38 153/39/38 154/40/38
f 154/40/19 153/39/19 155/41/19
f 154/40/19 155/41/19 156/42/19
f 156/42/39 155/41/39 157/43/39
f 156/42/39 157/43/39 158/44/39
f 158/44/40 157/43/40 159/45/40
f 158/44/40 159/45/40 160/46/40
f 160/46/41 159/45/41 161/47/41
f 160/46/41 161/47/41 162/48/41
f 162/48/42 161/47/42 163/49/42
f 162/48/42 163/49/42 164/50/42
f 164/50/24 163/49/24 165/51/24
f 164/50/24 165/51/24 166/52/24
f 133/53/43 131/97/43 130/55/43
f 130/55/43 167/98/43 165/57/43
f 165/57/43 163/58/43 161/99/43
f 161/99/43 159/60/43 157/100/43
f 157/100/43 155/62/43 153/63/43
f 153/63/43 151/101/43 149/65/43
f 149/65/43 147/102/43 145/67/43
f 145/67/43 143/68/43 141/103/43
f 141/103/43 139/70/43 137/104/43
f 137/104/43 135/72/43 133/53/43
f 133/53/43 130/55/43 165/57/43
f 165/57/43 161/99/43 157/100/43
f 157/100/43 153/63/43 149/65/43
f 149/65/43 145/67/43 141/103/43
f 141/103/43 137/104/43 133/53/43
f 133/53/43 165/57/43 157/100/43
f 157/100/43 149/65/43 141/103/43
f 157/100/43 141/103/43 133/53/43
f 166/52/44 165/51/44 167/73/44
f 166/52/44 167/73/44 168/74/44
f 168/74/45 167/73/45 130/75/45
f 168/74/45 130/75/45 129/76/45
f 168/105/46 129/78/46 132/106/46
f 132/106/46 134/80/46 136/81/46
f 136/81/46 138/107/46 140/83/46
f 140/83/46 142/108/46 144/85/46
f 144/85/46 146/86/46 148/109/46
f 148/109/46 150/88/46 152/110/46
f 152/110/46 154/90/46 156/91/46
f 156/91/46 158/111/46 160/93/46
f 160/93/46 162/112/46 164/95/46
f 164/95/46 166/96/46 168/105/46
f 168/105/46 132/106/46 136/81/46
f 136/81/46 140/83/46 144/85/46
f 144/85/46 148/109/46 152/110/46
f 152/110/46 156/91/46 160/93/46
f 160/93/46 164/95/46 168/105/46
f 168/105/46 136/81/46 144/85/46
f 144/85/46 152/110/46 160/93/46
f 144/85/46 160/93/46 168/105/46
f 169/15/7 170/16/7 171/17/7
f 169/15/7 171/17/7 172/18/7
f 172/18/8 171/17/8 173/19/8
f 172/18/8 173/19/8 174/20/8
f 174/20/9 173/19/9 175/21/9
f 174/20/9 175/21/9 176/22/9
f 176/22/10 175/21/10 177/23/10
f 176/22/10 177/23/10 178/24/10
f 178/24/11 177/23/11 179/25/11
f 178/24/11 179/25/11 180/26/11
f 180/26/12 179/25/12 181/27/12
f 180/26/12 181/27/12 182/28/12
f 182/28/13 181/27/13 183/29/13
f 182/28/13 183/29/13 184/30/13
f 184/30/14 183/29/14 185/31/14
f 184/30/14 185/31/14 186/32/14
f 186/32/15 185/31/15 187/33/15
f 186/32/15 187/33/15 188/34/15
f 188/34/16 187/33/16 189/35/16
f 188/34/16 189/35/16 190/36/16
f 190/36/17 189/35/17 191/37/17
f 190/36/17 191/37/17 192/38/17
f 192/38/18 191/37/18 193/39/18
f 192/38/18 193/39/18 194/40/18
f 194/40/19 193/39/19 195/41/19
f 194/40/19 195/41/19 196/42/19
f 196/42/20 195/41/20 197/43/20
f 196/42/20 197/43/20 198/44/20
f 198/44/21 197/43/21 199/45/21
f 198/44/21 199/45/21 200/46/21
f 200/46/22 199/45/22 201/47/22
f 200/46/22 201/47/22 202/48/22
f 202/48/23 201/47/23 203/49/23
f 202/48/23 203/49/23 204/50/23
f 204/50/24 203/49/24 205/51/24
f 204/50/24 205/51/24 206/52/24
f 173/53/25 171/54/25 170/55/25
f 170/55/25 207/56/25 205/57/25
f 205/57/25 203/58/25 201/59/25
f 201/59/25 199/60/25 197/61/25
f 197/61/25 195/62/25 193/63/25
f 193/63/25 191/64/25 189/65/25
f 189/65/25 187/66/25 185/67/25
f 185/67/25 183/68/25 181/69/25
f 181/69/25 179/70/25 177/71/25
f 177/71/25 175/72/25 173/53/25
f 173/53/25 170/55/25 205/57/25
f 205/57/25 201/59/25 197/61/25
f 197/61/25 193/63/25 189/65/25
f 189/65/25 185/67/25 181/69/25
f 181/69/25 177/71/25 173/53/25
f 173/53/25 205/57/25 197/61/25
f 197/61/25 189/65/25 181/69/25
f 197/61/25 181/69/25 173/53/25
f 206/52/26 205/51/26 207/73/26
f 206/52/26 207/73/26 208/74/26
f 208/74/27 207/73/27 170/75/27
f 208/74/27 170/75/27 169/76/27
f 208/77/28 169/78/28 172/79/28
f 172/79/28 174/80/28 176/81/28
f 176/81/28 178/82/28 180/83/28
f 180/83/28 182/84/28 184/85/28
f 184/85/28 186/86/28 188/87/28
f 188/87/28 190/88/28 192/89/28
f 192/89/28 194/90/28 196/91/28
f 196/91/28 198/92/28 200/93/28
f 200/93/28 202/94/28 204/95/28
f 204/95/28 206/96/28 208/77/28
f 208/77/28 172/79/28 176/81/28
f 176/81/28 180/83/28 184/85/28
f 184/85/28 188/87/28 192/89/28
f 192/89/28 196/91/28 200/93/28
f 200/93/28 204/95/28 208/77/28
f 208/77/28 176/81/28 184/85/28
f 184/85/28 192/89/28 200/93/28
f 184/85/28 200/93/28 208/77/28
f 209/15/29 210/16/29 211/17/29
f 209/15/29 211/17/29 212/18/29
f 212/18/30 211/17/30 213/19/30
f 212/18/30 213/19/30 214/20/30
f 214/20/9 213/19/9 215/21/9
f 214/20/9 215/21/9 216/22/9
f 216/22/31 215/21/31 217/23/31
f 216/22/31 217/23/31 218/24/31
f 218/24/32 217/23/32 219/25/32
f 218/24/32 219/25/32 220/26/32
f 220/26/33 219/25/33 221/27/33
f 220/26/33 221/27/33 222/28/33
f 222/28/34 221/27/34 223/29/34
f 222/28/34 223/29/34 224/30/34
f 224/30/14 223/29/14 225/31/14
f 224/30/14 225/31/14 226/32/14
f 226/32/35 225/31/35 227/33/35
f 226/32/35 227/33/35 228/34/35
f 228/34/36 227/33/36 229/35/36
f 228/34/36 229/35/36 230/36/36
f 230/36/37 229/35/37 231/37/37
f 230/36/37 231/37/37 232/38/37
f 232/38/38 231/37/38 233/39/38
f 232/38/38 233/39/38 234/40/38
f 234/40/19 233/39/19 235/41/19
f 234/40/19 235/41/19 236/42/19
f 236/42/39 235/41/39 237/43/39
f 236/42/39 237/43/39 238/44/39
f 238/44/40 237/43/40 239/45/40
f 238/44/40 239/45/40 240/46/40
f 240/46/41 239/45/41 241/47/41
f 240/46/41 241/47/41 242/48/41
f 242/48/42 241/47/42 243/49/42
f 242/48/42 243/49/42 244/50/42
f 244/50/24 243/49/24 245/51/24
f 244/50/24 245/51/24 246/52/24
f 213/53/43 211/97/43 210/55/43
f 210/55/43 247/98/43 245/57/43
f 245/57/43 243/58/43 241/99/43
f 241/99/43 239/60/43 237/100/43
f 237/100/43 235/62/43 233/63/43
f 233/63/43 231/101/43 229/65/43
f 229/65/43 227/102/43 225/67/43
f 225/67/43 223/68/43 221/103/43
f 221/103/43 219/70/43 217/104/43
f 217/104/43 215/72/43 213/53/43
f 213/53/43 210/55/43 245/57/43
f 245/57/43 241/99/43 237/100/43
f 237/100/43 233/63/43 229/65/43
f 229/65/43 225/67/43 221/103/43
f 221/103/43 217/104/43 213/53/43
f 213/53/43 245/57/43 237/100/43
f 237/100/43 229/65/43 221/103/43
f 237/100/43 221/103/43 213/53/43
f 246/52/44 245/51/44 247/73/44
f 246/52/44 247/73/44 248/74/44
f 248/74/45 247/73/45 210/75/45
f 248/74/45 210/75/45 209/76/45
f 248/105/46 209/78/46 212/106/46
f 212/106/46 214/80/46 216/81/46
f 216/81/46 218/107/46 220/83/46
f 220/83/46 222/108/46 224/85/46
f 224/85/46 226/86/46 228/109/46
f 228/109/46 230/88/46 232/110/46
f 232/110/46 234/90/46 236/91/46
f 236/91/46 238/111/46 240/93/46
f 240/93/46 242/112/46 244/95/46
f 244/95/46 246/96/46 248/105/46
f 248/105/46 212/106/46 216/81/46
f 216/81/46 220/83/46 224/85/46
f 224/85/46 228/109/46 232/110/46
f 232/110/46 236/91/46 240/93/46
f 240/93/46 244/95/46 248/105/46
f 248/105/46 216/81/46 224/85/46
f 224/85/46 232/110/46 240/93/46
f 224/85/46 240/93/46 248/105/46
f 249/15/29 250/16/29 251/17/29
f 249/15/29 251/17/29 252/18/29
f 252/18/30 251/17/30 253/19/30
f 252/18/30 253/19/30 254/20/30
f 254/20/9 253/19/9 255/21/9
f 254/20/9 255/21/9 256/22/9
f 256/22/31 255/21/31 257/23/31
f 256/22/31 257/23/31 258/24/31
f 258/24/32 257/23/32 259/25/32
f 258/24/32 259/25/32 260/26/32
f 260/26/33 259/25/33 261/27/33
f 260/26/33 261/27/33 262/28/33
f 262/28/34 261/27/34 263/29/34
f 262/28/34 263/29/34 264/30/34
f 264/30/14 263/29/14 265/31/14
f 264/30/14 265/31/14 266/32/14
f 266/32/35 265/31/35 267/33/35
f 266/32/35 267/33/35 268/34/35
f 268/34/36 267/33/36 269/35/36
f 268/34/36 269/35/36 270/36/36
f 270/36/37 269/35/37 271/37/37
f 270/36/37 271/37/37 272/38/37
f 272/38/38 271/37/38 273/39/38
f 272/38/38 273/39/38 274/40/38
f 274/40/19 273/39/19 275/41/19
f 274/40/19 275/41/19 276/42/19
f 276/42/39 275/41/39 277/43/39
f 276/42/39 277/43/39 278/44/39
f 278/44/40 277/43/40 279/45/40
f 278/44/40 279/45/40 280/46/40
f 280/46/41 279/45/41 281/47/41
f 280/46/41 281/47/41 282/48/41
f 282/48/42 281/47/42 283/49/42
f 282/48/42 283/49/42 284/50/42
f 284/50/24 283/49/24 285/51/24
f 284/50/24 285/51/24 286/52/24
f 253/53/43 251/97/43 250/55/43
f 250/55/43 287/98/43 285/57/43
f 285/57/43 283/58/43 281/99/43
f 281/99/43 279/60/43 277/100/43
f 277/100/43 275/62/43 273/63/43
f 273/63/43 271/101/43 269/65/43
f 269/65/43 267/102/43 265/67/43
f 265/67/43 263/68/43 261/103/43
f 261/103/43 259/70/43 257/104/43
f 257/104/43 255/72/43 253/53/43
f 253/53/43 250/55/43 285/57/43
f 285/57/43 281/99/43 277/100/43
f 277/100/43 273/63/43 269/65/43
f 269/65/43 265/67/43 261/103/43
f 261/103/43 257/104/43 253/53/43
f 253/53/43 285/57/43 277/100/43
f 277/100/43 269/65/43 261/103/43
f 277/100/43 261/103/43 253/53/43
f 286/52/44 285/51/44 287/73/44
f 286/52/44 287/73/44 288/74/44
f 288/74/45 287/73/45 250/75/45
f 288/74/45 250/75/45 249/76/45
f 288/105/46 249/78/46 252/106/46
f 252/106/46 254/80/46 256/81/46
f 256/81/46 258/107/46 260/83/46
f 260/83/46 262/108/46 264/85/46
f 264/85/46 266/86/46 268/109/46
f 268/109/46 270/88/46 272/110/46
f 272/110/46 274/90/46 276/91/46
f 276/91/46 278/111/46 280/93/46
f 280/93/46 282/112/46 284/95/46
f 284/95/46 286/96/46 288/105/46
f 288/105/46 252/106/46 256/81/46
f 256/81/46 260/83/46 264/85/46
f 264/85/46 268/109/46 272/110/46
f 272/110/46 276/91/46 280/93/46
f 280/93/46 284/95/46 288/105/46
f 288/105/46 256/81/46 264/85/46
f 264/85/46 272/110/46 280/93/46
f 264/85/46 280/93/46 288/105/46
f 289/15/7 290/16/7 291/17/7
f 289/15/7 291/17/7 292/18/7
f 292/18/8 291/17/8 293/19/8
f 292/18/8 293/19/8 294/20/8
f 294/20/9 293/19/9 295/21/9
f 294/20/9 295/21/9 296/22/9
f 296/22/10 295/21/10 297/23/10
f 296/22/10 297/23/10 298/24/10
f 298/24/11 297/23/11 299/25/11
f 298/24/11 299/25/11 300/26/11
f 300/26/12 299/25/12 301/27/12
f 300/26/12 301/27/12 302/28/12
f 302/28/13 301/27/13 303/29/13
f 302/28/13 303/29/13 304/30/13
f 304/30/14 303/29/14 305/31/14
f 304/30/14 305/31/14 306/32/14
f 306/32/15 305/31/15 307/33/15
f 306/32/15 307/33/15 308/34/15
f 308/34/16 307/33/16 309/35/16
f 308/34/16 309/35/16 310/36/16
f 310/36/17 309/35/17 311/37/17
f 310/36/17 311/37/17 312/38/17
f 312/38/18 311/37/18 313/39/18
f 312/38/18 313/39/18 314/40/18
f 314/40/19 313/39/19 315/41/19
f 314/40/19 315/41/19 316/42/19
f 316/42/20 315/41/20 317/43/20
f 316/42/20 317/43/20 318/44/20
f 318/44/21 317/43/21 319/45/21
f 318/44/21 319/45/21 320/46/21
f 320/46/22 319/45/22 321/47/22
f 320/46/22 321/47/22 322/48/22
f 322/48/23 321/47/23 323/49/23
f 322/48/23 323/49/23 324/50/23
f 324/50/24 323/49/24 325/51/24
f 324/50/24 325/51/24 326/52/24
f 293/53/25 291/54/25 290/55/25
f 290/55/25 327/56/25 325/57/25
f 325/57/25 323/58/25 321/59/25
f 321/59/25 319/60/25 317/61/25
f 317/61/25 315/62/25 313/63/25
f 313/63/25 311/64/25 309/65/25
f 309/65/25 307/66/25 305/67/25
f 305/67/25 303/68/25 301/69/25
f 301/69/25 299/70/25 297/71/25
f 297/71/25 295/72/25 293/53/25
f 293/53/25 290/55/25 325/57/25
f 325/57/25 321/59/25 317/61/25
f 317/61/25 313/63/25 309/65/25
f 309/65/25 305/67/25 301/69/25
f 301/69/25 297/71/25 293/53/25
f 293/53/25 325/57/25 317/61/25
f 317/61/25 309/65/25 301/69/25
f 317/61/25 301/69/25 293/53/25
f 326/52/26 325/51/26 327/73/26
f 326/52/26 327/73/26 328/74/26
f 328/74/27 327/73/27 290/75/27
f 328/74/27 290/75/27 289/76/27
f 328/77/28 289/78/28 292/79/28
f 292/79/28 294/80/28 296/81/28
f 296/81/28 298/82/28 300/83/28
f 300/83/28 302/84/28 304/85/28
f 304/85/28 306/86/28 308/87/28
f 308/87/28 310/88/28 312/89/28
f 312/89/28 314/90/28 316/91/28
f 316/91/28 318/92/28 320/93/28
f 320/93/28 322/94/28 324/95/28
f 324/95/28 326/96/28 328/77/28
f 328/77/28 292/79/28 296/81/28
f 296/81/28 300/83/28 304/85/28
f 304/85/28 308/87/28 312/89/28
f 312/89/28 316/91/28 320/93/28
f 320/93/28 324/95/28 328/77/28
f 328/77/28 296/81/28 304/85/28
f 304/85/28 312/89/28 320/93/28
f 304/85/28 320/93/28 328/77/28
f 329/15/29 330/16/29 331/17/29
f 329/15/29 331/17/29 332/18/29
f 332/18/30 331/17/30 333/19/30
f 332/18/30 333/19/30 334/20/30
f 334/20/9 333/19/9 335/21/9
f 334/20/9 335/21/9 336/22/9
f 336/22/31 335/21/31 337/23/31
f 336/22/31 337/23/31 338/24/31
f 338/24/32 337/23/32 339/25/32
f 338/24/32 339/25/32 340/26/32
f 340/26/33 339/25/33 341/27/33
f 340/26/33 341/27/33 342/28/33
f 342/28/34 341/27/34 343/29/34
f 342/28/34 343/29/34 344/30/34
f 344/30/14 343/29/14 345/31/14
f 344/30/14 345/31/14 346/32/14
f 346/32/35 345/31/35 347/33/35
f 346/32/35 347/33/35 348/34/35
f 348/34/36 347/33/36 349/35/36
f 348/34/36 349/35/36 350/36/36
f 350/36/37 349/35/37 351/37/37
f 350/36/37 351/37/37 352/38/37
f 352/38/38 351/37/38 353/39/38
f 352/38/38 353/39/38 354/40/38
f 354/40/19 353/39/19 355/41/19
f 354/40/19 355/41/19 356/42/19
f 356/42/39 355/41/39 357/43/39
f 356/42/39 357/43/39 358/44/39
f 358/44/40 357/43/40 359/45/40
f 358/44/40 359/45/40 360/46/40
f 360/46/41 359/45/41 361/47/41
f 360/46/41 361/47/41 362/48/41
f 362/48/42 361/47/42 363/49/42
f 362/48/42 363/49/42 364/50/42
f 364/50/24 363/49/24 365/51/24
f 364/50/24 365/51/24 366/52/24
f 333/53/43 331/97/43 330/55/43
f 330/55/43 367/98/43 365/57/43
f 365/57/43 363/58/43 361/99/43
f 361/99/43 359/60/43 357/100/43
f 357/100/43 355/62/43 353/63/43
f 353/63/43 351/101/43 349/65/43
f 349/65/43 347/102/43 345/67/43
f 345/67/43 343/68/43 341/103/43
f 341/103/43 339/70/43 337/104/43
f 337/104/43 335/72/43 333/53/43
f 333/53/43 330/55/43 365/57/43
f 365/57/43 361/99/43 357/100/43
f 357/100/43 353/63/43 349/65/43
f 349/65/43 345/67/43 341/103/43
f 341/103/43 337/104/43 333/53/43
f 333/53/43 365/57/43 357/100/43
f 357/100/43 349/65/43 341/103/43
f 357/100/43 341/103/43 333/53/43
f 366/52/44 365/51/44 367/73/44
f 366/52/44 367/73/44 368/74/44
f 368/74/45 367/73/45 330/75/45
f 368/74/45 330/75/45 329/76/45
f 368/105/46 329/78/46 332/106/46
f 332/106/46 334/80/46 336/81/46
f 336/81/46 338/107/46 340/83/46
f 340/83/46 342/108/46 344/85/46
f 344/85/46 346/86/46 348/109/46
f 348/109/46 350/88/46 352/110/46
f 352/110/46 354/90/46 356/91/46
f 356/91/46 358/111/46 360/93/46
f 360/93/46 362/112/46 364/95/46
f 364/95/46 366/96/46 368/105/46
f 368/105/46 332/106/46 336/81/46
f 336/81/46 340/83/46 344/85/46
f 344/85/46 348/109/46 352/110/46
f 352/110/46 356/91/46 360/93/46
f 360/93/46 364/95/46 368/105/46
f 368/105/46 336/81/46 344/85/46
f 344/85/46 352/110/46 360/93/46
f 344/85/46 360/93/46 368/105/46
f 369/15/29 370/16/29 371/17/29
f 369/15/29 371/17/29 372/18/29
f 372/18/30 371/17/30 373/19/30
f 372/18/30 373/19/30 374/20/30
f 374/20/9 373/19/9 375/21/9
f 374/20/9 375/21/9 376/22/9
f 376/22/31 375/21/31 377/23/31
f 376/22/31 377/23/31 378/24/31
f 378/24/32 377/23/32 379/25/32
f 378/24/32 379/25/32 380/26/32
f 380/26/33 379/25/33 381/27/33
f 380/26/33 381/27/33 382/28/33
f 382/28/34 381/27/34 383/29/34
f 382/28/34 383/29/34 384/30/34
f 384/30/14 383/29/14 385/31/14
f 384/30/14 385/31/14 386/32/14
f 386/32/35 385/31/35 387/33/35
f 386/32/35 387/33/35 388/34/35
f 388/34/36 387/33/36 389/35/36
f 388/34/36 389/35/36 390/36/36
f 390/36/37 389/35/37 391/37/37
f 390/36/37 391/37/37 392/38/37
f 392/38/38 391/37/38 393/39/38
f 392/38/38 393/39/38 394/40/38
f 394/40/19 393/39/19 395/41/19
f 394/40/19 395/41/19 396/42/19
f 396/42/39 395/41/39 397/43/39
f 396/42/39 397/43/39 398/44/39
f 398/44/40 397/43/40 399/45/40
f 398/44/40 399/45/40 400/46/40
f 400/46/41 399/45/41 401/47/41
f 400/46/41 401/47/41 402/48/41
f 402/48/42 401/47/42 403/49/42
f 402/48/42 403/49/42 404/50/42
f 404/50/24 403/49/24 405/51/24
f 404/50/24 405/51/24 406/52/24
f 373/53/43 371/97/43 370/55/43
f 370/55/43 407/98/43 405/57/43
f 405/57/43 403/58/43 401/99/43
f 401/99/43 399/60/43 397/100/43
f 397/100/43 395/62/43 393/63/43
f 393/63/43 391/101/43 389/65/43
f 389/65/43 387/102/43 385/67/43
f 385/67/43 383/68/43 381/103/43
f 381/103/43 379/70/43 377/104/43
f 377/104/43 375/72/43 373/53/43
f 373/53/43 370/55/43 405/57/43
f 405/57/43 401/99/43 397/100/43
f 397/100/43 393/63/43 389/65/43
f 389/65/43 385/67/43 381/103/43
f 381/103/43 377/104/43 373/53/43
f 373/53/43 405/57/43 397/100/43
f 397/100/43 389/65/43 381/103/43
f 397/100/43 381/103/43 373/53/43
f 406/52/44 405/51/44 407/73/44
f 406/52/44 407/73/44 408/74/44
f 408/74/45 407/73/45 370/75/45
f 408/74/45 370/75/45 369/76/45
f 408/105/46 369/78/46 372/106/46
f 372/106/46 374/80/46 376/81/46
f 376/81/46 378/107/46 380/83/46
f 380/83/46 382/108/46 384/85/46
f 384/85/46 386/86/46 388/109/46
f 388/109/46 390/88/46 392/110/46
f 392/110/46 394/90/46 396/91/46
f 396/91/46 398/111/46 400/93/46
f 400/93/46 402/112/46 404/95/46
f 404/95/46 406/96/46 408/105/46
f 408/105/46 372/106/46 376/81/46
f 376/81/46 380/83/46 384/85/46
f 384/85/46 388/109/46 392/110/46
f 392/110/46 396/91/46 400/93/46
f 400/93/46 404/95/46 408/105/46
f 408/105/46 376/81/46 384/85/46
f 384/85/46 392/110/46 400/93/46
f 384/85/46 400/93/46 408/105/46
f 409/15/7 410/16/7 411/17/7
f 409/15/7 411/17/7 412/18/7
f 412/18/8 411/17/8 413/19/8
f 412/18/8 413/19/8 414/20/8
f 414/20/9 413/19/9 415/21/9
f 414/20/9 415/21/9 416/22/9
f 416/22/10 415/21/10 417/23/10
f 416/22/10 417/23/10 418/24/10
f 418/24/11 417/23/11 419/25/11
f 418/24/11 419/25/11 420/26/11
f 420/26/12 419/25/12 421/27/12
f 420/26/12 421/27/12 422/28/12
f 422/28/13 421/27/13 423/29/13
f 422/28/13 423/29/13 424/30/13
f 424/30/14 423/29/14 425/31/14
f 424/30/14 425/31/14 426/32/14
f 426/32/15 425/31/15 427/33/15
f 426/32/15 427/33/15 428/34/15
f 428/34/16 427/33/16 429/35/16
f 428/34/16 429/35/16 430/36/16
f 430/36/17 429/35/17 431/37/17
f 430/36/17 431/37/17 432/38/17
f 432/38/18 431/37/18 433/39/18
f 432/38/18 433/39/18 434/40/18
f 434/40/19 433/39/19 435/41/19
f 434/40/19 435/41/19 436/42/19
f 436/42/20 435/41/20 437/43/20
f 436/42/20 437/43/20 438/44/20
f 438/44/21 437/43/21 439/45/21
f 438/44/21 439/45/21 440/46/21
f 440/46/22 439/45/22 441/47/22
f 440/46/22 441/47/22 442/48/22
f 442/48/23 441/47/23 443/49/23
f 442/48/23 443/49/23 444/50/23
f 444/50/24 443/49/24 445/51/24
f 444/50/24 445/51/24 446/52/24
f 413/53/25 411/54/25 410/55/25
f 410/55/25 447/56/25 445/57/25
f 445/57/25 443/58/25 441/59/25
f 441/59/25 439/60/25 437/61/25
f 437/61/25 435/62/25 433/63/25
f 433/63/25 431/64/25 429/65/25
f 429/65/25 427/66/25 425/67/25
f 425/67/25 423/68/25 421/69/25
f 421/69/25 419/70/25 417/71/25
f 417/71/25 415/72/25 413/53/25
f 413/53/25 410/55/25 445/57/25
f 445/57/25 441/59/25 437/61/25
f 437/61/25 433/63/25 429/65/25
f 429/65/25 425/67/25 421/69/25
f 421/69/25 417/71/25 413/53/25
f 413/53/25 445/57/25 437/61/25
f 437/61/25 429/65/25 421/69/25
f 437/61/25 421/69/25 413/53/25
f 446/52/26 445/51/26 447/73/26
f 446/52/26 447/73/26 448/74/26
f 448/74/27 447/73/27 410/75/27
f 448/74/27 410/75/27 409/76/27
f 448/77/28 409/78/28 412/79/28
f 412/79/28 414/80/28 416/81/28
f 416/81/28 418/82/28 420/83/28
f 420/83/28 422/84/28 424/85/28
f 424/85/28 426/86/28 428/87/28
f 428/87/28 430/88/28 432/89/28
f 432/89/28 434/90/28 436/91/28
f 436/91/28 438/92/28 440/93/28
f 440/93/28 442/94/28 444/95/28
f 444/95/28 446/96/28 448/77/28
f 448/77/28 412/79/28 416/81/28
f 416/81/28 420/83/28 424/85/28
f 424/85/28 428/87/28 432/89/28
f 432/89/28 436/91/28 440/93/28
f 440/93/28 444/95/28 448/77/28
f 448/77/28 416/81/28 424/85/28
f 424/85/28 432/89/28 440/93/28
f 424/85/28 440/93/28 448/77/28
f 449/15/29 450/16/29 451/17/29
f 449/15/29 451/17/29 452/18/29
f 452/18/30 451/17/30 453/19/30
f 452/18/30 453/19/30 454/20/30
f 454/20/9 453/19/9 455/21/9
f 454/20/9 455/21/9 456/22/9
f 456/22/31 455/21/31 457/23/31
f 456/22/31 457/23/31 458/24/31
f 458/24/32 457/23/32 459/25/32
f 458/24/32 459/25/32 460/26/32
f 460/26/33 459/25/33 461/27/33
f 460/26/33 461/27/33 462/28/33
f 462/28/34 461/27/34 463/29/34
f 462/28/34 463/29/34 464/30/34
f 464/30/14 463/29/14 465/31/14
f 464/30/14 465/31/14 466/32/14
f 466/32/35 465/31/35 467/33/35
f 466/32/35 467/33/35 468/34/35
f 468/34/36 467/33/36 469/35/36
f 468/34/36 469/35/36 470/36/36
f 470/36/37 469/35/37 471/37/37
f 470/36/37 471/37/37 472/38/37
f 472/38/38 471/37/38 473/39/38
f 472/38/38 473/39/38 474/40/38
f 474/40/19 473/39/19 475/41/19
f 474/40/19 475/41/19 476/42/19
f 476/42/39 475/41/39 477/43/39
f 476/42/39 477/43/39 478/44/39
f 478/44/40 477/43/40 479/45/40
f 478/44/40 479/45/40 480/46/40
f 480/46/41 479/45/41 481/47/41
f 480/46/41 481/47/41 482/48/41
f 482/48/42 481/47/42 483/49/42
f 482/48/42 483/49/42 484/50/42
f 484/50/24 483/49/24 485/51/24
f 484/50/24 485/51/24 486/52/24
f 453/53/43 451/97/43 450/55/43
f 450/55/43 487/98/43 485/57/43
f 485/57/43 483/58/43 481/99/43
f 481/99/43 479/60/43 477/100/43
f 477/100/43 475/62/43 473/63/43
f 473/63/43 471/101/43 469/65/43
f 469/65/43 467/102/43 465/67/43
f 465/67/43 463/68/43 461/103/43
f 461/103/43 459/70/43 457/104/43
f 457/104/43 455/72/43 453/53/43
f 453/53/43 450/55/43 485/57/43
f 485/57/43 481/99/43 477/100/43
f 477/100/43 473/63/43 469/65/43
f 469/65/43 465/67/43 461/103/43
f 461/103/43 457/104/43 453/53/43
f 453/53/43 485/57/43 477/100/43
f 477/100/43 469/65/43 461/103/43
f 477/100/43 461/103/43 453/53/43
f 486/52/44 485/51/44 487/73/44
f 486/52/44 487/73/44 488/74/44
f 488/74/45 487/73/45 450/75/45
f 488/74/45 450/75/45 449/76/45
f 488/105/46 449/78/46 452/106/46
f 452/106/46 454/80/46 456/81/46
f 456/81/46 458/107/46 460/83/46
f 460/83/46 462/108/46 464/85/46
f 464/85/46 466/86/46 468/109/46
f 468/109/46 470/88/46 472/110/46
f 472/110/46 474/90/46 476/91/46
f 476/91/46 478/111/46 480/93/46
f 480/93/46 482/112/46 484/95/46
f 484/95/46 486/96/46 488/105/46
f 488/105/46 452/106/46 456/81/46
f 456/81/46 460/83/46 464/85/46
f 464/85/46 468/109/46 472/110/46
f 472/110/46 476/91/46 480/93/46
f 480/93/46 484/95/46 488/105/46
f 488/105/46 456/81/46 464/85/46
f 464/85/46 472/110/46 480/93/46
f 464/85/46 480/93/46 488/105/46
f 489/15/29 490/16/29 491/17/29
f 489/15/29 491/17/29 492/18/29
f 492/18/30 491/17/30 493/19/30
f 492/18/30 493/19/30 494/20/30
f 494/20/9 493/19/9 495/21/9
f 494/20/9 495/21/9 496/22/9
f 496/22/31 495/21/31 497/23/31
f 496/22/31 497/23/31 498/24/31
f 498/24/32 497/23/32 499/25/32
f 498/24/32 499/25/32 500/26/32
f 500/26/33 499/25/33 501/27/33
f 500/26/33 501/27/33 502/28/33
f 502/28/34 501/27/34 503/29/34
f 502/28/34 503/29/34 504/30/34
f 504/30/14 503/29/14 505/31/14
f 504/30/14 505/31/14 506/32/14
f 506/32/35 505/31/35 507/33/35
f 506/32/35 507/33/35 508/34/35
f 508/34/36 507/33/36 509/35/36
f 508/34/36 509/35/36 510/36/36
f 510/36/37 509/35/37 511/37/37
f 510/36/37 511/37/37 512/38/37
f 512/38/38 511/37/38 513/39/38
f 512/38/38 513/39/38 514/40/38
f 514/40/19 513/39/19 515/41/19
f 514/40/19 515/41/19 516/42/19
f 516/42/39 515/41/39 517/43/39
f 516/42/39 517/43/39 518/44/39
f 518/44/40 517/43/40 519/45/40
f 518/44/40 519/45/40 520/46/40
f 520/46/41 519/45/41 521/47/41
f 520/46/41 521/47/41 522/48/41
f 522/48/42 521/47/42 523/49/42
f 522/48/42 523/49/42 524/50/42
f 524/50/24 523/49/24 525/51/24
f 524/50/24 525/51/24 526/52/24
f 493/53/43 491/97/43 490/55/43
f 490/55/43 527/98/43 525/57/43
f 525/57/43 523/58/43 521/99/43
f 521/99/43 519/60/43 517/100/43
f 517/100/43 515/62/43 513/63/43
f 513/63/43 511/101/43 509/65/43
f 509/65/43 507/102/43 505/67/43
f 505/67/43 503/68/43 501/103/43
f 501/103/43 499/70/43 497/104/43
f 497/104/43 495/72/43 493/53/43
f 493/53/43 490/55/43 525/57/43
f 525/57/43 521/99/43 517/100/43
f 517/100/43 513/63/43 509/65/43
f 509/65/43 505/67/43 501/103/43
f 501/103/43 497/104/43 493/53/43
f 493/53/43 525/57/43 517/100/43
f 517/100/43 509/65/43 501/103/43
f 517/100/43 501/103/43 493/53/43
f 526/52/44 525/51/44 527/73/44
f 526/52/44 527/73/44 528/74/44
f 528/74/45 527/73/45 490/75/45
f 528/74/45 490/75/45 489/76/45
f 528/105/46 489/78/46 492/106/46
f 492/106/46 494/80/46 496/81/46
f 496/81/46 498/107/46 500/83/46
f 500/83/46 502/108/46 504/85/46
f 504/85/46 506/86/46 508/109/46
f 508/109/46 510/88/46 512/110/46
f 512/110/46 514/90/46 516/91/46
f 516/91/46 518/111/46 520/93/46
f 520/93/46 522/112/46 524/95/46
f 524/95/46 526/96/46 528/105/46
f 528/105/46 492/106/46 496/81/46
f 496/81/46 500/83/46 504/85/46
f 504/85/46 508/109/46 512/110/46
f 512/110/46 516/91/46 520/93/46
f 520/93/46 524/95/46 528/105/46
f 528/105/46 496/81/46 504/85/46
f 504/85/46 512/110/46 520/93/46
f 504/85/46 520/93/46 528/105/46
f 529/15/7 530/16/7 531/17/7
f 529/15/7 531/17/7 532/18/7
f 532/18/8 531/17/8 533/19/8
f 532/18/8 533/19/8 534/20/8
f 534/20/9 533/19/9 535/21/9
f 534/20/9 535/21/9 536/22/9
f 536/22/10 535/21/10 537/23/10
f 536/22/10 537/23/10 538/24/10
f 538/24/11 537/23/11 539/25/11
f 538/24/11 539/25/11 540/26/11
f 540/26/12 539/25/12 541/27/12
f 540/26/12 541/27/12 542/28/12
f 542/28/13 541/27/13 543/29/13
f 542/28/13 543/29/13 544/30/13
f 544/30/14 543/29/14 545/31/14
f 544/30/14 545/31/14 546/32/14
f 546/32/15 545/31/15 547/33/15
f 546/32/15 547/33/15 548/34/15
f 548/34/16 547/33/16 549/35/16
f 548/34/16 549/35/16 550/36/16
f 550/36/17 549/35/17 551/37/17
f 550/36/17 551/37/17 552/38/17
f 552/38/18 551/37/18 553/39/18
f 552/38/18 553/39/18 554/40/18
f 554/40/19 553/39/19 555/41/19
f 554/40/19 555/41/19 556/42/19
f 556/42/20 555/41/20 557/43/20
f 556/42/20 557/43/20 558/44/20
f 558/44/21 557/43/21 559/45/21
f 558/44/21 559/45/21 560/46/21
f 560/46/22 559/45/22 561/47/22
f 560/46/22 561/47/22 562/48/22
f 562/48/23 561/47/23 563/49/23
f 562/48/23 563/49/23 564/50/23
f 564/50/24 563/49/24 565/51/24
f 564/50/24 565/51/24 566/52/24
f 533/53/25 531/54/25 530/55/25
f 530/55/25 567/56/25 565/57/25
f 565/57/25 563/58/25 561/59/25
f 561/59/25 559/60/25 557/61/25
f 557/61/25 555/62/25 553/63/25
f 553/63/25 551/64/25 549/65/25
f 549/65/25 547/66/25 545/67/25
f 545/67/25 543/68/25 541/69/25
f 541/69/25 539/70/25 537/71/25
f 537/71/25 535/72/25 533/53/25
f 533/53/25 530/55/25 565/57/25
f 565/57/25 561/59/25 557/61/25
f 557/61/25 553/63/25 549/65/25
f 549/65/25 545/67/25 541/69/25
f 541/69/25 537/71/25 533/53/25
f 533/53/25 565/57/25 557/61/25
f 557/61/25 549/65/25 541/69/25
f 557/61/25 541/69/25 533/53/25
f 566/52/26 565/51/26 567/73/26
f 566/52/26 567/73/26 568/74/26
f 568/74/27 567/73/27 530/75/27
f 568/74/27 530/75/27 529/76/27
f 568/77/28 529/78/28 532/79/28
f 532/79/28 534/80/28 536/81/28
f 536/81/28 538/82/28 540/83/28
f 540/83/28 542/84/28 544/85/28
f 544/85/28 546/86/28 548/87/28
f 548/87/28 550/88/28 552/89/28
f 552/89/28 554/90/28 556/91/28
f 556/91/28 558/92/28 560/93/28
f 560/93/28 562/94/28 564/95/28
f 564/95/28 566/96/28 568/77/28
f 568/77/28 532/79/28 536/81/28
f 536/81/28 540/83/28 544/85/28
f 544/85/28 548/87/28 552/89/28
f 552/89/28 556/91/28 560/93/28
f 560/93/28 564/95/28 568/77/28
f 568/77/28 536/81/28 544/85/28
f 544/85/28 552/89/28 560/93/28
f 544/85/28 560/93/28 568/77/28
f 569/15/29 570/16/29 571/17/29
f 569/15/29 571/17/29 572/18/29
f 572/18/30 571/17/30 573/19/30
f 572/18/30 573/19/30 574/20/30
f 574/20/9 573/19/9 575/21/9
f 574/20/9 575/21/9 576/22/9
f 576/22/31 575/21/31 577/23/31
f 576/22/31 577/23/31 578/24/31
f 578/24/32 577/23/32 579/25/32
f 578/24/32 579/25/32 580/26/32
f 580/26/33 579/25/33 581/27/33
f 580/26/33 581/27/33 582/28/33
f 582/28/34 581/27/34 583/29/34
f 582/28/34 583/29/34 584/30/34
f 584/30/14 583/29/14 585/31/14
f 584/30/14 585/31/14 586/32/14
f 586/32/35 585/31/35 587/33/35
f 586/32/35 587/33/35 588/34/35
f 588/34/36 587/33/36 589/35/36
f 588/34/36 589/35/36 590/36/36
f 590/36/37 589/35/37 591/37/37
f 590/36/37 591/37/37 592/38/37
f 592/38/38 591/37/38 593/39/38
f 592/38/38 593/39/38 594/40/38
f 594/40/19 593/39/19 595/41/19
f 594/40/19 595/41/19 596/42/19
f 596/42/39 595/41/39 597/43/39
f 596/42/39 597/43/39 598/44/39
f 598/44/40 597/43/40 599/45/40
f 598/44/40 599/45/40 600/46/40
f 600/46/41 599/45/41 601/47/41
f 600/46/41 601/47/41 602/48/41
f 602/48/42 601/47/42 603/49/42
f 602/48/42 603/49/42 604/50/42
f 604/50/24 603/49/24 605/51/24
f 604/50/24 605/51/24 606/52/24
f 573/53/43 571/97/43 570/55/43
f 570/55/43 607/98/43 605/57/43
f 605/57/43 603/58/43 601/99/43
f 601/99/43 599/60/43 597/100/43
f 597/100/43 595/62/43 593/63/43
f 593/63/43 591/101/43 589/65/43
f 589/65/43 587/102/43 585/67/43
f 585/67/43 583/68/43 581/103/43
f 581/103/43 579/70/43 577/104/43
f 577/104/43 575/72/43 573/53/43
f 573/53/43 570/55/43 605/57/43
f 605/57/43 601/99/43 597/100/43
f 597/100/43 593/63/43 589/65/43
f 589/65/43 585/67/43 581/103/43
f 581/103/43 577/104/43 573/53/43
f 573/53/43 605/57/43 597/100/43
f 597/100/43 589/65/43 581/103/43
f 597/100/43 581/103/43 573/53/43
f 606/52/44 605/51/44 607/73/44
f 606/52/44 607/73/44 608/74/44
f 608/74/45 607/73/45 570/75/45
f 608/74/45 570/75/45 569/76/45
f 608/105/46 569/78/46 572/106/46
f 572/106/46 574/80/46 576/81/46
f 576/81/46 578/107/46 580/83/46
f 580/83/46 582/108/46 584/85/46
f 584/85/46 586/86/46 588/109/46
f 588/109/46 590/88/46 592/110/46
f 592/110/46 594/90/46 596/91/46
f 596/91/46 598/111/46 600/93/46
f 600/93/46 602/112/46 604/95/46
f 604/95/46 606/96/46 608/105/46
f 608/105/46 572/106/46 576/81/46
f 576/81/46 580/83/46 584/85/46
f 584/85/46 588/109/46 592/110/46
f 592/110/46 596/91/46 600/93/46
f 600/93/46 604/95/46 608/105/46
f 608/105/46 576/81/46 584/85/46
f 584/85/46 592/110/46 600/93/46
f 584/85/46 600/93/46 608/105/46
f 609/15/29 610/16/29 611/17/29
f 609/15/29 611/17/29 612/18/29
f 612/18/30 611/17/30 613/19/30
f 612/18/30 613/19/30 614/20/30
f 614/20/9 613/19/9 615/21/9
f 614/20/9 615/21/9 616/22/9
f 616/22/31 615/21/31 617/23/31
f 616/22/31 617/23/31 618/24/31
f 618/24/32 617/23/32 619/25/32
f 618/24/32 619/25/32 620/26/32
f 620/26/33 619/25/33 621/27/33
f 620/26/33 621/27/33 622/28/33
f 622/28/34 621/27/34 623/29/34
f 622/28/34 623/29/34 624/30/34
f 624/30/14 623/29/14 625/31/14
f 624/30/14 625/31/14 626/32/14
f 626/32/35 625/31/35 627/33/35
f 626/32/35 627/33/35 628/34/35
f 628/34/36 627/33/36 629/35/36
f 628/34/36 629/35/36 630/36/36
f 630/36/37 629/35/37 631/37/37
f 630/36/37 631/37/37 632/38/37
f 632/38/38 631/37/38 633/39/38
f 632/38/38 633/39/38 634/40/38
f 634/40/19 633/39/19 635/41/19
f 634/40/19 635/41/19 636/42/19
f 636/42/39 635/41/39 637/43/39
f 636/42/39 637/43/39 638/44/39
f 638/44/40 637/43/40 639/45/40
f 638/44/40 639/45/40 640/46/40
f 640/46/41 639/45/41 641/47/41
f 640/46/41 641/47/41 642/48/41
f 642/48/42 641/47/42 643/49/42
f 642/48/42 643/49/42 644/50/42
f 644/50/24 643/49/24 645/51/24
f 644/50/24 645/51/24 646/52/24
f 613/53/43 611/97/43 610/55/43
f 610/55/43 647/98/43 645/57/43
f 645/57/43 643/58/43 641/99/43
f 641/99/43 639/60/43 637/100/43
f 637/100/43 635/62/43 633/63/43
f 633/63/43 631/101/43 629/65/43
f 629/65/43 627/102/43 625/67/43
f 625/67/43 623/68/43 621/103/43
f 621/103/43 619/70/43 617/104/43
f 617/104/43 615/72/43 613/53/43
f 613/53/43 610/55/43 645/57/43
f 645/57/43 641/99/43 637/100/43
f 637/100/43 633/63/43 629/65/43
f 629/65/43 625/67/43 621/103/43
f 621/103/43 617/104/43 613/53/43
f 613/53/43 645/57/43 637/100/43
f 637/100/43 629/65/43 621/103/43
f 637/100/43 621/103/43 613/53/43
f 646/52/44 645/51/44 647/73/44
f 646/52/44 647/73/44 648/74/44
f 648/74/45 647/73/45 610/75/45
f 648/74/45 610/75/45 609/76/45
f 648/105/46 609/78/46 612/106/46
f 612/106/46 614/80/46 616/81/46
f 616/81/46 618/107/46 620/83/46
f 620/83/46 622/108/46 624/85/46
f 624/85/46 626/86/46 628/109/46
f 628/109/46 630/88/46 632/110/46
f 632/110/46 634/90/46 636/91/46
f 636/91/46 638/111/46 640/93/46
f 640/93/46 642/112/46 644/95/46
f 644/95/46 646/96/46 648/105/46
f 648/105/46 612/106/46 616/81/46
f 616/81/46 620/83/46 624/85/46
f 624/85/46 628/109/46 632/110/46
f 632/110/46 636/91/46 640/93/46
f 640/93/46 644/95/46 648/105/46
f 648/105/46 616/81/46 624/85/46
f 624/85/46 632/110/46 640/93/46
f 624/85/46 640/93/46 648/105/46
f 649/15/7 650/16/7 651/17/7
f 649/15/7 651/17/7 652/18/7
f 652/18/8 651/17/8 653/19/8
f 652/18/8 653/19/8 654/20/8
f 654/20/9 653/19/9 655/21/9
f 654/20/9 655/21/9 656/22/9
f 656/22/10 655/21/10 657/23/10
f 656/22/10 657/23/10 658/24/10
f 658/24/11 657/23/11 659/25/11
f 658/24/11 659/25/11 660/26/11
f 660/26/12 659/25/12 661/27/12
f 660/26/12 661/27/12 662/28/12
f 662/28/13 661/27/13 663/29/13
f 662/28/13 663/29/13 664/30/13
f 664/30/14 663/29/14 665/31/14
f 664/30/14 665/31/14 666/32/14
f 666/32/15 665/31/15 667/33/15
f 666/32/15 667/33/15 668/34/15
f 668/34/16 667/33/16 669/35/16
f 668/34/16 669/35/16 670/36/16
f 670/36/17 669/35/17 671/37/17
f 670/36/17 671/37/17 672/38/17
f 672/38/18 671/37/18 673/39/18
f 672/38/18 673/39/18 674/40/18
f 674/40/19 673/39/19 675/41/19
f 674/40/19 675/41/19 676/42/19
f 676/42/20 675/41/20 677/43/20
f 676/42/20 677/43/20 678/44/20
f 678/44/21 677/43/21 679/45/21
f 678/44/21 679/45/21 680/46/21
f 680/46/22 679/45/22 681/47/22
f 680/46/22 681/47/22 682/48/22
f 682/48/23 681/47/23 683/49/23
f 682/48/23 683/49/23 684/50/23
f 684/50/24 683/49/24 685/51/24
f 684/50/24 685/51/24 686/52/24
f 653/53/25 651/54/25 650/55/25
f 650/55/25 687/56/25 685/57/25
f 685/57/25 683/58/25 681/59/25
f 681/59/25 679/60/25 677/61/25
f 677/61/25 675/62/25 673/63/25
f 673/63/25 671/64/25 669/65/25
f 669/65/25 667/66/25 665/67/25
f 665/67/25 663/68/25 661/69/25
f 661/69/25 659/70/25 657/71/25
f 657/71/25 655/72/25 653/53/25
f 653/53/25 650/55/25 685/57/25
f 685/57/25 681/59/25 677/61/25
f 677/61/25 673/63/25 669/65/25
f 669/65/25 665/67/25 661/69/25
f 661/69/25 657/71/25 653/53/25
f 653/53/25 685/57/25 677/61/25
f 677/61/25 669/65/25 661/69/25
f 677/61/25 661/69/25 653/53/25
f 686/52/26 685/51/26 687/73/26
f 686/52/26 687/73/26 688/74/26
f 688/74/27 687/73/27 650/75/27
f 688/74/27 650/75/27 649/76/27
f 688/77/28 649/78/28 652/79/28
f 652/79/28 654/80/28 656/81/28
f 656/81/28 658/82/28 660/83/28
f 660/83/28 662/84/28 664/85/28
f 664/85/28 666/86/28 668/87/28
f 668/87/28 670/88/28 672/89/28
f 672/89/28 674/90/28 676/91/28
f 676/91/28 678/92/28 680/93/28
f 680/93/28 682/94/28 684/95/28
f 684/95/28 686/96/28 688/77/28
f 688/77/28 652/79/28 656/81/28
f 656/81/28 660/83/28 664/85/28
f 664/85/28 668/87/28 672/89/28
f 672/89/28 676/91/28 680/93/28
f 680/93/28 684/95/28 688/77/28
f 688/77/28 656/81/28 664/85/28
f 664/85/28 672/89/28 680/93/28
f 664/85/28 680/93/28 688/77/28
f 689/15/29 690/16/29 691/17/29
f 689/15/29 691/17/29 692/18/29
f 692/18/30 691/17/30 693/19/30
f 692/18/30 693/19/30 694/20/30
f 694/20/9 693/19/9 695/21/9
f 694/20/9 695/21/9 696/22/9
f 696/22/31 695/21/31 697/23/31
f 696/22/31 697/23/31 698/24/31
f 698/24/32 697/23/32 699/25/32
f 698/24/32 699/25/32 700/26/32
f 700/26/33 699/25/33 701/27/33
f 700/26/33 701/27/33 702/28/33
f 702/28/34 701/27/34 703/29/34
f 702/28/34 703/29/34 704/30/34
f 704/30/14 703/29/14 705/31/14
f 704/30/14 705/31/14 706/32/14
f 706/32/35 705/31/35 707/33/35
f 706/32/35 707/33/35 708/34/35
f 708/34/36 707/33/36 709/35/36
f 708/34/36 709/35/36 710/36/36
f 710/36/37 709/35/37 711/37/37
f 710/36/37 711/37/37 712/38/37
f 712/38/38 711/37/38 713/39/38
f 712/38/38 713/39/38 714/40/38
f 714/40/19 713/39/19 715/41/19
f 714/40/19 715/41/19 716/42/19
f 716/42/39 715/41/39 717/43/39
f 716/42/39 717/43/39 718/44/39
f 718/44/40 717/43/40 719/45/40
f 718/44/40 719/45/40 720/46/40
f 720/46/41 719/45/41 721/47/41
f 720/46/41 721/47/41 722/48/41
f 722/48/42 721/47/42 723/49/42
f 722/48/42 723/49/42 724/50/42
f 724/50/24 723/49/24 725/51/24
f 724/50/24 725/51/24 726/52/24
f 693/53/43 691/97/43 690/55/43
f 690/55/43 727/98/43 725/57/43
f 725/57/43 723/58/43 721/99/43
f 721/99/43 719/60/43 717/100/43
f 717/100/43 715/62/43 713/63/43
f 713/63/43 711/101/43 709/65/43
f 709/65/43 707/102/43 705/67/43
f 705/67/43 703/68/43 701/103/43
f 701/103/43 699/70/43 697/104/43
f 697/104/43 695/72/43 693/53/43
f 693/53/43 690/55/43 725/57/43
f 725/57/43 721/99/43 717/100/43
f 717/100/43 713/63/43 709/65/43
f 709/65/43 705/67/43 701/103/43
f 701/103/43 697/104/43 693/53/43
f 693/53/43 725/57/43 717/100/43
f 717/100/43 709/65/43 701/103/43
f 717/100/43 701/103/43 693/53/43
f 726/52/44 725/51/44 727/73/44
f 726/52/44 727/73/44 728/74/44
f 728/74/45 727/73/45 690/75/45
f 728/74/45 690/75/45 689/76/45
f 728/105/46 689/78/46 692/106/46
f 692/106/46 694/80/46 696/81/46
f 696/81/46 698/107/46 700/83/46
f 700/83/46 702/108/46 704/85/46
f 704/85/46 706/86/46 708/109/46
f 708/109/46 710/88/46 712/110/46
f 712/110/46 714/90/46 716/91/46
f 716/91/46 718/111/46 720/93/46
f 720/93/46 722/112/46 724/95/46
f 724/95/46 726/96/46 728/105/46
f 728/105/46 692/106/46 696/81/46
f 696/81/46 700/83/46 704/85/46
f 704/85/46 708/109/46 712/110/46
f 712/110/46 716/91/46 720/93/46
f 720/93/46 724/95/46 728/105/46
f 728/105/46 696/81/46 704/85/46
f 704/85/46 712/110/46 720/93/46
f 704/85/46 720/93/46 728/105/46
f 729/15/29 730/16/29 731/17/29
f 729/15/29 731/17/29 732/18/29
f 732/18/30 731/17/30 733/19/30
f 732/18/30 733/19/30 734/20/30
f 734/20/9 733/19/9 735/21/9
f 734/20/9 735/21/9 736/22/9
f 736/22/31 735/21/31 737/23/31
f 736/22/31 737/23/31 738/24/31
f 738/24/32 737/23/32 739/25/32
f 738/24/32 739/25/32 740/26/32
f 740/26/33 739/25/33 741/27/33
f 740/26/33 741/27/33 742/28/33
f 742/28/34 741/27/34 743/29/34
f 742/28/34 743/29/34 744/30/34
f 744/30/14 743/29/14 745/31/14
f 744/30/14 745/31/14 746/32/14
f 746/32/35 745/31/35 747/33/35
f 746/32/35 747/33/35 748/34/35
f 748/34/36 747/33/36 749/35/36
f 748/34/36 749/35/36 750/36/36
f 750/36/37 749/35/37 751/37/37
f 750/36/37 751/37/37 752/38/37
f 752/38/38 751/37/38 753/39/38
f 752/38/38 753/39/38 754/40/38
f 754/40/19 753/39/19 755/41/19
f 754/40/19 755/41/19 756/42/19
f 756/42/39 755/41/39 757/43/39
f 756/42/39 757/43/39 758/44/39
f 758/44/40 757/43/40 759/45/40
f 758/44/40 759/45/40 760/46/40
f 760/46/41 759/45/41 761/47/41
f 760/46/41 761/47/41 762/48/41
f 762/48/42 761/47/42 763/49/42
f 762/48/42 763/49/42 764/50/42
f 764/50/24 763/49/24 765/51/24
f 764/50/24 765/51/24 766/52/24
f 733/53/43 731/97/43 730/55/43
f 730/55/43 767/98/43 765/57/43
f 765/57/43 763/58/43 761/99/43
f 761/99/43 759/60/43 757/100/43
f 757/100/43 755/62/43 753/63/43
f 753/63/43 751/101/43 749/65/43
f 749/65/43 747/102/43 745/67/43
f 745/67/43 743/68/43 741/103/43
f 741/103/43 739/70/43 737/104/43
f 737/104/43 735/72/43 733/53/43
f 733/53/43 730/55/43 765/57/43
f 765/57/43 761/99/43 757/100/43
f 757/100/43 753/63/43 749/65/43
f 749/65/43 745/67/43 741/103/43
f 741/103/43 737/104/43 733/53/43
f 733/53/43 765/57/43 757/100/43
f 757/100/43 749/65/43 741/103/43
f 757/100/43 741/103/43 733/53/43
f 766/52/44 765/51/44 767/73/44
f 766/52/44 767/73/44 768/74/44
f 768/74/45 767/73/45 730/75/45
f 768/74/45 730/75/45 729/76/45
f 768/105/46 729/78/46 732/106/46
f 732/106/46 734/80/46 736/81/46
f 736/81/46 738/107/46 740/83/46
f 740/83/46 742/108/46 744/85/46
f 744/85/46 746/86/46 748/109/46
f 748/109/46 750/88/46 752/110/46
f 752/110/46 754/90/46 756/91/46
f 756/91/46 758/111/46 760/93/46
f 760/93/46 762/112/46 764/95/46
f 764/95/46 766/96/46 768/105/46
f 768/105/46 732/106/46 736/81/46
f 736/81/46 740/83/46 744/85/46
f 744/85/46 748/109/46 752/110/46
f 752/110/46 756/91/46 760/93/46
f 760/93/46 764/95/46 768/105/46
f 768/105/46 736/81/46 744/85/46
f 744/85/46 752/110/46 760/93/46
f 744/85/46 760/93/46 768/105/46
f 49/15/7 50/16/7 51/17/7
f 49/15/7 51/17/7 52/18/7
f 52/18/8 51/17/8 53/19/8
f 52/18/8 53/19/8 54/20/8
f 54/20/9 53/19/9 55/21/9
f 54/20/9 55/21/9 56/22/9
f 56/22/10 55/21/10 57/23/10
f 56/22/10 57/23/10 58/24/10
f 58/24/11 57/23/11 59/25/11
f 58/24/11 59/25/11 60/26/11
f 60/26/12 59/25/12 61/27/12
f 60/26/12 61/27/12 62/28/12
f 62/28/13 61/27/13 63/29/13
f 62/28/13 63/29/13 64/30/13
f 64/30/14 63/29/14 65/31/14
f 64/30/14 65/31/14 66/32/14
f 66/32/15 65/31/15 67/33/15
f 66/32/15 67/33/15 68/34/15
f 68/34/16 67/33/16 69/35/16
f 68/34/16 69/35/16 70/36/16
f 70/36/17 69/35/17 71/37/17
f 70/36/17 71/37/17 72/38/17
f 72/38/18 71/37/18 73/39/18
f 72/38/18 73/39/18 74/40/18
f 74/40/19 73/39/19 75/41/19
f 74/40/19 75/41/19 76/42/19
f 76/42/20 75/41/20 77/43/20
f 76/42/20 77/43/20 78/44/20
f 78/44/21 77/43/21 79/45/21
f 78/44/21 79/45/21 80/46/21
f 80/46/22 79/45/22 81/47/22
f 80/46/22 81/47/22 82/48/22
f 82/48/23 81/47/23 83/49/23
f 82/48/23 83/49/23 84/50/23
f 84/50/24 83/49/24 85/51/24
f 84/50/24 85/51/24 86/52/24
f 53/53/25 51/54/25 50/55/25
f 50/55/25 87/56/25 85/57/25
f 85/57/25 83/58/25 81/59/25
f 81/59/25 79/60/25 77/61/25
f 77/61/25 75/62/25 73/63/25
f 73/63/25 71/64/25 69/65/25
f 69/65/25 67/66/25 65/67/25
f 65/67/25 63/68/25 61/69/25
f 61/69/25 59/70/25 57/71/25
f 57/71/25 55/72/25 53/53/25
f 53/53/25 50/55/25 85/57/25
f 85/57/25 81/59/25 77/61/25
f 77/61/25 73/63/25 69/65/25
f 69/65/25 65/67/25 61/69/25
f 61/69/25 57/71/25 53/53/25
f 53/53/25 85/57/25 77/61/25
f 77/61/25 69/65/25 61/69/25
f 77/61/25 61/69/25 53/53/25
f 86/52/26 85/51/26 87/73/26
f 86/52/26 87/73/26 88/74/26
f 88/74/27 87/73/27 50/75/27
f 88/74/27 50/75/27 49/76/27
f 88/77/28 49/78/28 52/79/28
f 52/79/28 54/80/28 56/81/28
f 56/81/28 58/82/28 60/83/28
f 60/83/28 62/84/28 64/85/28
f 64/85/28 66/86/28 68/87/28
f 68/87/28 70/88/28 72/89/28
f 72/89/28 74/90/28 76/91/28
f 76/91/28 78/92/28 80/93/28
f 80/93/28 82/94/28 84/95/28
f 84/95/28 86/96/28 88/77/28
f 88/77/28 52/79/28 56/81/28
f 56/81/28 60/83/28 64/85/28
f 64/85/28 68/87/28 72/89/28
f 72/89/28 76/91/28 80/93/28
f 80/93/28 84/95/28 88/77/28
f 88/77/28 56/81/28 64/85/28
f 64/85/28 72/89/28 80/93/28
f 64/85/28 80/93/28 88/77/28
f 89/15/29 90/16/29 91/17/29
f 89/15/29 91/17/29 92/18/29
f 92/18/30 91/17/30 93/19/30
f 92/18/30 93/19/30 94/20/30
f 94/20/9 93/19/9 95/21/9
f 94/20/9 95/21/9 96/22/9
f 96/22/31 95/21/31 97/23/31
f 96/22/31 97/23/31 98/24/31
f 98/24/32 97/23/32 99/25/32
f 98/24/32 99/25/32 100/26/32
f 100/26/33 99/25/33 101/27/33
f 100/26/33 101/27/33 102/28/33
f 102/28/34 101/27/34 103/29/34
f 102/28/34 103/29/34 104/30/34
f 104/30/14 103/29/14 105/31/14
f 104/30/14 105/31/14 106/32/14
f 106/32/35 105/31/35 107/33/35
f 106/32/35 107/33/35 108/34/35
f 108/34/36 107/33/36 109/35/36
f 108/34/36 109/35/36 110/36/36
f 110/36/37 109/35/37 111/37/37
f 110/36/37 111/37/37 112/38/37
f 112/38/38 111/37/38 113/39/38
f 112/38/38 113/39/38 114/40/38
f 114/40/19 113/39/19 115/41/19
f 114/40/19 115/41/19 116/42/19
f 116/42/39 115/41/39 117/43/39
f 116/42/39 117/43/39 118/44/39
f 118/44/40 117/43/40 119/45/40
f 118/44/40 119/45/40 120/46/40
f 120/46/41 119/45/41 121/47/41
f 120/46/41 121/47/41 122/48/41
f 122/48/42 121/47/42 123/49/42
f 122/48/42 123/49/42 124/50/42
f 124/50/24 123/49/24 125/51/24
f 124/50/24 125/51/24 126/52/24
f 93/53/43 91/97/43 90/55/43
f 90/55/43 127/98/43 125/57/43
f 125/57/43 123/58/43 121/99/43
f 121/99/43 119/60/43 117/100/43
f 117/100/43 115/62/43 113/63/43
f 113/63/43 111/101/43 109/65/43
f 109/65/43 107/102/43 105/67/43
f 105/67/43 103/68/43 101/103/43
f 101/103/43 99/70/43 97/104/43
f 97/104/43 95/72/43 93/53/43
f 93/53/43 90/55/43 125/57/43
f 125/57/43 121/99/43 117/100/43
f 117/100/43 113/63/43 109/65/43
f 109/65/43 105/67/43 101/103/43
f 101/103/43 97/104/43 93/53/43
f 93/53/43 125/57/43 117/100/43
f 117/100/43 109/65/43 101/103/43
f 117/100/43 101/103/43 93/53/43
f 126/52/44 125/51/44 127/73/44
f 126/52/44 127/73/44 128/74/44
f 128/74/45 127/73/45 90/75/45
f 128/74/45 90/75/45 89/76/45
f 128/105/46 89/78/46 92/106/46
f 92/106/46 94/80/46 96/81/46
f 96/81/46 98/107/46 100/83/46
f 100/83/46 102/108/46 104/85/46
f 104/85/46 106/86/46 108/109/46
f 108/109/46 110/88/46 112/110/46
f 112/110/46 114/90/46 116/91/46
f 116/91/46 118/111/46 120/93/46
f 120/93/46 122/112/46 124/95/46
f 124/95/46 126/96/46 128/105/46
f 128/105/46 92/106/46 96/81/46
f 96/81/46 100/83/46 104/85/46
f 104/85/46 108/109/46 112/110/46
f 112/110/46 116/91/46 120/93/46
f 120/93/46 124/95/46 128/105/46
f 128/105/46 96/81/46 104/85/46
f 104/85/46 112/110/46 120/93/46
f 104/85/46 120/93/46 128/105/46
f 129/15/29 130/16/29 131/17/29
f 129/15/29 131/17/29 132/18/29
f 132/18/30 131/17/30 133/19/30
f 132/18/30 133/19/30 134/20/30
f 134/20/9 133/19/9 135/21/9
f 134/20/9 135/21/9 136/22/9
f 136/22/31 135/21/31 137/23/31
f 136/22/31 137/23/31 138/24/31
f 138/24/32 137/23/32 139/25/32
f 138/24/32 139/25/32 140/26/32
f 140/26/33 139/25/33 141/27/33
f 140/26/33 141/27/33 142/28/33
f 142/28/34 141/27/34 143/29/34
f 142/28/34 143/29/34 144/30/34
f 144/30/14 143/29/14 145/31/14
f 144/30/14 145/31/14 146/32/14
f 146/32/35 145/31/35 147/33/35
f 146/32/35 147/33/35 148/34/35
f 148/34/36 147/33/36 149/35/36
f 148/34/36 149/35/36 150/36/36
f 150/36/37 149/35/37 151/37/37
f 150/36/37 151/37/37 152/38/37
f 152/38/38 151/37/38 153/39/38
f 152/38/38 153/39/38 154/40/38
f 154/40/19 153/39/19 155/41/19
f 154/40/19 155/41/19 156/42/19
f 156/42/39 155/41/39 157/43/39
f 156/42/39 157/43/39 158/44/39
f 158/44/40 157/43/40 159/45/40
f 158/44/40 159/45/40 160/46/40
f 160/46/41 159/45/41 161/47/41
f 160/46/41 161/47/41 162/48/41
f 162/48/42 161/47/42 163/49/42
f 162/48/42 163/49/42 164/50/42
f 164/50/24 163/49/24 165/51/24
f 164/50/24 165/51/24 166/52/24
f 133/53/43 131/97/43 130/55/43
f 130/55/43 167/98/43 165/57/43
f 165/57/43 163/58/43 161/99/43
f 161/99/43 159/60/43 157/100/43
f 157/100/43 155/62/43 153/63/43
f 153/63/43 151/101/43 149/65/43
f 149/65/43 147/102/43 145/67/43
f 145/67/43 143/68/43 141/103/43
f 141/103/43 139/70/43 137/104/43
f 137/104/43 135/72/43 133/53/43
f 133/53/43 130/55/43 165/57/43
f 165/57/43 161/99/43 157/100/43
f 157/100/43 153/63/43 149/65/43
f 149/65/43 145/67/43 141/103/43
f 141/103/43 137/104/43 133/53/43
f 133/53/43 165/57/43 157/100/43
f 157/100/43 149/65/43 141/103/43
f 157/100/43 141/103/43 133/53/43
f 166/52/44 165/51/44 167/73/44
f 166/52/44 167/73/44 168/74/44
f 168/74/45 167/73/45 130/75/45
f 168/74/45 130/75/45 129/76/45
f 168/105/46 129/78/46 132/106/46
f 132/106/46 134/80/46 136/81/46
f 136/81/46 138/107/46 140/83/46
f 140/83/46 142/108/46 144/85/46
f 144/85/46 146/86/46 148/109/46
f 148/109/46 150/88/46 152/110/46
f 152/110/46 154/90/46 156/91/46
f 156/91/46 158/111/46 160/93/46
f 160/93/46 162/112/46 164/95/46
f 164/95/46 166/96/46 168/105/46
f 168/105/46 132/106/46 136/81/46
f 136/81/46 140/83/46 144/85/46
f 144/85/46 148/109/46 152/110/46
f 152/110/46 156/91/46 160/93/46
f 160/93/46 164/95/46 168/105/46
f 168/105/46 136/81/46 144/85/46
f 144/85/46 152/110/46 160/93/46
f 144/85/46 160/93/46 168/105/46
f 169/15/7 170/16/7 171/17/7
f 169/15/7 171/17/7 172/18/7
f 172/18/8 171/17/8 173/19/8
f 172/18/8 173/19/8 174/20/8
f 174/20/9 173/19/9 175/21/9
f 174/20/9 175/21/9 176/22/9
f 176/22/10 175/21/10 177/23/10
f 176/22/10 177/23/10 178/24/10
f 178/24/11 177/23/11 179/25/11
f 178/24/11 179/25/11 180/26/11
f 180/26/12 179/25/12 181/27/12
f 180/26/12 181/27/12 182/28/12
f 182/28/13 181/27/13 183/29/13
f 182/28/13 183/29/13 184/30/13
f 184/30/14 183/29/14 185/31/14
f 184/30/14 185/31/14 186/32/14
f 186/32/15 185/31/15 187/33/15
f 186/32/15 187/33/15 188/34/15
f 188/34/16 187/33/16 189/35/16
f 188/34/16 189/35/16 190/36/16
f 190/36/17 189/35/17 191/37/17
f 190/36/17 191/37/17 192/38/17
f 192/38/18 191/37/18 193/39/18
f 192/38/18 193/39/18 194/40/18
f 194/40/19 193/39/19 195/41/19
f 194/40/19 195/41/19 196/42/19
f 196/42/20 195/41/20 197/43/20
f 196/42/20 197/43/20 198/44/20
f 198/44/21 197/43/21 199/45/21
f 198/44/21 199/45/21 200/46/21
f 200/46/22 199/45/22 201/47/22
f 200/46/22 201/47/22 202/48/22
f 202/48/23 201/47/23 203/49/23
f 202/48/23 203/49/23 204/50/23
f 204/50/24 203/49/24 205/51/24
f 204/50/24 205/51/24 206/52/24
f 173/53/25 171/54/25 170/55/25
f 170/55/25 207/56/25 205/57/25
f 205/57/25 203/58/25 201/59/25
f 201/59/25 199/60/25 197/61/25
f 197/61/25 195/62/25 193/63/25
f 193/63/25 191/64/25 189/65/25
f 189/65/25 187/66/25 185/67/25
f 185/67/25 183/68/25 181/69/25
f 181/69/25 179/70/25 177/71/25
f 177/71/25 175/72/25 173/53/25
f 173/53/25 170/55/25 205/57/25
f 205/57/25 201/59/25 197/61/25
f 197/61/25 193/63/25 189/65/25
f 189/65/25 185/67/25 181/69/25
f 181/69/25 177/71/25 173/53/25
f 173/53/25 205/57/25 197/61/25
f 197/61/25 189/65/25 181/69/25
f 197/61/25 181/69/25 173/53/25
f 206/52/26 205/51/26 207/73/26
f 206/52/26 207/73/26 208/74/26
f 208/74/27 207/73/27 170/75/27
f 208/74/27 170/75/27 169/76/27
f 208/77/28 169/78/28 172/79/28
f 172/79/28 174/80/28 176/81/28
f 176/81/28 178/82/28 180/83/28
f 180/83/28 182/84/28 184/85/28
f 184/85/28 186/86/28 188/87/28
f 188/87/28 190/88/28 192/89/28
f 192/89/28 194/90/28 196/91/28
f 196/91/28 198/92/28 200/93/28
f 200/93/28 202/94/28 204/95/28
f 204/95/28 206/96/28 208/77/28
f 208/77/28 172/79/28 176/81/28
f 176/81/28 180/83/28 184/85/28
f 184/85/28 188/87/28 192/89/28
f 192/89/28 196/91/28 200/93/28
f 200/93/28 204/95/28 208/77/28
f 208/77/28 176/81/28 184/85/28
f 184/85/28 192/89/28 200/93/28
f 184/85/28 200/93/28 208/77/28
f 209/15/29 210/16/29 211/17/29
f 209/15/29 211/17/29 212/18/29
f 212/18/30 211/17/30 213/19/30
f 212/18/30 213/19/30 214/20/30
f 214/20/9 213/19/9 215/21/9
f 214/20/9 215/21/9 216/22/9
f 216/22/31 215/21/31 217/23/31
f 216/22/31 217/23/31 218/24/31
f 218/24/32 217/23/32 219/25/32
f 218/24/32 219/25/32 220/26/32
f 220/26/33 219/25/33 221/27/33
f 220/26/33 221/27/33 222/28/33
f 222/28/34 221/27/34 223/29/34
f 222/28/34 223/29/34 224/30/34
f 224/30/14 223/29/14 225/31/14
f 224/30/14 225/31/14 226/32/14
f 226/32/35 225/31/35 227/33/35
f 226/32/35 227/33/35 228/34/35
f 228/34/36 227/33/36 229/35/36
f 228/34/36 229/35/36 230/36/36
f 230/36/37 229/35/37 231/37/37
f 230/36/37 231/37/37 232/38/37
f 232/38/38 231/37/38 233/39/38
f 232/38/38 233/39/38 234/40/38
f 234/40/19 233/39/19 235/41/19
f 234/40/19 235/41/19 236/42/19
f 236/42/39 235/41/39 237/43/39
f 236/42/39 237/43/39 238/44/39
f 238/44/40 237/43/40 239/45/40
f 238/44/40 239/45/40 240/46/40
f 240/46/41 239/45/41 241/47/41
f 240/46/41 241/47/41 242/48/41
f 242/48/42 241/47/42 243/49/42
f 242/48/42 243/49/42 244/50/42
f 244/50/24 243/49/24 245/51/24
f 244/50/24 245/51/24 246/52/24
f 213/53/43 211/97/43 210/55/43
f 210/55/43 247/98/43 245/57/43
f 245/57/43 243/58/43 241/99/43
f 241/99/43 239/60/43 237/100/43
f 237/100/43 235/62/43 233/63/43
f 233/63/43 231/101/43 229/65/43
f 229/65/43 227/102/43 225/67/43
f 225/67/43 223/68/43 221/103/43
f 221/103/43 219/70/43 217/104/43
f 217/104/43 215/72/43 213/53/43
f 213/53/43 210/55/43 245/57/43
f 245/57/43 241/99/43 237/100/43
f 237/100/43 233/63/43 229/65/43
f 229/65/43 225/67/43 221/103/43
f 221/103/43 217/104/43 213/53/43
f 213/53/43 245/57/43 237/100/43
f 237/100/43 229/65/43 221/103/43
f 237/100/43 221/103/43 213/53/43
f 246/52/44 245/51/44 247/73/44
f 246/52/44 247/73/44 248/74/44
f 248/74/45 247/73/45 210/75/45
f 248/74/45 210/75/45 209/76/45
f 248/105/46 209/78/46 212/106/46
f 212/106/46 214/80/46 216/81/46
f 216/81/46 218/107/46 220/83/46
f 220/83/46 222/108/46 224/85/46
f 224/85/46 226/86/46 228/109/46
f 228/109/46 230/88/46 232/110/46
f 232/110/46 234/90/46 236/91/46
f 236/91/46 238/111/46 240/93/46
f 240/93/46 242/112/46 244/95/46
f 244/95/46 246/96/46 248/105/46
f 248/105/46 212/106/46 216/81/46
f 216/81/46 220/83/46 224/85/46
f 224/85/46 228/109/46 232/110/46
f 232/110/46 236/91/46 240/93/46
f 240/93/46 244/95/46 248/105/46
f 248/105/46 216/81/46 224/85/46
f 224/85/46 232/110/46 240/93/46
f 224/85/46 240/93/46 248/105/46
f 249/15/29 250/16/29 251/17/29
f 249/15/29 251/17/29 252/18/29
f 252/18/30 251/17/30 253/19/30
f 252/18/30 253/19/30 254/20/30
f 254/20/9 253/19/9 255/21/9
f 254/20/9 255/21/9 256/22/9
f 256/22/31 255/21/31 257/23/31
f 256/22/31 257/23/31 258/24/31
f 258/24/32 257/23/32 259/25/32
f 258/24/32 259/25/32 260/26/32
f 260/26/33 259/25/33 261/27/33
f 260/26/33 261/27/33 262/28/33
f 262/28/34 261/27/34 263/29/34
f 262/28/34 263/29/34 264/30/34
f 264/30/14 263/29/14 265/31/14
f 264/30/14 265/31/14 266/32/14
f 266/32/35 265/31/35 267/33/35
f 266/32/35 267/33/35 268/34/35
f 268/34/36 267/33/36 269/35/36
f 268/34/36 269/35/36 270/36/36
f 270/36/37 269/35/37 271/37/37
f 270/36/37 271/37/37 272/38/37
f 272/38/38 271/37/38 273/39/38
f 272/38/38 273/39/38 274/40/38
f 274/40/19 273/39/19 275/41/19
f 274/40/19 275/41/19 276/42/19
f 276/42/39 275/41/39 277/43/39
f 276/42/39 277/43/39 278/44/39
f 278/44/40 277/43/40 279/45/40
f 278/44/40 279/45/40 280/46/40
f 280/46/41 279/45/41 281/47/41
f 280/46/41 281/47/41 282/48/41
f 282/48/42 281/47/42 283/49/42
f 282/48/42 283/49/42 284/50/42
f 284/50/24 283/49/24 285/51/24
f 284/50/24 285/51/24 286/52/24
f 253/53/43 251/97/43 250/55/43
f 250/55/43 287/98/43 285/57/43
f 285/57/43 283/58/43 281/99/43
f 281/99/43 279/60/43 277/100/43
f 277/100/43 275/62/43 273/63/43
f 273/63/43 271/101/43 269/65/43
f 269/65/43 267/102/43 265/67/43
f 265/67/43 263/68/43 261/103/43
f 261/103/43 259/70/43 257/104/43
f 257/104/43 255/72/43 253/53/43
f 253/53/43 250/55/43 285/57/43
f 285/57/43 281/99/43 277/100/43
f 277/100/43 273/63/43 269/65/43
f 269/65/43 265/67/43 261/103/43
f 261/103/43 257/104/43 253/53/43
f 253/53/43 285/57/43 277/100/43
f 277/100/43 269/65/43 261/103/43
f 277/100/43 261/103/43 253/53/43
f 286/52/44 285/51/44 287/73/44
f 286/52/44 287/73/44 288/74/44
f 288/74/45 287/73/45 250/75/45
f 288/74/45 250/75/45 249/76/45
f 288/105/46 249/78/46 252/106/46
f 252/106/46 254/80/46 256/81/46
f 256/81/46 258/107/46 260/83/46
f 260/83/46 262/108/46 264/85/46
f 264/85/46 266/86/46 268/109/46
f 268/109/46 270/88/46 272/110/46
f 272/110/46 274/90/46 276/91/46
f 276/91/46 278/111/46 280/93/46
f 280/93/46 282/112/46 284/95/46
f 284/95/46 286/96/46 288/105/46
f 288/105/46 252/106/46 256/81/46
f 256/81/46 260/83/46 264/85/46
f 264/85/46 268/109/46 272/110/46
f 272/110/46 276/91/46 280/93/46
f 280/93/46 284/95/46 288/105/46
f 288/105/46 256/81/46 264/85/46
f 264/85/46 272/110/46 280/93/46
f 264/85/46 280/93/46 288/105/46
f 289/15/7 290/16/7 291/17/7
f 289/15/7 291/17/7 292/18/7
f 292/18/8 291/17/8 293/19/8
f 292/18/8 293/19/8 294/20/8
f 294/20/9 293/19/9 295/21/9
f 294/20/9 295/21/9 296/22/9
f 296/22/10 295/21/10 297/23/10
f 296/22/10 297/23/10 298/24/10
f 298/24/11 297/23/11 299/25/11
f 298/24/11 299/25/11 300/26/11
f 300/26/12 299/25/12 301/27/12
f 300/26/12 301/27/12 302/28/12
f 302/28/13 301/27/13 303/29/13
f 302/28/13 303/29/13 304/30/13
f 304/30/14 303/29/14 305/31/14
f 304/30/14 305/31/14 306/32/14
f 306/32/15 305/31/15 307/33/15
f 306/32/15 307/33/15 308/34/15
f 308/34/16 307/33/16 309/35/16
f 308/34/16 309/35/16 310/36/16
f 310/36/17 309/35/17 311/37/17
f 310/36/17 311/37/17 312/38/17
f 312/38/18 311/37/18 313/39/18
f 312/38/18 313/39/18 314/40/18
f 314/40/19 313/39/19 315/41/19
f 314/40/19 315/41/19 316/42/19
f 316/42/20 315/41/20 317/43/20
f 316/42/20 317/43/20 318/44/20
f 318/44/21 317/43/21 319/45/21
f 318/44/21 319/45/21 320/46/21
f 320/46/22 319/45/22 321/47/22
f 320/46/22 321/47/22 322/48/22
f 322/48/23 321/47/23 323/49/23
f 322/48/23 323/49/23 324/50/23
f 324/50/24 323/49/24 325/51/24
f 324/50/24 325/51/24 326/52/24
f 293/53/25 291/54/25 290/55/25
f 290/55/25 327/56/25 325/57/25
f 325/57/25 323/58/25 321/59/25
f 321/59/25 319/60/25 317/61/25
f 317/61/25 315/62/25 313/63/25
f 313/63/25 311/64/25 309/65/25
f 309/65/25 307/66/25 305/67/25
f 305/67/25 303/68/25 301/69/25
f 301/69/25 299/70/25 297/71/25
f 297/71/25 295/72/25 293/53/25
f 293/53/25 290/55/25 325/57/25
f 325/57/25 321/59/25 317/61/25
f 317/61/25 313/63/25 309/65/25
f 309/65/25 305/67/25 301/69/25
f 301/69/25 297/71/25 293/53/25
f 293/53/25 325/57/25 317/61/25
f 317/61/25 309/65/25 301/69/25
f 317/61/25 301/69/25 293/53/25
f 326/52/26 325/51/26 327/73/26
f 326/52/26 327/73/26 328/74/26
f 328/74/27 327/73/27 290/75/27
f 328/74/27 290/75/27 289/76/27
f 328/77/28 289/78/28 292/79/28
f 292/79/28 294/80/28 296/81/28
f 296/81/28 298/82/28 300/83/28
f 300/83/28 302/84/28 304/85/28
f 304/85/28 306/86/28 308/87/28
f 308/87/28 310/88/28 312/89/28
f 312/89/28 314/90/28 316/91/28
f 316/91/28 318/92/28 320/93/28
f 320/93/28 322/94/28 324/95/28
f 324/95/28 326/96/28 328/77/28
f 328/77/28 292/79/28 296/81/28
f 296/81/28 300/83/28 304/85/28
f 304/85/28 308/87/28 312/89/28
f 312/89/28 316/91/28 320/93/28
f 320/93/28 324/95/28 328/77/28
f 328/77/28 296/81/28 304/85/28
f 304/85/28 312/89/28 320/93/28
f 304/85/28 320/93/28 328/77/28
f 329/15/29 330/16/29 331/17/29
f 329/15/29 331/17/29 332/18/29
f 332/18/30 331/17/30 333/19/30
f 332/18/30 333/19/30 334/20/30
f 334/20/9 333/19/9 335/21/9
f 334/20/9 335/21/9 336/22/9
f 336/22/31 335/21/31 337/23/31
f 336/22/31 337/23/31 338/24/31
f 338/24/32 337/23/32 339/25/32
f 338/24/32 339/25/32 340/26/32
f 340/26/33 339/25/33 341/27/33
f 340/26/33 341/27/33 342/28/33
f 342/28/34 341/27/34 343/29/34
f 342/28/34 343/29/34 344/30/34
f 344/30/14 343/29/14 345/31/14
f 344/30/14 345/31/14 346/32/14
f 346/32/35 345/31/35 347/33/35
f 346/32/35 347/33/35 348/34/35
f 348/34/36 347/33/36 349/35/36
f 348/34/36 349/35/36 350/36/36
f 350/36/37 349/35/37 351/37/37
f 350/36/37 351/37/37 352/38/37
f 352/38/38 351/37/38 353/39/38
f 352/38/38 353/39/38 354/40/38
f 354/40/19 353/39/19 355/41/19
f 354/40/19 355/41/19 356/42/19
f 356/42/39 355/41/39 357/43/39
f 356/42/39 357/43/39 358/44/39
f 358/44/40 357/43/40 359/45/40
f 358/44/40 359/45/40 360/46/40
f 360/46/41 359/45/41 361/47/41
f 360/46/41 361/47/41 362/48/41
f 362/48/42 361/47/42 363/49/42
f 362/48/42 363/49/42 364/50/42
f 364/50/24 363/49/24 365/51/24
f 364/50/24 365/51/24 366/52/24
f 333/53/43 331/97/43 330/55/43
f 330/55/43 367/98/43 365/57/43
f 365/57/43 363/58/43 361/99/43
f 361/99/43 359/60/43 357/100/43
f 357/100/43 355/62/43 353/63/43
f 353/63/43 351/101/43 349/65/43
f 349/65/43 347/102/43 345/67/43
f 345/67/43 343/68/43 341/103/43
f 341/103/43 339/70/43 337/104/43
f 337/104/43 335/72/43 333/53/43
f 333/53/43 330/55/43 365/57/43
f 365/57/43 361/99/43 357/100/43
f 357/100/43 353/63/43 349/65/43
f 349/65/43 345/67/43 341/103/43
f 341/103/43 337/104/43 333/53/43
f 333/53/43 365/57/43 357/100/43
f 357/100/43 349/65/43 341/103/43
f 357/100/43 341/103/43 333/53/43
f 366/52/44 365/51/44 367/73/44
f 366/52/44 367/73/44 368/74/44
f 368/74/45 367/73/45 330/75/45
f 368/74/45 330/75/45 329/76/45
f 368/105/46 329/78/46 332/106/46
f 332/106/46 334/80/46 336/81/46
f 336/81/46 338/107/46 340/83/46
f 340/83/46 342/108/46 344/85/46
f 344/85/46 346/86/46 348/109/46
f 348/109/46 350/88/46 352/110/46
f 352/110/46 354/90/46 356/91/46
f 356/91/46 358/111/46 360/93/46
f 360/93/46 362/112/46 364/95/46
f 364/95/46 366/96/46 368/105/46
f 368/105/46 332/106/46 336/81/46
f 336/81/46 340/83/46 344/85/46
f 344/85/46 348/109/46 352/110/46
f 352/110/46 356/91/46 360/93/46
f 360/93/46 364/95/46 368/105/46
f 368/105/46 336/81/46 344/85/46
f 344/85/46 352/110/46 360/93/46
f 344/85/46 360/93/46 368/105/46
f 369/15/29 370/16/29 371/17/29
f 369/15/29 371/17/29 372/18/29
f 372/18/30 371/17/30 373/19/30
f 372/18/30 373/19/30 374/20/30
f 374/20/9 373/19/9 375/21/9
f 374/20/9 375/21/9 376/22/9
f 376/22/31 375/21/31 377/23/31
f 376/22/31 377/23/31 378/24/31
f 378/24/32 377/23/32 379/25/32
f 378/24/32 379/25/32 380/26/32
f 380/26/33 379/25/33 381/27/33
f 380/26/33 381/27/33 382/28/33
f 382/28/34 381/27/34 383/29/34
f 382/28/34 383/29/34 384/30/34
f 384/30/14 383/29/14 385/31/14
f 384/30/14 385/31/14 386/32/14
f 386/32/35 385/31/35 387/33/35
f 386/32/35 387/33/35 388/34/35
f 388/34/36 387/33/36 389/35/36
f 388/34/36 389/35/36 390/36/36
f 390/36/37 389/35/37 391/37/37
f 390/36/37 391/37/37 392/38/37
f 392/38/38 391/37/38 393/39/38
f 392/38/38 393/39/38 394/40/38
f 394/40/19 393/39/19 395/41/19
f 394/40/19 395/41/19 396/42/19
f 396/42/39 395/41/39 397/43/39
f 396/42/39 397/43/39 398/44/39
f 398/44/40 397/43/40 399/45/40
f 398/44/40 399/45/40 400/46/40
f 400/46/41 399/45/41 401/47/41
f 400/46/41 401/47/41 402/48/41
f 402/48/42 401/47/42 403/49/42
f 402/48/42 403/49/42 404/50/42
f 404/50/24 403/49/24 405/51/24
f 404/50/24 405/51/24 406/52/24
f 373/53/43 371/97/43 370/55/43
f 370/55/43 407/98/43 405/57/43
f 405/57/43 403/58/43 401/99/43
f 401/99/43 399/60/43 397/100/43
f 397/100/43 395/62/43 393/63/43
f 393/63/43 391/101/43 389/65/43
f 389/65/43 387/102/43 385/67/43
f 385/67/43 383/68/43 381/103/43
f 381/103/43 379/70/43 377/104/43
f 377/104/43 375/72/43 373/53/43
f 373/53/43 370/55/43 405/57/43
f 405/57/43 401/99/43 397/100/43
f 397/100/43 393/63/43 389/65/43
f 389/65/43 385/67/43 381/103/43
f 381/103/43 377/104/43 373/53/43
f 373/53/43 405/57/43 397/100/43
f 397/100/43 389/65/43 381/103/43
f 397/100/43 381/103/43 373/53/43
f 406/52/44 405/51/44 407/73/44
f 406/52/44 407/73/44 408/74/44
f 408/74/45 407/73/45 370/75/45
f 408/74/45 370/75/45 369/76/45
f 408/105/46 369/78/46 372/106/46
f 372/106/46 374/80/46 376/81/46
f 376/81/46 378/107/46 380/83/46
f 380/83/46 382/108/46 384/85/46
f 384/85/46 386/86/46 388/109/46
f 388/109/46 390/88/46 392/110/46
f 392/110/46 394/90/46 396/91/46
f 396/91/46 398/111/46 400/93/46
f 400/93/46 402/112/46 404/95/46
f 404/95/46 406/96/46 408/105/46
f 408/105/46 372/106/46 376/81/46
f 376/81/46 380/83/46 384/85/46
f 384/85/46 388/109/46 392/110/46
f 392/110/46 396/91/46 400/93/46
f 400/93/46 404/95/46 408/105/46
f 408/105/46 376/81/46 384/85/46
f 384/85/46 392/110/46 400/93/46
f 384/85/46 400/93/46 408/105/46
f 409/15/7 410/16/7 411/17/7
f 409/15/7 411/17/7 412/18/7
f 412/18/8 411/17/8 413/19/8
f 412/18/8 413/19/8 414/20/8
f 414/20/9 413/19/9 415/21/9
f 414/20/9 415/21/9 416/22/9
f 416/22/10 415/21/10 417/23/10
f 416/22/10 417/23/10 418/24/10
f 418/24/11 417/23/11 419/25/11
f 418/24/11 419/25/11 420/26/11
f 420/26/12 419/25/12 421/27/12
f 420/26/12 421/27/12 422/28/12
f 422/28/13 421/27/13 423/29/13
f 422/28/13 423/29/13 424/30/13
f 424/30/14 423/29/14 425/31/14
f 424/30/14 425/31/14 426/32/14
f 426/32/15 425/31/15 427/33/15
f 426/32/15 427/33/15 428/34/15
f 428/34/16 427/33/16 429/35/16
f 428/34/16 429/35/16 430/36/16
f 430/36/17 429/35/17 431/37/17
f 430/36/17 431/37/17 432/38/17
f 432/38/18 431/37/18 433/39/18
f 432/38/18 433/39/18 434/40/18
f 434/40/19 433/39/19 435/41/19
f 434/40/19 435/41/19 436/42/19
f 436/42/20 435/41/20 437/43/20
f 436/42/20 437/43/20 438/44/20
f 438/44/21 437/43/21 439/45/21
f 438/44/21 439/45/21 440/46/21
f 440/46/22 439/45/22 441/47/22
f 440/46/22 441/47/22 442/48/22
f 442/48/23 441/47/23 443/49/23
f 442/48/23 443/49/23 444/50/23
f 444/50/24 443/49/24 445/51/24
f 444/50/24 445/51/24 446/52/24
f 413/53/25 411/54/25 410/55/25
f 410/55/25 447/56/25 445/57/25
f 445/57/25 443/58/25 441/59/25
f 441/59/25 439/60/25 437/61/25
f 437/61/25 435/62/25 433/63/25
f 433/63/25 431/64/25 429/65/25
f 429/65/25 427/66/25 425/67/25
f 425/67/25 423/68/25 421/69/25
f 421/69/25 419/70/25 417/71/25
f 417/71/25 415/72/25 413/53/25
f 413/53/25 410/55/25 445/57/25
f 445/57/25 441/59/25 437/61/25
f 437/61/25 433/63/25 429/65/25
f 429/65/25 425/67/25 421/69/25
f 421/69/25 417/71/25 413/53/25
f 413/53/25 445/57/25 437/61/25
f 437/61/25 429/65/25 421/69/25
f 437/61/25 421/69/25 413/53/25
f 446/52/26 445/51/26 447/73/26
f 446/52/26 447/73/26 448/74/26
f 448/74/27 447/73/27 410/75/27
f 448/74/27 410/75/27 409/76/27
f 448/77/28 409/78/28 412/79/28
f 412/79/28 414/80/28 416/81/28
f 416/81/28 418/82/28 420/83/28
f 420/83/28 422/84/28 424/85/28
f 424/85/28 426/86/28 428/87/28
f 428/87/28 430/88/28 432/89/28
f 432/89/28 434/90/28 436/91/28
f 436/91/28 438/92/28 440/93/28
f 440/93/28 442/94/28 444/95/28
f 444/95/28 446/96/28 448/77/28
f 448/77/28 412/79/28 416/81/28
f 416/81/28 420/83/28 424/85/28
f 424/85/28 428/87/28 432/89/28
f 432/89/28 436/91/28 440/93/28
f 440/93/28 444/95/28 448/77/28
f 448/77/28 416/81/28 424/85/28
f 424/85/28 432/89/28 440/93/28
f 424/85/28 440/93/28 448/77/28
f 449/15/29 450/16/29 451/17/29
f 449/15/29 451/17/29 452/18/29
f 452/18/30 451/17/30 453/19/30
f 452/18/30 453/19/30 454/20/30
f 454/20/9 453/19/9 455/21/9
f 454/20/9 455/21/9 456/22/9
f 456/22/31 455/21/31 457/23/31
f 456/22/31 457/23/31 458/24/31
f 458/24/32 457/23/32 459/25/32
f 458/24/32 459/25/32 460/26/32
f 460/26/33 459/25/33 461/27/33
f 460/26/33 461/27/33 462/28/33
f 462/28/34 461/27/34 463/29/34
f 462/28/34 463/29/34 464/30/34
f 464/30/14 463/29/14 465/31/14
f 464/30/14 465/31/14 466/32/14
f 466/32/35 465/31/35 467/33/35
f 466/32/35 467/33/35 468/34/35
f 468/34/36 467/33/36 469/35/36
f 468/34/36 469/35/36 470/36/36
f 470/36/37 469/35/37 471/37/37
f 470/36/37 471/37/37 472/38/37
f 472/38/38 471/37/38 473/39/38
f 472/38/38 473/39/38 474/40/38
f 474/40/19 473/39/19 475/41/19
f 474/40/19 475/41/19 476/42/19
f 476/42/39 475/41/39 477/43/39
f 476/42/39 477/43/39 478/44/39
f 478/44/40 477/43/40 479/45/40
f 478/44/40 479/45/40 480/46/40
f 480/46/41 479/45/41 481/47/41
f 480/46/41 481/47/41 482/48/41
f 482/48/42 481/47/42 483/49/42
f 482/48/42 483/49/42 484/50/42
f 484/50/24 483/49/24 485/51/24
f 484/50/24 485/51/24 486/52/24
f 453/53/43 451/97/43 450/55/43
f 450/55/43 487/98/43 485/57/43
f 485/57/43 483/58/43 481/99/43
f 481/99/43 479/60/43 477/100/43
f 477/100/43 475/62/43 473/63/43
f 473/63/43 471/101/43 469/65/43
f 469/65/43 467/102/43 465/67/43
f 465/67/43 463/68/43 461/103/43
f 461/103/43 459/70/43 457/104/43
f 457/104/43 455/72/43 453/53/43
f 453/53/43 450/55/43 485/57/43
f 485/57/43 481/99/43 477/100/43
f 477/100/43 473/63/43 469/65/43
f 469/65/43 465/67/43 461/103/43
f 461/103/43 457/104/43 453/53/43
f 453/53/43 485/57/43 477/100/43
f 477/100/43 469/65/43 461/103/43
f 477/100/43 461/103/43 453/53/43
f 486/52/44 485/51/44 487/73/44
f 486/52/44 487/73/44 488/74/44
f 488/74/45 487/73/45 450/75/45
f 488/74/45 450/75/45 449/76/45
f 488/105/46 449/78/46 452/106/46
f 452/106/46 454/80/46 456/81/46
f 456/81/46 458/107/46 460/83/46
f 460/83/46 462/108/46 464/85/46
f 464/85/46 466/86/46 468/109/46
f 468/109/46 470/88/46 472/110/46
f 472/110/46 474/90/46 476/91/46
f 476/91/46 478/111/46 480/93/46
f 480/93/46 482/112/46 484/95/46
f 484/95/46 486/96/46 488/105/46
f 488/105/46 452/106/46 456/81/46
f 456/81/46 460/83/46 464/85/46
f 464/85/46 468/109/46 472/110/46
f 472/110/46 476/91/46 480/93/46
f 480/93/46 484/95/46 488/105/46
f 488/105/46 456/81/46 464/85/46
f 464/85/46 472/110/46 480/93/46
f 464/85/46 480/93/46 488/105/46
f 489/15/29 490/16/29 491/17/29
f 489/15/29 491/17/29 492/18/29
f 492/18/30 491/17/30 493/19/30
f 492/18/30 493/19/30 494/20/30
f 494/20/9 493/19/9 495/21/9
f 494/20/9 495/21/9 496/22/9
f 496/22/31 495/21/31 497/23/31
f 496/22/31 497/23/31 498/24/31
f 498/24/32 497/23/32 499/25/32
f 498/24/32 499/25/32 500/26/32
f 500/26/33 499/25/33 501/27/33
f 500/26/33 501/27/33 502/28/33
f 502/28/34 501/27/34 503/29/34
f 502/28/34 503/29/34 504/30/34
f 504/30/14 503/29/14 505/31/14
f 504/30/14 505/31/14 506/32/14
f 506/32/35 505/31/35 507/33/35
f 506/32/35 507/33/35 508/34/35
f 508/34/36 507/33/36 509/35/36
f 508/34/36 509/35/36 510/36/36
f 510/36/37 509/35/37 511/37/37
f 510/36/37 511/37/37 512/38/37
f 512/38/38 511/37/38 513/39/38
f 512/38/38 513/39/38 514/40/38
f 514/40/19 513/39/19 515/41/19
f 514/40/19 515/41/19 516/42/19
f 516/42/39 515/41/39 517/43/39
f 516/42/39 517/43/39 518/44/39
f 518/44/40 517/43/40 519/45/40
f 518/44/40 519/45/40 520/46/40
f 520/46/41 519/45/41 521/47/41
f 520/46/41 521/47/41 522/48/41
f 522/48/42 521/47/42 523/49/42
f 522/48/42 523/49/42 524/50/42
f 524/50/24 523/49/24 525/51/24
f 524/50/24 525/51/24 526/52/24
f 493/53/43 491/97/43 490/55/43
f 490/55/43 527/98/43 525/57/43
f 525/57/43 523/58/43 521/99/43
f 521/99/43 519/60/43 517/100/43
f 517/100/43 515/62/43 513/63/43
f 513/63/43 511/101/43 509/65/43
f 509/65/43 507/102/43 505/67/43
f 505/67/43 503/68/43 501/103/43
f 501/103/43 499/70/43 497/104/43
f 497/104/43 495/72/43 493/53/43
f 493/53/43 490/55/43 525/57/43
f 525/57/43 521/99/43 517/100/43
f 517/100/43 513/63/43 509/65/43
f 509/65/43 505/67/43 501/103/43
f 501/103/43 497/104/43 493/53/43
f 493/53/43 525/57/43 517/100/43
f 517/100/43 509/65/43 501/103/43
f 517/100/43 501/103/43 493/53/43
f 526/52/44 525/51/44 527/73/44
f 526/52/44 527/73/44 528/74/44
f 528/74/45 527/73/45 490/75/45
f 528/74/45 490/75/45 489/76/45
f 528/105/46 489/78/46 492/106/46
f 492/106/46 494/80/46 496/81/46
f 496/81/46 498/107/46 500/83/46
f 500/83/46 502/108/46 504/85/46
f 504/85/46 506/86/46 508/109/46
f 508/109/46 510/88/46 512/110/46
f 512/110/46 514/90/46 516/91/46
f 516/91/46 518/111/46 520/93/46
f 520/93/46 522/112/46 524/95/46
f 524/95/46 526/96/46 528/105/46
f 528/105/46 492/106/46 496/81/46
f 496/81/46 500/83/46 504/85/46
f 504/85/46 508/109/46 512/110/46
f 512/110/46 516/91/46 520/93/46
f 520/93/46 524/95/46 528/105/46
f 528/105/46 496/81/46 504/85/46
f 504/85/46 512/110/46 520/93/46
f 504/85/46 520/93/46 528/105/46
f 529/15/7 530/16/7 531/17/7
f 529/15/7 531/17/7 532/18/7
f 532/18/8 531/17/8 533/19/8
f 532/18/8 533/19/8 534/20/8
f 534/20/9 533/19/9 535/21/9
f 534/20/9 535/21/9 536/22/9
f 536/22/10 535/21/10 537/23/10
f 536/22/10 537/23/10 538/24/10
f 538/24/11 537/23/11 539/25/11
f 538/24/11 539/25/11 540/26/11
f 540/26/12 539/25/12 541/27/12
f 540/26/12 541/27/12 542/28/12
f 542/28/13 541/27/13 543/29/13
f 542/28/13 543/29/13 544/30/13
f 544/30/14 543/29/14 545/31/14
f 544/30/14 545/31/14 546/32/14
f 546/32/15 545/31/15 547/33/15
f 546/32/15 547/33/15 548/34/15
f 548/34/16 547/33/16 549/35/16
f 548/34/16 549/35/16 550/36/16
f 550/36/17 549/35/17 551/37/17
f 550/36/17 551/37/17 552/38/17
f 552/38/18 551/37/18 553/39/18
f 552/38/18 553/39/18 554/40/18
f 554/40/19 553/39/19 555/41/19
f 554/40/19 555/41/19 556/42/19
f 556/42/20 555/41/20 557/43/20
f 556/42/20 557/43/20 558/44/20
f 558/44/21 557/43/21 559/45/21
f 558/44/21 559/45/21 560/46/21
f 560/46/22 559/45/22 561/47/22
f 560/46/22 561/47/22 562/48/22
f 562/48/23 561/47/23 563/49/23
f 562/48/23 563/49/23 564/50/23
f 564/50/24 563/49/24 565/51/24
f 564/50/24 565/51/24 566/52/24
f 533/53/25 531/54/25 530/55/25
f 530/55/25 567/56/25 565/57/25
f 565/57/25 563/58/25 561/59/25
f 561/59/25 559/60/25 557/61/25
f 557/61/25 555/62/25 553/63/25
f 553/63/25 551/64/25 549/65/25
f 549/65/25 547/66/25 545/67/25
f 545/67/25 543/68/25 541/69/25
f 541/69/25 539/70/25 537/71/25
f 537/71/25 535/72/25 533/53/25
f 533/53/25 530/55/25 565/57/25
f 565/57/25 561/59/25 557/61/25
f 557/61/25 553/63/25 549/65/25
f 549/65/25 545/67/25 541/69/25
f 541/69/25 537/71/25 533/53/25
f 533/53/25 565/57/25 557/61/25
f 557/61/25 549/65/25 541/69/25
f 557/61/25 541/69/25 533/53/25
f 566/52/26 565/51/26 567/73/26
f 566/52/26 567/73/26 568/74/26
f 568/74/27 567/73/27 530/75/27
f 568/74/27 530/75/27 529/76/27
f 568/77/28 529/78/28 532/79/28
f 532/79/28 534/80/28 536/81/28
f 536/81/28 538/82/28 540/83/28
f 540/83/28 542/84/28 544/85/28
f 544/85/28 546/86/28 548/87/28
f 548/87/28 550/88/28 552/89/28
f 552/89/28 554/90/28 556/91/28
f 556/91/28 558/92/28 560/93/28
f 560/93/28 562/94/28 564/95/28
f 564/95/28 566/96/28 568/77/28
f 568/77/28 532/79/28 536/81/28
f 536/81/28 540/83/28 544/85/28
f 544/85/28 548/87/28 552/89/28
f 552/89/28 556/91/28 560/93/28
f 560/93/28 564/95/28 568/77/28
f 568/77/28 536/81/28 544/85/28
f 544/85/28 552/89/28 560/93/28
f 544/85/28 560/93/28 568/77/28
f 569/15/29 570/16/29 571/17/29
f 569/15/29 571/17/29 572/18/29
f 572/18/30 571/17/30 573/19/30
f 572/18/30 573/19/30 574/20/30
f 574/20/9 573/19/9 575/21/9
f 574/20/9 575/21/9 576/22/9
f 576/22/31 575/21/31 577/23/31
f 576/22/31 577/23/31 578/24/31
f 578/24/32 577/23/32 579/25/32
f 578/24/32 579/25/32 580/26/32
f 580/26/33 579/25/33 581/27/33
f 580/26/33 581/27/33 582/28/33
f 582/28/34 581/27/34 583/29/34
f 582/28/34 583/29/34 584/30/34
f 584/30/14 583/29/14 585/31/14
f 584/30/14 585/31/14 586/32/14
f 586/32/35 585/31/35 587/33/35
f 586/32/35 587/33/35 588/34/35
f 588/34/36 587/33/36 589/35/36
f 588/34/36 589/35/36 590/36/36
f 590/36/37 589/35/37 591/37/37
f 590/36/37 591/37/37 592/38/37
f 592/38/38 591/37/38 593/39/38
f 592/38/38 593/39/38 594/40/38
f 594/40/19 593/39/19 595/41/19
f 594/40/19 595/41/19 596/42/19
f 596/42/39 595/41/39 597/43/39
f 596/42/39 597/43/39 598/44/39
f 598/44/40 597/43/40 599/45/40
f 598/44/40 599/45/40 600/46/40
f 600/46/41 599/45/41 601/47/41
f 600/46/41 601/47/41 602/48/41
f 602/48/42 601/47/42 603/49/42
f 602/48/42 603/49/42 604/50/42
f 604/50/24 603/49/24 605/51/24
f 604/50/24 605/51/24 606/52/24
f 573/53/43 571/97/43 570/55/43
f 570/55/43 607/98/43 605/57/43
f 605/57/43 603/58/43 601/99/43
f 601/99/43 599/60/43 597/100/43
f 597/100/43 595/62/43 593/63/43
f 593/63/43 591/101/43 589/65/43
f 589/65/43 587/102/43 585/67/43
f 585/67/43 583/68/43 581/103/43
f 581/103/43 579/70/43 577/104/43
f 577/104/43 575/72/43 573/53/43
f 573/53/43 570/55/43 605/57/43
f 605/57/43 601/99/43 597/100/43
f 597/100/43 593/63/43 589/65/43
f 589/65/43 585/67/43 581/103/43
f 581/103/43 577/104/43 573/53/43
f 573/53/43 605/57/43 597/100/43
f 597/100/43 589/65/43 581/103/43
f 597/100/43 581/103/43 573/53/43
f 606/52/44 605/51/44 607/73/44
f 606/52/44 607/73/44 608/74/44
f 608/74/45 607/73/45 570/75/45
f 608/74/45 570/75/45 569/76/45
f 608/105/46 569/78/46 572/106/46
f 572/106/46 574/80/46 576/81/46
f 576/81/46 578/107/46 580/83/46
f 580/83/46 582/108/46 584/85/46
f 584/85/46 586/86/46 588/109/46
f 588/109/46 590/88/46 592/110/46
f 592/110/46 594/90/46 596/91/46
f 596/91/46 598/111/46 600/93/46
f 600/93/46 602/112/46 604/95/46
f 604/95/46 606/96/46 608/105/46
f 608/105/46 572/106/46 576/81/46
f 576/81/46 580/83/46 584/85/46
f 584/85/46 588/109/46 592/110/46
f 592/110/46 596/91/46 600/93/46
f 600/93/46 604/95/46 608/105/46
f 608/105/46 576/81/46 584/85/46
f 584/85/46 592/110/46 600/93/46
f 584/85/46 600/93/46 608/105/46
f 609/15/29 610/16/29 611/17/29
f 609/15/29 611/17/29 612/18/29
f 612/18/30 611/17/30 613/19/30
f 612/18/30 613/19/30 614/20/30
f 614/20/9 613/19/9 615/21/9
f 614/20/9 615/21/9 616/22/9
f 616/22/31 615/21/31 617/23/31
f 616/22/31 617/23/31 618/24/31
f 618/24/32 617/23/32 619/25/32
f 618/24/32 619/25/32 620/26/32
f 620/26/33 619/25/33 621/27/33
f 620/26/33 621/27/33 622/28/33
f 622/28/34 621/27/34 623/29/34
f 622/28/34 623/29/34 624/30/34
f 624/30/14 623/29/14 625/31/14
f 624/30/14 625/31/14 626/32/14
f 626/32/35 625/31/35 627/33/35
f 626/32/35 627/33/35 628/34/35
f 628/34/36 627/33/36 629/35/36
f 628/34/36 629/35/36 630/36/36
f 630/36/37 629/35/37 631/37/37
f 630/36/37 631/37/37 632/38/37
f 632/38/38 631/37/38 633/39/38
f 632/38/38 633/39/38 634/40/38
f 634/40/19 633/39/19 635/41/19
f 634/40/19 635/41/19 636/42/19
f 636/42/39 635/41/39 637/43/39
f 636/42/39 637/43/39 638/44/39
f 638/44/40 637/43/40 639/45/40
f 638/44/40 639/45/40 640/46/40
f 640/46/41 639/45/41 641/47/41
f 640/46/41 641/47/41 642/48/41
f 642/48/42 641/47/42 643/49/42
f 642/48/42 643/49/42 644/50/42
f 644/50/24 643/49/24 645/51/24
f 644/50/24 645/51/24 646/52/24
f 613/53/43 611/97/43 610/55/43
f 610/55/43 647/98/43 645/57/43
f 645/57/43 643/58/43 641/99/43
f 641/99/43 639/60/43 637/100/43
f 637/100/43 635/62/43 633/63/43
f 633/63/43 631/101/43 629/65/43
f 629/65/43 627/102/43 625/67/43
f 625/67/43 623/68/43 621/103/43
f 621/103/43 619/70/43 617/104/43
f 617/104/43 615/72/43 613/53/43
f 613/53/43 610/55/43 645/57/43
f 645/57/43 641/99/43 637/100/43
f 637/100/43 633/63/43 629/65/43
f 629/65/43 625/67/43 621/103/43
f 621/103/43 617/104/43 613/53/43
f 613/53/43 645/57/43 637/100/43
f 637/100/43 629/65/43 621/103/43
f 637/100/43 621/103/43 613/53/43
f 646/52/44 645/51/44 647/73/44
f 646/52/44 647/73/44 648/74/44
f 648/74/45 647/73/45 610/75/45
f 648/74/45 610/75/45 609/76/45
f 648/105/46 609/78/46 612/106/46
f 612/106/46 614/80/46 616/81/46
f 616/81/46 618/107/46 620/83/46
f 620/83/46 622/108/46 624/85/46
f 624/85/46 626/86/46 628/109/46
f 628/109/46 630/88/46 632/110/46
f 632/110/46 634/90/46 636/91/46
f 636/91/46 638/111/46 640/93/46
f 640/93/46 642/112/46 644/95/46
f 644/95/46 646/96/46 648/105/46
f 648/105/46 612/106/46 616/81/46
f 616/81/46 620/83/46 624/85/46
f 624/85/46 628/109/46 632/110/46
f 632/110/46 636/91/46 640/93/46
f 640/93/46 644/95/46 648/105/46
f 648/105/46 616/81/46 624/85/46
f 624/85/46 632/110/46 640/93/46
f 624/85/46 640/93/46 648/105/46
f 649/15/7 650/16/7 651/17/7
f 649/15/7 651/17/7 652/18/7
f 652/18/8 651/17/8 653/19/8
f 652/18/8 653/19/8 654/20/8
f 654/20/9 653/19/9 655/21/9
f 654/20/9 655/21/9 656/22/9
f 656/22/10 655/21/10 657/23/10
f 656/22/10 657/23/10 658/24/10
f 658/24/11 657/23/11 659/25/11
f 658/24/11 659/25/11 660/26/11
f 660/26/12 659/25/12 661/27/12
f 660/26/12 661/27/12 662/28/12
f 662/28/13 661/27/13 663/29/13
f 662/28/13 663/29/13 664/30/13
f 664/30/14 663/29/14 665/31/14
f 664/30/14 665/31/14 666/32/14
f 666/32/15 665/31/15 667/33/15
f 666/32/15 667/33/15 668/34/15
f 668/34/16 667/33/16 669/35/16
f 668/34/16 669/35/16 670/36/16
f 670/36/17 669/35/17 671/37/17
f 670/36/17 671/37/17 672/38/17
f 672/38/18 671/37/18 673/39/18
f 672/38/18 673/39/18 674/40/18
f 674/40/19 673/39/19 675/41/19
f 674/40/19 675/41/19 676/42/19
f 676/42/20 675/41/20 677/43/20
f 676/42/20 677/43/20 678/44/20
f 678/44/21 677/43/21 679/45/21
f 678/44/21 679/45/21 680/46/21
f 680/46/22 679/45/22 681/47/22
f 680/46/22 681/47/22 682/48/22
f 682/48/23 681/47/23 683/49/23
f 682/48/23 683/49/23 684/50/23
f 684/50/24 683/49/24 685/51/24
f 684/50/24 685/51/24 686/52/24
f 653/53/25 651/54/25 650/55/25
f 650/55/25 687/56/25 685/57/25
f 685/57/25 683/58/25 681/59/25
f 681/59/25 679/60/25 677/61/25
f 677/61/25 675/62/25 673/63/25
f 673/63/25 671/64/25 669/65/25
f 669/65/25 667/66/25 665/67/25
f 665/67/25 663/68/25 661/69/25
f 661/69/25 659/70/25 657/71/25
f 657/71/25 655/72/25 653/53/25
f 653/53/25 650/55/25 685/57/25
f 685/57/25 681/59/25 677/61/25
f 677/61/25 673/63/25 669/65/25
f 669/65/25 665/67/25 661/69/25
f 661/69/25 657/71/25 653/53/25
f 653/53/25 685/57/25 677/61/25
f 677/61/25 669/65/25 661/69/25
f 677/61/25 661/69/25 653/53/25
f 686/52/26 685/51/26 687/73/26
f 686/52/26 687/73/26 688/74/26
f 688/74/27 687/73/27 650/75/27
f 688/74/27 650/75/27 649/76/27
f 688/77/28 649/78/28 652/79/28
f 652/79/28 654/80/28 656/81/28
f 656/81/28 658/82/28 660/83/28
f 660/83/28 662/84/28 664/85/28
f 664/85/28 666/86/28 668/87/28
f 668/87/28 670/88/28 672/89/28
f 672/89/28 674/90/28 676/91/28
f 676/91/28 678/92/28 680/93/28
f 680/93/28 682/94/28 684/95/28
f 684/95/28 686/96/28 688/77/28
f 688/77/28 652/79/28 656/81/28
f 656/81/28 660/83/28 664/85/28
f 664/85/28 668/87/28 672/89/28
f 672/89/28 676/91/28 680/93/28
f 680/93/28 684/95/28 688/77/28
f 688/77/28 656/81/28 664/85/28
f 664/85/28 672/89/28 680/93/28
f 664/85/28 680/93/28 688/77/28
f 689/15/29 690/16/29 691/17/29
f 689/15/29 691/17/29 692/18/29
f 692/18/30 691/17/30 693/19/30
f 692/18/30 693/19/30 694/20/30
f 694/20/9 693/19/9 695/21/9
f 694/20/9 695/21/9 696/22/9
f 696/22/31 695/21/31 697/23/31
f 696/22/31 697/23/31 698/24/31
f 698/24/32 697/23/32 699/25/32
f 698/24/32 699/25/32 700/26/32
f 700/26/33 699/25/33 701/27/33
f 700/26/33 701/27/33 702/28/33
f 702/28/34 701/27/34 703/29/34
f 702/28/34 703/29/34 704/30/34
f 704/30/14 703/29/14 705/31/14
f 704/30/14 705/31/14 706/32/14
f 706/32/35 705/31/35 707/33/35
f 706/32/35 707/33/35 708/34/35
f 708/34/36 707/33/36 709/35/36
f 708/34/36 709/35/36 710/36/36
f 710/36/37 709/35/37 711/37/37
f 710/36/37 711/37/37 712/38/37
f 712/38/38 711/37/38 713/39/38
f 712/38/38 713/39/38 714/40/38
f 714/40/19 713/39/19 715/41/19
f 714/40/19 715/41/19 716/42/19
f 716/42/39 715/41/39 717/43/39
f 716/42/39 717/43/39 718/44/39
f 718/44/40 717/43/40 719/45/40
f 718/44/40 719/45/40 720/46/40
f 720/46/41 719/45/41 721/47/41
f 720/46/41 721/47/41 722/48/41
f 722/48/42 721/47/42 723/49/42
f 722/48/42 723/49/42 724/50/42
f 724/50/24 723/49/24 725/51/24
f 724/50/24 725/51/24 726/52/24
f 693/53/43 691/97/43 690/55/43
f 690/55/43 727/98/43 725/57/43
f 725/57/43 723/58/43 721/99/43
f 721/99/43 719/60/43 717/100/43
f 717/100/43 715/62/43 713/63/43
f 713/63/43 711/101/43 709/65/43
f 709/65/43 707/102/43 705/67/43
f 705/67/43 703/68/43 701/103/43
f 701/103/43 699/70/43 697/104/43
f 697/104/43 695/72/43 693/53/43
f 693/53/43 690/55/43 725/57/43
f 725/57/43 721/99/43 717/100/43
f 717/100/43 713/63/43 709/65/43
f 709/65/43 705/67/43 701/103/43
f 701/103/43 697/104/43 693/53/43
f 693/53/43 725/57/43 717/100/43
f 717/100/43 709/65/43 701/103/43
f 717/100/43 701/103/43 693/53/43
f 726/52/44 725/51/44 727/73/44
f 726/52/44 727/73/44 728/74/44
f 728/74/45 727/73/45 690/75/45
f 728/74/45 690/75/45 689/76/45
f 728/105/46 689/78/46 692/106/46
f 692/106/46 694/80/46 696/81/46
f 696/81/46 698/107/46 700/83/46
f 700/83/46 702/108/46 704/85/46
f 704/85/46 706/86/46 708/109/46
f 708/109/46 710/88/46 712/110/46
f 712/110/46 714/90/46 716/91/46
f 716/91/46 718/111/46 720/93/46
f 720/93/46 722/112/46 724/95/46
f 724/95/46 726/96/46 728/105/46
f 728/105/46 692/106/46 696/81/46
f 696/81/46 700/83/46 704/85/46
f 704/85/46 708/109/46 712/110/46
f 712/110/46 716/91/46 720/93/46
f 720/93/46 724/95/46 728/105/46
f 728/105/46 696/81/46 704/85/46
f 704/85/46 712/110/46 720/93/46
f 704/85/46 720/93/46 728/105/46
f 729/15/29 730/16/29 731/17/29
f 729/15/29 731/17/29 732/18/29
f 732/18/30 731/17/30 733/19/30
f 732/18/30 733/19/30 734/20/30
f 734/20/9 733/19/9 735/21/9
f 734/20/9 735/21/9 736/22/9
f 736/22/31 735/21/31 737/23/31
f 736/22/31 737/23/31 738/24/31
f 738/24/32 737/23/32 739/25/32
f 738/24/32 739/25/32 740/26/32
f 740/26/33 739/25/33 741/27/33
f 740/26/33 741/27/33 742/28/33
f 742/28/34 741/27/34 743/29/34
f 742/28/34 743/29/34 744/30/34
f 744/30/14 743/29/14 745/31/14
f 744/30/14 745/31/14 746/32/14
f 746/32/35 745/31/35 747/33/35
f 746/32/35 747/33/35 748/34/35
f 748/34/36 747/33/36 749/35/36
f 748/34/36 749/35/36 750/36/36
f 750/36/37 749/35/37 751/37/37
f 750/36/37 751/37/37 752/38/37
f 752/38/38 751/37/38 753/39/38
f 752/38/38 753/39/38 754/40/38
f 754/40/19 753/39/19 755/41/19
f 754/40/19 755/41/19 756/42/19
f 756/42/39 755/41/39 757/43/39
f 756/42/39 757/43/39 758/44/39
f 758/44/40 757/43/40 759/45/40
f 758/44/40 759/45/40 760/46/40
f 760/46/41 759/45/41 761/47/41
f 760/46/41 761/47/41 762/48/41
f 762/48/42 761/47/42 763/49/42
f 762/48/42 763/49/42 764/50/42
f 764/50/24 763/49/24 765/51/24
f 764/50/24 765/51/24 766/52/24
f 733/53/43 731/97/43 730/55/43
f 730/55/43 767/98/43 765/57/43
f 765/57/43 763/58/43 761/99/43
f 761/99/43 759/60/43 757/100/43
f 757/100/43 755/62/43 753/63/43
f 753/63/43 751/101/43 749/65/43
f 749/65/43 747/102/43 745/67/43
f 745/67/43 743/68/43 741/103/43
f 741/103/43 739/70/43 737/104/43
f 737/104/43 735/72/43 733/53/43
f 733/53/43 730/55/43 765/57/43
f 765/57/43 761/99/43 757/100/43
f 757/100/43 753/63/43 749/65/43
f 749/65/43 745/67/43 741/103/43
f 741/103/43 737/104/43 733/53/43
f 733/53/43 765/57/43 757/100/43
f 757/100/43 749/65/43 741/103/43
f 757/100/43 741/103/43 733/53/43
f 766/52/44 765/51/44 767/73/44
f 766/52/44 767/73/44 768/74/44
f 768/74/45 767/73/45 730/75/45
f 768/74/45 730/75/45 729/76/45
f 768/105/46 729/78/46 732/106/46
f 732/106/46 734/80/46 736/81/46
f 736/81/46 738/107/46 740/83/46
f 740/83/46 742/108/46 744/85/46
f 744/85/46 746/86/46 748/109/46
f 748/109/46 750/88/46 752/110/46
f 752/110/46 754/90/46 756/91/46
f 756/91/46 758/111/46 760/93/46
f 760/93/46 762/112/46 764/95/46
f 764/95/46 766/96/46 768/105/46
f 768/105/46 732/106/46 736/81/46
f 736/81/46 740/83/46 744/85/46
f 744/85/46 748/109/46 752/110/46
f 752/110/46 756/91/46 760/93/46
f 760/93/46 764/95/46 768/105/46
f 768/105/46 736/81/46 744/85/46
f 744/85/46 752/110/46 760/93/46
f 744/85/46 760/93/46 768/105/46
f 769/15/7 770/16/7 771/17/7
f 769/15/7 771/17/7 772/18/7
f 772/18/8 771/17/8 773/19/8
f 772/18/8 773/19/8 774/20/8
f 774/20/9 773/19/9 775/21/9
f 774/20/9 775/21/9 776/22/9
f 776/22/10 775/21/10 777/23/10
f 776/22/10 777/23/10 778/24/10
f 778/24/11 777/23/11 779/25/11
f 778/24/11 779/25/11 780/26/11
f 780/26/12 779/25/12 781/27/12
f 780/26/12 781/27/12 782/28/12
f 782/28/13 781/27/13 783/29/13
f 782/28/13 783/29/13 784/30/13
f 784/30/14 783/29/14 785/31/14
f 784/30/14 785/31/14 786/32/14
f 786/32/15 785/31/15 787/33/15
f 786/32/15 787/33/15 788/34/15
f 788/34/16 787/33/16 789/35/16
f 788/34/16 789/35/16 790/36/16
f 790/36/17 789/35/17 791/37/17
f 790/36/17 791/37/17 792/38/17
f 792/38/18 791/37/18 793/39/18
f 792/38/18 793/39/18 794/40/18
f 794/40/19 793/39/19 795/41/19
f 794/40/19 795/41/19 796/42/19
f 796/42/20 795/41/20 797/43/20
f 796/42/20 797/43/20 798/44/20
f 798/44/21 797/43/21 799/45/21
f 798/44/21 799/45/21 800/46/21
f 800/46/22 799/45/22 801/47/22
f 800/46/22 801/47/22 802/48/22
f 802/48/23 801/47/23 803/49/23
f 802/48/23 803/49/23 804/50/23
f 804/50/24 803/49/24 805/51/24
f 804/50/24 805/51/24 806/52/24
f 773/53/25 771/54/25 770/55/25
f 770/55/25 807/56/25 805/57/25
f 805/57/25 803/58/25 801/59/25
f 801/59/25 799/60/25 797/61/25
f 797/61/25 795/62/25 793/63/25
f 793/63/25 791/64/25 789/65/25
f 789/65/25 787/66/25 785/67/25
f 785/67/25 783/68/25 781/69/25
f 781/69/25 779/70/25 777/71/25
f 777/71/25 775/72/25 773/53/25
f 773/53/25 770/55/25 805/57/25
f 805/57/25 801/59/25 797/61/25
f 797/61/25 793/63/25 789/65/25
f 789/65/25 785/67/25 781/69/25
f 781/69/25 777/71/25 773/53/25
f 773/53/25 805/57/25 797/61/25
f 797/61/25 789/65/25 781/69/25
f 797/61/25 781/69/25 773/53/25
f 806/52/26 805/51/26 807/73/26
f 806/52/26 807/73/26 808/74/26
f 808/74/27 807/73/27 770/75/27
f 808/74/27 770/75/27 769/76/27
f 808/77/28 769/78/28 772/79/28
f 772/79/28 774/80/28 776/81/28
f 776/81/28 778/82/28 780/83/28
f 780/83/28 782/84/28 784/85/28
f 784/85/28 786/86/28 788/87/28
f 788/87/28 790/88/28 792/89/28
f 792/89/28 794/90/28 796/91/28
f 796/91/28 798/92/28 800/93/28
f 800/93/28 802/94/28 804/95/28
f 804/95/28 806/96/28 808/77/28
f 808/77/28 772/79/28 776/81/28
f 776/81/28 780/83/28 784/85/28
f 784/85/28 788/87/28 792/89/28
f 792/89/28 796/91/28 800/93/28
f 800/93/28 804/95/28 808/77/28
f 808/77/28 776/81/28 784/85/28
f 784/85/28 792/89/28 800/93/28
f 784/85/28 800/93/28 808/77/28
f 809/15/29 810/16/29 811/17/29
f 809/15/29 811/17/29 812/18/29
f 812/18/30 811/17/30 813/19/30
f 812/18/30 813/19/30 814/20/30
f 814/20/9 813/19/9 815/21/9
f 814/20/9 815/21/9 816/22/9
f 816/22/31 815/21/31 817/23/31
f 816/22/31 817/23/31 818/24/31
f 818/24/32 817/23/32 819/25/32
f 818/24/32 819/25/32 820/26/32
f 820/26/33 819/25/33 821/27/33
f 820/26/33 821/27/33 822/28/33
f 822/28/34 821/27/34 823/29/34
f 822/28/34 823/29/34 824/30/34
f 824/30/14 823/29/14 825/31/14
f 824/30/14 825/31/14 826/32/14
f 826/32/35 825/31/35 827/33/35
f 826/32/35 827/33/35 828/34/35
f 828/34/36 827/33/36 829/35/36
f 828/34/36 829/35/36 830/36/36
f 830/36/37 829/35/37 831/37/37
f 830/36/37 831/37/37 832/38/37
f 832/38/38 831/37/38 833/39/38
f 832/38/38 833/39/38 834/40/38
f 834/40/19 833/39/19 835/41/19
f 834/40/19 835/41/19 836/42/19
f 836/42/39 835/41/39 837/43/39
f 836/42/39 837/43/39 838/44/39
f 838/44/40 837/43/40 839/45/40
f 838/44/40 839/45/40 840/46/40
f 840/46/41 839/45/41 841/47/41
f 840/46/41 841/47/41 842/48/41
f 842/48/42 841/47/42 843/49/42
f 842/48/42 843/49/42 844/50/42
f 844/50/24 843/49/24 845/51/24
f 844/50/24 845/51/24 846/52/24
f 813/53/43 811/97/43 810/55/43
f 810/55/43 847/98/43 845/57/43
f 845/57/43 843/58/43 841/99/43
f 841/99/43 839/60/43 837/100/43
f 837/100/43 835/62/43 833/63/43
f 833/63/43 831/101/43 829/65/43
f 829/65/43 827/102/43 825/67/43
f 825/67/43 823/68/43 821/103/43
f 821/103/43 819/70/43 817/104/43
f 817/104/43 815/72/43 813/53/43
f 813/53/43 810/55/43 845/57/43
f 845/57/43 841/99/43 837/100/43
f 837/100/43 833/63/43 829/65/43
f 829/65/43 825/67/43 821/103/43
f 821/103/43 817/104/43 813/53/43
f 813/53/43 845/57/43 837/100/43
f 837/100/43 829/65/43 821/103/43
f 837/100/43 821/103/43 813/53/43
f 846/52/44 845/51/44 847/73/44
f 846/52/44 847/73/44 848/74/44
f 848/74/45 847/73/45 810/75/45
f 848/74/45 810/75/45 809/76/45
f 848/105/46 809/78/46 812/106/46
f 812/106/46 814/80/46 816/81/46
f 816/81/46 818/107/46 820/83/46
f 820/83/46 822/108/46 824/85/46
f 824/85/46 826/86/46 828/109/46
f 828/109/46 830/88/46 832/110/46
f 832/110/46 834/90/46 836/91/46
f 836/91/46 838/111/46 840/93/46
f 840/93/46 842/112/46 844/95/46
f 844/95/46 846/96/46 848/105/46
f 848/105/46 812/106/46 816/81/46
f 816/81/46 820/83/46 824/85/46
f 824/85/46 828/109/46 832/110/46
f 832/110/46 836/91/46 840/93/46
f 840/93/46 844/95/46 848/105/46
f 848/105/46 816/81/46 824/85/46
f 824/85/46 832/110/46 840/93/46
f 824/85/46 840/93/46 848/105/46
f 849/15/29 850/16/29 851/17/29
f 849/15/29 851/17/29 852/18/29
f 852/18/30 851/17/30 853/19/30
f 852/18/30 853/19/30 854/20/30
f 854/20/9 853/19/9 855/21/9
f 854/20/9 855/21/9 856/22/9
f 856/22/31 855/21/31 857/23/31
f 856/22/31 857/23/31 858/24/31
f 858/24/32 857/23/32 859/25/32
f 858/24/32 859/25/32 860/26/32
f 860/26/33 859/25/33 861/27/33
f 860/26/33 861/27/33 862/28/33
f 862/28/34 861/27/34 863/29/34
f 862/28/34 863/29/34 864/30/34
f 864/30/14 863/29/14 865/31/14
f 864/30/14 865/31/14 866/32/14
f 866/32/35 865/31/35 867/33/35
f 866/32/35 867/33/35 868/34/35
f 868/34/36 867/33/36 869/35/36
f 868/34/36 869/35/36 870/36/36
f 870/36/37 869/35/37 871/37/37
f 870/36/37 871/37/37 872/38/37
f 872/38/38 871/37/38 873/39/38
f 872/38/38 873/39/38 874/40/38
f 874/40/19 873/39/19 875/41/19
f 874/40/19 875/41/19 876/42/19
f 876/42/39 875/41/39 877/43/39
f 876/42/39 877/43/39 878/44/39
f 878/44/40 877/43/40 879/45/40
f 878/44/40 879/45/40 880/46/40
f 880/46/41 879/45/41 881/47/41
f 880/46/41 881/47/41 882/48/41
f 882/48/42 881/47/42 883/49/42
f 882/48/42 883/49/42 884/50/42
f 884/50/24 883/49/24 885/51/24
f 884/50/24 885/51/24 886/52/24
f 853/53/43 851/97/43 850/55/43
f 850/55/43 887/98/43 885/57/43
f 885/57/43 883/58/43 881/99/43
f 881/99/43 879/60/43 877/100/43
f 877/100/43 875/62/43 873/63/43
f 873/63/43 871/101/43 869/65/43
f 869/65/43 867/102/43 865/67/43
f 865/67/43 863/68/43 861/103/43
f 861/103/43 859/70/43 857/104/43
f 857/104/43 855/72/43 853/53/43
f 853/53/43 850/55/43 885/57/43
f 885/57/43 881/99/43 877/100/43
f 877/100/43 873/63/43 869/65/43
f 869/65/43 865/67/43 861/103/43
f 861/103/43 857/104/43 853/53/43
f 853/53/43 885/57/43 877/100/43
f 877/100/43 869/65/43 861/103/43
f 877/100/43 861/103/43 853/53/43
f 886/52/44 885/51/44 887/73/44
f 886/52/44 887/73/44 888/74/44
f 888/74/45 887/73/45 850/75/45
f 888/74/45 850/75/45 849/76/45
f 888/105/46 849/78/46 852/106/46
f 852/106/46 854/80/46 856/81/46
f 856/81/46 858/107/46 860/83/46
f 860/83/46 862/108/46 864/85/46
f 864/85/46 866/86/46 868/109/46
f 868/109/46 870/88/46 872/110/46
f 872/110/46 874/90/46 876/91/46
f 876/91/46 878/111/46 880/93/46
f 880/93/46 882/112/46 884/95/46
f 884/95/46 886/96/46 888/105/46
f 888/105/46 852/106/46 856/81/46
f 856/81/46 860/83/46 864/85/46
f 864/85/46 868/109/46 872/110/46
f 872/110/46 876/91/46 880/93/46
f 880/93/46 884/95/46 888/105/46
f 888/105/46 856/81/46 864/85/46
f 864/85/46 872/110/46 880/93/46
f 864/85/46 880/93/46 888/105/46
f 889/15/7 890/16/7 891/17/7
f 889/15/7 891/17/7 892/18/7
f 892/18/8 891/17/8 893/19/8
f 892/18/8 893/19/8 894/20/8
f 894/20/9 893/19/9 895/21/9
f 894/20/9 895/21/9 896/22/9
f 896/22/10 895/21/10 897/23/10
f 896/22/10 897/23/10 898/24/10
f 898/24/11 897/23/11 899/25/11
f 898/24/11 899/25/11 900/26/11
f 900/26/12 899/25/12 901/27/12
f 900/26/12 901/27/12 902/28/12
f 902/28/13 901/27/13 903/29/13
f 902/28/13 903/29/13 904/30/13
f 904/30/14 903/29/14 905/31/14
f 904/30/14 905/31/14 906/32/14
f 906/32/15 905/31/15 907/33/15
f 906/32/15 907/33/15 908/34/15
f 908/34/16 907/33/16 909/35/16
f 908/34/16 909/35/16 910/36/16
f 910/36/17 909/35/17 911/37/17
f 910/36/17 911/37/17 912/38/17
f 912/38/18 911/37/18 913/39/18
f 912/38/18 913/39/18 914/40/18
f 914/40/19 913/39/19 915/41/19
f 914/40/19 915/41/19 916/42/19
f 916/42/20 915/41/20 917/43/20
f 916/42/20 917/43/20 918/44/20
f 918/44/21 917/43/21 919/45/21
f 918/44/21 919/45/21 920/46/21
f 920/46/22 919/45/22 921/47/22
f 920/46/22 921/47/22 922/48/22
f 922/48/23 921/47/23 923/49/23
f 922/48/23 923/49/23 924/50/23
f 924/50/24 923/49/24 925/51/24
f 924/50/24 925/51/24 926/52/24
f 893/53/25 891/54/25 890/55/25
f 890/55/25 927/56/25 925/57/25
f 925/57/25 923/58/25 921/59/25
f 921/59/25 919/60/25 917/61/25
f 917/61/25 915/62/25 913/63/25
f 913/63/25 911/64/25 909/65/25
f 909/65/25 907/66/25 905/67/25
f 905/67/25 903/68/25 901/69/25
f 901/69/25 899/70/25 897/71/25
f 897/71/25 895/72/25 893/53/25
f 893/53/25 890/55/25 925/57/25
f 925/57/25 921/59/25 917/61/25
f 917/61/25 913/63/25 909/65/25
f 909/65/25 905/67/25 901/69/25
f 901/69/25 897/71/25 893/53/25
f 893/53/25 925/57/25 917/61/25
f 917/61/25 909/65/25 901/69/25
f 917/61/25 901/69/25 893/53/25
f 926/52/26 925/51/26 927/73/26
f 926/52/26 927/73/26 928/74/26
f 928/74/27 927/73/27 890/75/27
f 928/74/27 890/75/27 889/76/27
f 928/77/28 889/78/28 892/79/28
f 892/79/28 894/80/28 896/81/28
f 896/81/28 898/82/28 900/83/28
f 900/83/28 902/84/28 904/85/28
f 904/85/28 906/86/28 908/87/28
f 908/87/28 910/88/28 912/89/28
f 912/89/28 914/90/28 916/91/28
f 916/91/28 918/92/28 920/93/28
f 920/93/28 922/94/28 924/95/28
f 924/95/28 926/96/28 928/77/28
f 928/77/28 892/79/28 896/81/28
f 896/81/28 900/83/28 904/85/28
f 904/85/28 908/87/28 912/89/28
f 912/89/28 916/91/28 920/93/28
f 920/93/28 924/95/28 928/77/28
f 928/77/28 896/81/28 904/85/28
f 904/85/28 912/89/28 920/93/28
f 904/85/28 920/93/28 928/77/28
f 929/15/29 930/16/29 931/17/29
f 929/15/29 931/17/29 932/18/29
f 932/18/30 931/17/30 933/19/30
f 932/18/30 933/19/30 934/20/30
f 934/20/9 933/19/9 935/21/9
f 934/20/9 935/21/9 936/22/9
f 936/22/31 935/21/31 937/23/31
f 936/22/31 937/23/31 938/24/31
f 938/24/32 937/23/32 939/25/32
f 938/24/32 939/25/32 940/26/32
f 940/26/33 939/25/33 941/27/33
f 940/26/33 941/27/33 942/28/33
f 942/28/34 941/27/34 943/29/34
f 942/28/34 943/29/34 944/30/34
f 944/30/14 943/29/14 945/31/14
f 944/30/14 945/31/14 946/32/14
f 946/32/35 945/31/35 947/33/35
f 946/32/35 947/33/35 948/34/35
f 948/34/36 947/33/36 949/35/36
f 948/34/36 949/35/36 950/36/36
f 950/36/37 949/35/37 951/37/37
f 950/36/37 951/37/37 952/38/37
f 952/38/38 951/37/38 953/39/38
f 952/38/38 953/39/38 954/40/38
f 954/40/19 953/39/19 955/41/19
f 954/40/19 955/41/19 956/42/19
f 956/42/39 955/41/39 957/43/39
f 956/42/39 957/43/39 958/44/39
f 958/44/40 957/43/40 959/45/40
f 958/44/40 959/45/40 960/46/40
f 960/46/41 959/45/41 961/47/41
f 960/46/41 961/47/41 962/48/41
f 962/48/42 961/47/42 963/49/42
f 962/48/42 963/49/42 964/50/42
f 964/50/24 963/49/24 965/51/24
f 964/50/24 965/51/24 966/52/24
f 933/53/43 931/97/43 930/55/43
f 930/55/43 967/98/43 965/57/43
f 965/57/43 963/58/43 961/99/43
f 961/99/43 959/60/43 957/100/43
f 957/100/43 955/62/43 953/63/43
f 953/63/43 951/101/43 949/65/43
f 949/65/43 947/102/43 945/67/43
f 945/67/43 943/68/43 941/103/43
f 941/103/43 939/70/43 937/104/43
f 937/104/43 935/72/43 933/53/43
f 933/53/43 930/55/43 965/57/43
f 965/57/43 961/99/43 957/100/43
f 957/100/43 953/63/43 949/65/43
f 949/65/43 945/67/43 941/103/43
f 941/103/43 937/104/43 933/53/43
f 933/53/43 965/57/43 957/100/43
f 957/100/43 949/65/43 941/103/43
f 957/100/43 941/103/43 933/53/43
f 966/52/44 965/51/44 967/73/44
f 966/52/44 967/73/44 968/74/44
f 968/74/45 967/73/45 930/75/45
f 968/74/45 930/75/45 929/76/45
f 968/105/46 929/78/46 932/106/46
f 932/106/46 934/80/46 936/81/46
f 936/81/46 938/107/46 940/83/46
f 940/83/46 942/108/46 944/85/46
f 944/85/46 946/86/46 948/109/46
f 948/109/46 950/88/46 952/110/46
f 952/110/46 954/90/46 956/91/46
f 956/91/46 958/111/46 960/93/46
f 960/93/46 962/112/46 964/95/46
f 964/95/46 966/96/46 968/105/46
f 968/105/46 932/106/46 936/81/46
f 936/81/46 940/83/46 944/85/46
f 944/85/46 948/109/46 952/110/46
f 952/110/46 956/91/46 960/93/46
f 960/93/46 964/95/46 968/105/46
f 968/105/46 936/81/46 944/85/46
f 944/85/46 952/110/46 960/93/46
f 944/85/46 960/93/46 968/105/46
f 969/15/29 970/16/29 971/17/29
f 969/15/29 971/17/29 972/18/29
f 972/18/30 971/17/30 973/19/30
f 972/18/30 973/19/30 974/20/30
f 974/20/9 973/19/9 975/21/9
f 974/20/9 975/21/9 976/22/9
f 976/22/31 975/21/31 977/23/31
f 976/22/31 977/23/31 978/24/31
f 978/24/32 977/23/32 979/25/32
f 978/24/32 979/25/32 980/26/32
f 980/26/33 979/25/33 981/27/33
f 980/26/33 981/27/33 982/28/33
f 982/28/34 981/27/34 983/29/34
f 982/28/34 983/29/34 984/30/34
f 984/30/14 983/29/14 985/31/14
f 984/30/14 985/31/14 986/32/14
f 986/32/35 985/31/35 987/33/35
f 986/32/35 987/33/35 988/34/35
f 988/34/36 987/33/36 989/35/36
f 988/34/36 989/35/36 990/36/36
f 990/36/37 989/35/37 991/37/37
f 990/36/37 991/37/37 992/38/37
f 992/38/38 991/37/38 993/39/38
f 992/38/38 993/39/38 994/40/38
f 994/40/19 993/39/19 995/41/19
f 994/40/19 995/41/19 996/42/19
f 996/42/39 995/41/39 997/43/39
f 996/42/39 997/43/39 998/44/39
f 998/44/40 997/43/40 999/45/40
f 998/44/40 999/45/40 1000/46/40
f 1000/46/41 999/45/41 1001/47/41
f 1000/46/41 1001/47/41 1002/48/41
f 1002/48/42 1001/47/42 1003/49/42
f 1002/48/42 1003/49/42 1004/50/42
f 1004/50/24 1003/49/24 1005/51/24
f 1004/50/24 1005/51/24 1006/52/24
f 973/53/43 971/97/43 970/55/43
f 970/55/43 1007/98/43 1005/57/43
f 1005/57/43 1003/58/43 1001/99/43
f 1001/99/43 999/60/43 997/100/43
f 997/100/43 995/62/43 993/63/43
f 993/63/43 991/101/43 989/65/43
f 989/65/43 987/102/43 985/67/43
f 985/67/43 983/68/43 981/103/43
f 981/103/43 979/70/43 977/104/43
f 977/104/43 975/72/43 973/53/43
f 973/53/43 970/55/43 1005/57/43
f 1005/57/43 1001/99/43 997/100/43
f 997/100/43 993/63/43 989/65/43
f 989/65/43 985/67/43 981/103/43
f 981/103/43 977/104/43 973/53/43
f 973/53/43 1005/57/43 997/100/43
f 997/100/43 989/65/43 981/103/43
f 997/100/43 981/103/43 973/53/43
f 1006/52/44 1005/51/44 1007/73/44
f 1006/52/44 1007/73/44 1008/74/44
f 1008/74/45 1007/73/45 970/75/45
f 1008/74/45 970/75/45 969/76/45
f 1008/105/46 969/78/46 972/106/46
f 972/106/46 974/80/46 976/81/46
f 976/81/46 978/107/46 980/83/46
f 980/83/46 982/108/46 984/85/46
f 984/85/46 986/86/46 988/109/46
f 988/109/46 990/88/46 992/110/46
f 992/110/46 994/90/46 996/91/46
f 996/91/46 998/111/46 1000/93/46
f 1000/93/46 1002/112/46 1004/95/46
f 1004/95/46 1006/96/46 1008/105/46
f 1008/105/46 972/106/46 976/81/46
f 976/81/46 980/83/46 984/85/46
f 984/85/46 988/109/46 992/110/46
f 992/110/46 996/91/46 1000/93/46
f 1000/93/46 1004/95/46 1008/105/46
f 1008/105/46 976/81/46 984/85/46
f 984/85/46 992/110/46 1000/93/46
f 984/85/46 1000/93/46 1008/105/46
f 1009/15/7 1010/16/7 1011/17/7
f 1009/15/7 1011/17/7 1012/18/7
f 1012/18/8 1011/17/8 1013/19/8
f 1012/18/8 1013/19/8 1014/20/8
f 1014/20/9 1013/19/9 1015/21/9
f 1014/20/9 1015/21/9 1016/22/9
f 1016/22/10 1015/21/10 1017/23/10
f 1016/22/10 1017/23/10 1018/24/10
f 1018/24/11 1017/23/11 1019/25/11
f 1018/24/11 1019/25/11 1020/26/11
f 1020/26/12 1019/25/12 1021/27/12
f 1020/26/12 1021/27/12 1022/28/12
f 1022/28/13 1021/27/13 1023/29/13
f 1022/28/13 1023/29/13 1024/30/13
f 1024/30/14 1023/29/14 1025/31/14
f 1024/30/14 1025/31/14 1026/32/14
f 1026/32/15 1025/31/15 1027/33/15
f 1026/32/15 1027/33/15 1028/34/15
f 1028/34/16 1027/33/16 1029/35/16
f 1028/34/16 1029/35/16 1030/36/16
f 1030/36/17 1029/35/17 1031/37/17
f 1030/36/17 1031/37/17 1032/38/17
f 1032/38/18 1031/37/18 1033/39/18
f 1032/38/18 1033/39/18 1034/40/18
f 1034/40/19 1033/39/19 1035/41/19
f 1034/40/19 1035/41/19 1036/42/19
f 1036/42/20 1035/41/20 1037/43/20
f 1036/42/20 1037/43/20 1038/44/20
f 1038/44/21 1037/43/21 1039/45/21
f 1038/44/21 1039/45/21 1040/46/21
f 1040/46/22 1039/45/22 1041/47/22
f 1040/46/22 1041/47/22 1042/48/22
f 1042/48/23 1041/47/23 1043/49/23
f 1042/48/23 1043/49/23 1044/50/23
f 1044/50/24 1043/49/24 1045/51/24
f 1044/50/24 1045/51/24 1046/52/24
f 1013/53/25 1011/54/25 1010/55/25
f 1010/55/25 1047/56/25 1045/57/25
f 1045/57/25 1043/58/25 1041/59/25
f 1041/59/25 1039/60/25 1037/61/25
f 1037/61/25 1035/62/25 1033/63/25
f 1033/63/25 1031/64/25 1029/65/25
f 1029/65/25 1027/66/25 1025/67/25
f 1025/67/25 1023/68/25 1021/69/25
f 1021/69/25 1019/70/25 1017/71/25
f 1017/71/25 1015/72/25 1013/53/25
f 1013/53/25 1010/55/25 1045/57/25
f 1045/57/25 1041/59/25 1037/61/25
f 1037/61/25 1033/63/25 1029/65/25
f 1029/65/25 1025/67/25 1021/69/25
f 1021/69/25 1017/71/25 1013/53/25
f 1013/53/25 1045/57/25 1037/61/25
f 1037/61/25 1029/65/25 1021/69/25
f 1037/61/25 1021/69/25 1013/53/25
f 1046/52/26 1045/51/26 1047/73/26
f 1046/52/26 1047/73/26 1048/74/26
f 1048/74/27 1047/73/27 1010/75/27
f 1048/74/27 1010/75/27 1009/76/27
f 1048/77/28 1009/78/28 1012/79/28
f 1012/79/28 1014/80/28 1016/81/28
f 1016/81/28 1018/82/28 1020/83/28
f 1020/83/28 1022/84/28 1024/85/28
f 1024/85/28 1026/86/28 1028/87/28
f 1028/87/28 1030/88/28 1032/89/28
f 1032/89/28 1034/90/28 1036/91/28
f 1036/91/28 1038/92/28 1040/93/28
f 1040/93/28 1042/94/28 1044/95/28
f 1044/95/28 1046/96/28 1048/77/28
f 1048/77/28 1012/79/28 1016/81/28
f 1016/81/28 1020/83/28 1024/85/28
f 1024/85/28 1028/87/28 1032/89/28
f 1032/89/28 1036/91/28 1040/93/28
f 1040/93/28 1044/95/28 1048/77/28
f 1048/77/28 1016/81/28 1024/85/28
f 1024/85/28 1032/89/28 1040/93/28
f 1024/85/28 1040/93/28 1048/77/28
f 1049/15/29 1050/16/29 1051/17/29
f 1049/15/29 1051/17/29 1052/18/29
f 1052/18/30 1051/17/30 1053/19/30
f 1052/18/30 1053/19/30 1054/20/30
f 1054/20/9 1053/19/9 1055/21/9
f 1054/20/9 1055/21/9 1056/22/9
f 1056/22/31 1055/21/31 1057/23/31
f 1056/22/31 1057/23/31 1058/24/31
f 1058/24/32 1057/23/32 1059/25/32
f 1058/24/32 1059/25/32 1060/26/32
f 1060/26/33 1059/25/33 1061/27/33
f 1060/26/33 1061/27/33 1062/28/33
f 1062/28/34 1061/27/34 1063/29/34
f 1062/28/34 1063/29/34 1064/30/34
f 1064/30/14 1063/29/14 1065/31/14
f 1064/30/14 1065/31/14 1066/32/14
f 1066/32/35 1065/31/35 1067/33/35
f 1066/32/35 1067/33/35 1068/34/35
f 1068/34/36 1067/33/36 1069/35/36
f 1068/34/36 1069/35/36 1070/36/36
f 1070/36/37 1069/35/37 1071/37/37
f 1070/36/37 1071/37/37 1072/38/37
f 1072/38/38 1071/37/38 1073/39/38
f 1072/38/38 1073/39/38 1074/40/38
f 1074/40/19 1073/39/19 1075/41/19
f 1074/40/19 1075/41/19 1076/42/19
f 1076/42/39 1075/41/39 1077/43/39
f 1076/42/39 1077/43/39 1078/44/39
f 1078/44/40 1077/43/40 1079/45/40
f 1078/44/40 1079/45/40 1080/46/40
f 1080/46/41 1079/45/41 1081/47/41
f 1080/46/41 1081/47/41 1082/48/41
f 1082/48/42 1081/47/42 1083/49/42
f 1082/48/42 1083/49/42 1084/50/42
f 1084/50/24 1083/49/24 1085/51/24
f 1084/50/24 1085/51/24 1086/52/24
f 1053/53/43 1051/97/43 1050/55/43
f 1050/55/43 1087/98/43 1085/57/43
f 1085/57/43 1083/58/43 1081/99/43
f 1081/99/43 1079/60/43 1077/100/43
f 1077/100/43 1075/62/43 1073/63/43
f 1073/63/43 1071/101/43 1069/65/43
f 1069/65/43 1067/102/43 1065/67/43
f 1065/67/43 1063/68/43 1061/103/43
f 1061/103/43 1059/70/43 1057/104/43
f 1057/104/43 1055/72/43 1053/53/43
f 1053/53/43 1050/55/43 1085/57/43
f 1085/57/43 1081/99/43 1077/100/43
f 1077/100/43 1073/63/43 1069/65/43
f 1069/65/43 1065/67/43 1061/103/43
f 1061/103/43 1057/104/43 1053/53/43
f 1053/53/43 1085/57/43 1077/100/43
f 1077/100/43 1069/65/43 1061/103/43
f 1077/100/43 1061/103/43 1053/53/43
f 1086/52/44 1085/51/44 1087/73/44
f 1086/52/44 1087/73/44 1088/74/44
f 1088/74/45 1087/73/45 1050/75/45
f 1088/74/45 1050/75/45 1049/76/45
f 1088/105/46 1049/78/46 1052/106/46
f 1052/106/46 1054/80/46 1056/81/46
f 1056/81/46 1058/107/46 1060/83/46
f 1060/83/46 1062/108/46 1064/85/46
f 1064/85/46 1066/86/46 1068/109/46
f 1068/109/46 1070/88/46 1072/110/46
f 1072/110/46 1074/90/46 1076/91/46
f 1076/91/46 1078/111/46 1080/93/46
f 1080/93/46 1082/112/46 1084/95/46
f 1084/95/46 1086/96/46 1088/105/46
f 1088/105/46 1052/106/46 1056/81/46
f 1056/81/46 1060/83/46 1064/85/46
f 1064/85/46 1068/109/46 1072/110/46
f 1072/110/46 1076/91/46 1080/93/46
f 1080/93/46 1084/95/46 1088/105/46
f 1088/105/46 1056/81/46 1064/85/46
f 1064/85/46 1072/110/46 1080/93/46
f 1064/85/46 1080/93/46 1088/105/46
f 1089/15/29 1090/16/29 1091/17/29
f 1089/15/29 1091/17/29 1092/18/29
f 1092/18/30 1091/17/30 1093/19/30
f 1092/18/30 1093/19/30 1094/20/30
f 1094/20/9 1093/19/9 1095/21/9
f 1094/20/9 1095/21/9 1096/22/9
f 1096/22/31 1095/21/31 1097/23/31
f 1096/22/31 1097/23/31 1098/24/31
f 1098/24/32 1097/23/32 1099/25/32
f 1098/24/32 1099/25/32 1100/26/32
f 1100/26/33 1099/25/33 1101/27/33
f 1100/26/33 1101/27/33 1102/28/33
f 1102/28/34 1101/27/34 1103/29/34
f 1102/28/34 1103/29/34 1104/30/34
f 1104/30/14 1103/29/14 1105/31/14
f 1104/30/14 1105/31/14 1106/32/14
f 1106/32/35 1105/31/35 1107/33/35
f 1106/32/35 1107/33/35 1108/34/35
f 1108/34/36 1107/33/36 1109/35/36
f 1108/34/36 1109/35/36 1110/36/36
f 1110/36/37 1109/35/37 1111/37/37
f 1110/36/37 1111/37/37 1112/38/37
f 1112/38/38 1111/37/38 1113/39/38
f 1112/38/38 1113/39/38 1114/40/38
f 1114/40/19 1113/39/19 1115/41/19
f 1114/40/19 1115/41/19 1116/42/19
f 1116/42/39 1115/41/39 1117/43/39
f 1116/42/39 1117/43/39 1118/44/39
f 1118/44/40 1117/43/40 1119/45/40
f 1118/44/40 1119/45/40 1120/46/40
f 1120/46/41 1119/45/41 1121/47/41
f 1120/46/41 1121/47/41 1122/48/41
f 1122/48/42 1121/47/42 1123/49/42
f 1122/48/42 1123/49/42 1124/50/42
f 1124/50/24 1123/49/24 1125/51/24
f 1124/50/24 1125/51/24 1126/52/24
f 1093/53/43 1091/97/43 1090/55/43
f 1090/55/43 1127/98/43 1125/57/43
f 1125/57/43 1123/58/43 1121/99/43
f 1121/99/43 1119/60/43 1117/100/43
f 1117/100/43 1115/62/43 1113/63/43
f 1113/63/43 1111/101/43 1109/65/43
f 1109/65/43 1107/102/43 1105/67/43
f 1105/67/43 1103/68/43 1101/103/43
f 1101/103/43 1099/70/43 1097/104/43
f 1097/104/43 1095/72/43 1093/53/43
f 1093/53/43 1090/55/43 1125/57/43
f 1125/57/43 1121/99/43 1117/100/43
f 1117/100/43 1113/63/43 1109/65/43
f 1109/65/43 1105/67/43 1101/103/43
f 1101/103/43 1097/104/43 1093/53/43
f 1093/53/43 1125/57/43 1117/100/43
f 1117/100/43 1109/65/43 1101/103/43
f 1117/100/43 1101/103/43 1093/53/43
f 1126/52/44 1125/51/44 1127/73/44
f 1126/52/44 1127/73/44 1128/74/44
f 1128/74/45 1127/73/45 1090/75/45
f 1128/74/45 1090/75/45 1089/76/45
f 1128/105/46 1089/78/46 1092/106/46
f 1092/106/46 1094/80/46 1096/81/46
f 1096/81/46 1098/107/46 1100/83/46
f 1100/83/46 1102/108/46 1104/85/46
f 1104/85/46 1106/86/46 1108/109/46
f 1108/109/46 1110/88/46 1112/110/46
f 1112/110/46 1114/90/46 1116/91/46
f 1116/91/46 1118/111/46 1120/93/46
f 1120/93/46 1122/112/46 1124/95/46
f 1124/95/46 1126/96/46 1128/105/46
f 1128/105/46 1092/106/46 1096/81/46
f 1096/81/46 1100/83/46 1104/85/46
f 1104/85/46 1108/109/46 1112/110/46
f 1112/110/46 1116/91/46 1120/93/46
f 1120/93/46 1124/95/46 1128/105/46
f 1128/105/46 1096/81/46 1104/85/46
f 1104/85/46 1112/110/46 1120/93/46
f 1104/85/46 1120/93/46 1128/105/46
f 1129/1/1 1130/2/1 1131/3/1
f 1129/1/1 1131/3/1 1132/4/1
f 1132/4/2 1131/3/2 1133/5/2
f 1132/4/2 1133/5/2 1134/6/2
f 1134/6/3 1133/5/3 1135/7/3
f 1134/6/3 1135/7/3 1136/8/3
f 1136/8/4 1135/7/4 1130/9/4
f 1136/8/4 1130/9/4 1129/10/4
f 1132/11/5 1134/6/5 1136/8/5
f 1132/11/5 1136/8/5 1129/12/5
f 1133/5/6 1131/13/6 1130/14/6
f 1133/5/6 1130/14/6 1135/7/6
f 1137/1/1 1138/2/1 1139/3/1
f 1137/1/1 1139/3/1 1140/4/1
f 1140/4/2 1139/3/2 1141/5/2
f 1140/4/2 1141/5/2 1142/6/2
f 1142/6/3 1141/5/3 1143/7/3
f 1142/6/3 1143/7/3 1144/8/3
f 1144/8/4 1143/7/4 1138/9/4
f 1144/8/4 1138/9/4 1137/10/4
f 1140/11/5 1142/6/5 1144/8/5
f 1140/11/5 1144/8/5 1137/12/5
f 1141/5/6 1139/13/6 1138/14/6
f 1141/5/6 1138/14/6 1143/7/6
f 1145/1/1 1146/2/1 1147/3/1
f 1145/1/1 1147/3/1 1148/4/1
f 1148/4/2 1147/3/2 1149/5/2
f 1148/4/2 1149/5/2 1150/6/2
f 1150/6/3 1149/5/3 1151/7/3
f 1150/6/3 1151/7/3 1152/8/3
f 1152/8/4 1151/7/4 1146/9/4
f 1152/8/4 1146/9/4 1145/10/4
f 1148/11/5 1150/6/5 1152/8/5
f 1148/11/5 1152/8/5 1145/12/5
f 1149/5/6 1147/13/6 1146/14/6
f 1149/5/6 1146/14/6 1151/7/6
f 1153/1/1 1154/2/1 1155/3/1
f 1153/1/1 1155/3/1 1156/4/1
f 1156/4/2 1155/3/2 1157/5/2
f 1156/4/2 1157/5/2 1158/6/2
f 1158/6/3 1157/5/3 1159/7/3
f 1158/6/3 1159/7/3 1160/8/3
f 1160/8/4 1159/7/4 1154/9/4
f 1160/8/4 1154/9/4 1153/10/4
f 1156/11/5 1158/6/5 1160/8/5
f 1156/11/5 1160/8/5 1153/12/5
f 1157/5/6 1155/13/6 1154/14/6
f 1157/5/6 1154/14/6 1159/7/6
f 1161/1/1 1162/2/1 1163/3/1
f 1161/1/1 1163/3/1 1164/4/1
f 1164/4/2 1163/3/2 1165/5/2
f 1164/4/2 1165/5/2 1166/6/2
f 1166/6/3 1165/5/3 1167/7/3
f 1166/6/3 1167/7/3 1168/8/3
f 1168/8/4 1167/7/4 1162/9/4
f 1168/8/4 1162/9/4 1161/10/4
f 1164/11/5 1166/6/5 1168/8/5
f 1164/11/5 1168/8/5 1161/12/5
f 1165/5/6 1163/13/6 1162/14/6
f 1165/5/6 1162/14/6 1167/7/6
f 1169/1/1 1170/2/1 1171/3/1
f 1169/1/1 1171/3/1 1172/4/1
f 1172/4/2 1171/3/2 1173/5/2
f 1172/4/2 1173/5/2 1174/6/2
f 1174/6/3 1173/5/3 1175/7/3
f 1174/6/3 1175/7/3 1176/8/3
f 1176/8/4 1175/7/4 1170/9/4
f 1176/8/4 1170/9/4 1169/10/4
f 1172/11/5 1174/6/5 1176/8/5
f 1172/11/5 1176/8/5 1169/12/5
f 1173/5/6 1171/13/6 1170/14/6
f 1173/5/6 1170/14/6 1175/7/6
f 1177/1/1 1178/2/1 1179/3/1
f 1177/1/1 1179/3/1 1180/4/1
f 1180/4/2 1179/3/2 1181/5/2
f 1180/4/2 1181/5/2 1182/6/2
f 1182/6/3 1181/5/3 1183/7/3
f 1182/6/3 1183/7/3 1184/8/3
f 1184/8/4 1183/7/4 1178/9/4
f 1184/8/4 1178/9/4 1177/10/4
f 1180/11/5 1182/6/5 1184/8/5
f 1180/11/5 1184/8/5 1177/12/5
f 1181/5/6 1179/13/6 1178/14/6
f 1181/5/6 1178/14/6 1183/7/6
f 1185/1/1 1186/2/1 1187/3/1
f 1185/1/1 1187/3/1 1188/4/1
f 1188/4/2 1187/3/2 1189/5/2
f 1188/4/2 1189/5/2 1190/6/2
f 1190/6/3 1189/5/3 1191/7/3
f 1190/6/3 1191/7/3 1192/8/3
f 1192/8/4 1191/7/4 1186/9/4
f 1192/8/4 1186/9/4 1185/10/4
f 1188/11/5 1190/6/5 1192/8/5
f 1188/11/5 1192/8/5 1185/12/5
f 1189/5/6 1187/13/6 1186/14/6
f 1189/5/6 1186/14/6 1191/7/6
f 1193/1/1 1194/2/1 1195/3/1
f 1193/1/1 1195/3/1 1196/4/1
f 1196/4/2 1195/3/2 1197/5/2
f 1196/4/2 1197/5/2 1198/6/2
f 1198/6/3 1197/5/3 1199/7/3
f 1198/6/3 1199/7/3 1200/8/3
f 1200/8/4 1199/7/4 1194/9/4
f 1200/8/4 1194/9/4 1193/10/4
f 1196/11/5 1198/6/5 1200/8/5
f 1196/11/5 1200/8/5 1193/12/5
f 1197/5/6 1195/13/6 1194/14/6
f 1197/5/6 1194/14/6 1199/7/6
f 1201/1/1 1202/2/1 1203/3/1
f 1201/1/1 1203/3/1 1204/4/1
f 1204/4/2 1203/3/2 1205/5/2
f 1204/4/2 1205/5/2 1206/6/2
f 1206/6/3 1205/5/3 1207/7/3
f 1206/6/3 1207/7/3 1208/8/3
f 1208/8/4 1207/7/4 1202/9/4
f 1208/8/4 1202/9/4 1201/10/4
f 1204/11/5 1206/6/5 1208/8/5
f 1204/11/5 1208/8/5 1201/12/5
f 1205/5/6 1203/13/6 1202/14/6
f 1205/5/6 1202/14/6 1207/7/6
f 1209/1/1 1210/2/1 1211/3/1
f 1209/1/1 1211/3/1 1212/4/1
f 1212/4/2 1211/3/2 1213/5/2
f 1212/4/2 1213/5/2 1214/6/2
f 1214/6/3 1213/5/3 1215/7/3
f 1214/6/3 1215/7/3 1216/8/3
f 1216/8/4 1215/7/4 1210/9/4
f 1216/8/4 1210/9/4 1209/10/4
f 1212/11/5 1214/6/5 1216/8/5
f 1212/11/5 1216/8/5 1209/12/5
f 1213/5/6 1211/13/6 1210/14/6
f 1213/5/6 1210/14/6 1215/7/6
f 1217/1/1 1218/2/1 1219/3/1
f 1217/1/1 1219/3/1 1220/4/1
f 1220/4/2 1219/3/2 1221/5/2
f 1220/4/2 1221/5/2 1222/6/2
f 1222/6/3 1221/5/3 1223/7/3
f 1222/6/3 1223/7/3 1224/8/3
f 1224/8/4 1223/7/4 1218/9/4
f 1224/8/4 1218/9/4 1217/10/4
f 1220/11/5 1222/6/5 1224/8/5
f 1220/11/5 1224/8/5 1217/12/5
f 1221/5/6 1219/13/6 1218/14/6
f 1221/5/6 1218/14/6 1223/7/6
f 1225/15/47 1226/16/47 1227/17/47
f 1225/15/47 1227/17/47 1228/18/47
f 1228/18/48 1227/17/48 1229/19/48
f 1228/18/48 1229/19/48 1230/20/48
f 1230/20/49 1229/19/49 1231/21/49
f 1230/20/49 1231/21/49 1232/22/49
f 1232/22/50 1231/21/50 1233/23/50
f 1232/22/50 1233/23/50 1234/24/50
f 1234/24/51 1233/23/51 1235/25/51
f 1234/24/51 1235/25/51 1236/26/51
f 1236/26/52 1235/25/52 1237/27/52
f 1236/26/52 1237/27/52 1238/28/52
f 1238/28/53 1237/27/53 1239/29/53
f 1238/28/53 1239/29/53 1240/30/53
f 1240/30/54 1239/29/54 1241/31/54
f 1240/30/54 1241/31/54 1242/32/54
f 1242/32/55 1241/31/55 1243/33/55
f 1242/32/55 1243/33/55 1244/34/55
f 1244/34/56 1243/33/56 1245/35/56
f 1244/34/56 1245/35/56 1246/36/56
f 1246/36/57 1245/35/57 1247/37/57
f 1246/36/57 1247/37/57 1248/38/57
f 1248/38/58 1247/37/58 1249/39/58
f 1248/38/58 1249/39/58 1250/40/58
f 1250/40/59 1249/39/59 1251/41/59
f 1250/40/59 1251/41/59 1252/42/59
f 1252/42/60 1251/41/60 1253/43/60
f 1252/42/60 1253/43/60 1254/44/60
f 1254/44/61 1253/43/61 1255/45/61
f 1254/44/61 1255/45/61 1256/46/61
f 1256/46/62 1255/45/62 1257/47/62
f 1256/46/62 1257/47/62 1258/48/62
f 1258/48/63 1257/47/63 1259/49/63
f 1258/48/63 1259/49/63 1260/50/63
f 1260/50/64 1259/49/64 1261/51/64
f 1260/50/64 1261/51/64 1262/52/64
f 1229/113/65 1227/97/65 1226/55/65
f 1226/55/65 1263/98/65 1261/114/65
f 1261/114/65 1259/115/65 1257/99/65
f 1257/99/65 1255/60/65 1253/100/65
f 1253/100/65 1251/116/65 1249/117/65
f 1249/117/65 1247/101/65 1245/65/65
f 1245/65/65 1243/102/65 1241/118/65
f 1241/118/65 1239/119/65 1237/103/65
f 1237/103/65 1235/70/65 1233/104/65
f 1233/104/65 1231/120/65 1229/113/65
f 1229/113/65 1226/55/65 1261/114/65
f 1261/114/65 1257/99/65 1253/100/65
f 1253/100/65 1249/117/65 1245/65/65
f 1245/65/65 1241/118/65 1237/103/65
f 1237/103/65 1233/104/65 1229/113/65
f 1229/113/65 1261/114/65 1253/100/65
f 1253/100/65 1245/65/65 1237/103/65
f 1253/100/65 1237/103/65 1229/113/65
f 1262/52/66 1261/51/66 1263/73/66
f 1262/52/66 1263/73/66 1264/74/66
f 1264/74/67 1263/73/67 1226/75/67
f 1264/74/67 1226/75/67 1225/76/67
f 1264/105/68 1225/78/68 1228/106/68
f 1228/106/68 1230/121/68 1232/122/68
f 1232/122/68 1234/107/68 1236/83/68
f 1236/83/68 1238/108/68 1240/123/68
f 1240/123/68 1242/124/68 1244/109/68
f 1244/109/68 1246/88/68 1248/110/68
f 1248/110/68 1250/125/68 1252/126/68
f 1252/126/68 1254/111/68 1256/93/68
f 1256/93/68 1258/112/68 1260/127/68
f 1260/127/68 1262/128/68 1264/105/68
f 1264/105/68 1228/106/68 1232/122/68
f 1232/122/68 1236/83/68 1240/123/68
f 1240/123/68 1244/109/68 1248/110/68
f 1248/110/68 1252/126/68 1256/93/68
f 1256/93/68 1260/127/68 1264/105/68
f 1264/105/68 1232/122/68 1240/123/68
f 1240/123/68 1248/110/68 1256/93/68
f 1240/123/68 1256/93/68 1264/105/68
f 1265/15/47 1266/16/47 1267/17/47
f 1265/15/47 1267/17/47 1268/18/47
f 1268/18/48 1267/17/48 1269/19/48
f 1268/18/48 1269/19/48 1270/20/48
f 1270/20/49 1269/19/49 1271/21/49
f 1270/20/49 1271/21/49 1272/22/49
f 1272/22/50 1271/21/50 1273/23/50
f 1272/22/50 1273/23/50 1274/24/50
f 1274/24/51 1273/23/51 1275/25/51
f 1274/24/51 1275/25/51 1276/26/51
f 1276/26/52 1275/25/52 1277/27/52
f 1276/26/52 1277/27/52 1278/28/52
f 1278/28/53 1277/27/53 1279/29/53
f 1278/28/53 1279/29/53 1280/30/53
f 1280/30/54 1279/29/54 1281/31/54
f 1280/30/54 1281/31/54 1282/32/54
f 1282/32/55 1281/31/55 1283/33/55
f 1282/32/55 1283/33/55 1284/34/55
f 1284/34/56 1283/33/56 1285/35/56
f 1284/34/56 1285/35/56 1286/36/56
f 1286/36/57 1285/35/57 1287/37/57
f 1286/36/57 1287/37/57 1288/38/57
f 1288/38/58 1287/37/58 1289/39/58
f 1288/38/58 1289/39/58 1290/40/58
f 1290/40/59 1289/39/59 1291/41/59
f 1290/40/59 1291/41/59 1292/42/59
f 1292/42/60 1291/41/60 1293/43/60
f 1292/42/60 1293/43/60 1294/44/60
f 1294/44/61 1293/43/61 1295/45/61
f 1294/44/61 1295/45/61 1296/46/61
f 1296/46/62 1295/45/62 1297/47/62
f 1296/46/62 1297/47/62 1298/48/62
f 1298/48/63 1297/47/63 1299/49/63
f 1298/48/63 1299/49/63 1300/50/63
f 1300/50/64 1299/49/64 1301/51/64
f 1300/50/64 1301/51/64 1302/52/64
f 1269/113/65 1267/97/65 1266/55/65
f 1266/55/65 1303/98/65 1301/114/65
f 1301/114/65 1299/115/65 1297/99/65
f 1297/99/65 1295/60/65 1293/100/65
f 1293/100/65 1291/116/65 1289/117/65
f 1289/117/65 1287/101/65 1285/65/65
f 1285/65/65 1283/102/65 1281/118/65
f 1281/118/65 1279/119/65 1277/103/65
f 1277/103/65 1275/70/65 1273/104/65
f 1273/104/65 1271/120/65 1269/113/65
f 1269/113/65 1266/55/65 1301/114/65
f 1301/114/65 1297/99/65 1293/100/65
f 1293/100/65 1289/117/65 1285/65/65
f 1285/65/65 1281/118/65 1277/103/65
f 1277/103/65 1273/104/65 1269/113/65
f 1269/113/65 1301/114/65 1293/100/65
f 1293/100/65 1285/65/65 1277/103/65
f 1293/100/65 1277/103/65 1269/113/65
f 1302/52/66 1301/51/66 1303/73/66
f 1302/52/66 1303/73/66 1304/74/66
f 1304/74/67 1303/73/67 1266/75/67
f 1304/74/67 1266/75/67 1265/76/67
f 1304/105/68 1265/78/68 1268/106/68
f 1268/106/68 1270/121/68 1272/122/68
f 1272/122/68 1274/107/68 1276/83/68
f 1276/83/68 1278/108/68 1280/123/68
f 1280/123/68 1282/124/68 1284/109/68
f 1284/109/68 1286/88/68 1288/110/68
f 1288/110/68 1290/125/68 1292/126/68
f 1292/126/68 1294/111/68 1296/93/68
f 1296/93/68 1298/112/68 1300/127/68
f 1300/127/68 1302/128/68 1304/105/68
f 1304/105/68 1268/106/68 1272/122/68
f 1272/122/68 1276/83/68 1280/123/68
f 1280/123/68 1284/109/68 1288/110/68
f 1288/110/68 1292/126/68 1296/93/68
f 1296/93/68 1300/127/68 1304/105/68
f 1304/105/68 1272/122/68 1280/123/68
f 1280/123/68 1288/110/68 1296/93/68
f 1280/123/68 1296/93/68 1304/105/68
f 1305/15/47 1306/16/47 1307/17/47
f 1305/15/47 1307/17/47 1308/18/47
f 1308/18/48 1307/17/48 1309/19/48
f 1308/18/48 1309/19/48 1310/20/48
f 1310/20/49 1309/19/49 1311/21/49
f 1310/20/49 1311/21/49 1312/22/49
f 1312/22/50 1311/21/50 1313/23/50
f 1312/22/50 1313/23/50 1314/24/50
f 1314/24/51 1313/23/51 1315/25/51
f 1314/24/51 1315/25/51 1316/26/51
f 1316/26/52 1315/25/52 1317/27/52
f 1316/26/52 1317/27/52 1318/28/52
f 1318/28/53 1317/27/53 1319/29/53
f 1318/28/53 1319/29/53 1320/30/53
f 1320/30/54 1319/29/54 1321/31/54
f 1320/30/54 1321/31/54 1322/32/54
f 1322/32/55 1321/31/55 1323/33/55
f 1322/32/55 1323/33/55 1324/34/55
f 1324/34/56 1323/33/56 1325/35/56
f 1324/34/56 1325/35/56 1326/36/56
f 1326/36/57 1325/35/57 1327/37/57
f 1326/36/57 1327/37/57 1328/38/57
f 1328/38/58 1327/37/58 1329/39/58
f 1328/38/58 1329/39/58 1330/40/58
f 1330/40/59 1329/39/59 1331/41/59
f 1330/40/59 1331/41/59 1332/42/59
f 1332/42/60 1331/41/60 1333/43/60
f 1332/42/60 1333/43/60 1334/44/60
f 1334/44/61 1333/43/61 1335/45/61
f 1334/44/61 1335/45/61 1336/46/61
f 1336/46/62 1335/45/62 1337/47/62
f 1336/46/62 1337/47/62 1338/48/62
f 1338/48/63 1337/47/63 1339/49/63
f 1338/48/63 1339/49/63 1340/50/63
f 1340/50/64 1339/49/64 1341/51/64
f 1340/50/64 1341/51/64 1342/52/64
f 1309/113/65 1307/97/65 1306/55/65
f 1306/55/65 1343/98/65 1341/114/65
f 1341/114/65 1339/115/65 1337/99/65
f 1337/99/65 1335/60/65 1333/100/65
f 1333/100/65 1331/116/65 1329/117/65
f 1329/117/65 1327/101/65 1325/65/65
f 1325/65/65 1323/102/65 1321/118/65
f 1321/118/65 1319/119/65 1317/103/65
f 1317/103/65 1315/70/65 1313/104/65
f 1313/104/65 1311/120/65 1309/113/65
f 1309/113/65 1306/55/65 1341/114/65
f 1341/114/65 1337/99/65 1333/100/65
f 1333/100/65 1329/117/65 1325/65/65
f 1325/65/65 1321/118/65 1317/103/65
f 1317/103/65 1313/104/65 1309/113/65
f 1309/113/65 1341/114/65 1333/100/65
f 1333/100/65 1325/65/65 1317/103/65
f 1333/100/65 1317/103/65 1309/113/65
f 1342/52/66 1341/51/66 1343/73/66
f 1342/52/66 1343/73/66 1344/74/66
f 1344/74/67 1343/73/67 1306/75/67
f 1344/74/67 1306/75/67 1305/76/67
f 1344/105/68 1305/78/68 1308/106/68
f 1308/106/68 1310/121/68 1312/122/68
f 1312/122/68 1314/107/68 1316/83/68
f 1316/83/68 1318/108/68 1320/123/68
f 1320/123/68 1322/124/68 1324/109/68
f 1324/109/68 1326/88/68 1328/110/68
f 1328/110/68 1330/125/68 1332/126/68
f 1332/126/68 1334/111/68 1336/93/68
f 1336/93/68 1338/112/68 1340/127/68
f 1340/127/68 1342/128/68 1344/105/68
f 1344/105/68 1308/106/68 1312/122/68
f 1312/122/68 1316/83/68 1320/123/68
f 1320/123/68 1324/109/68 1328/110/68
f 1328/110/68 1332/126/68 1336/93/68
f 1336/93/68 1340/127/68 1344/105/68
f 1344/105/68 1312/122/68 1320/123/68
f 1320/123/68 1328/110/68 1336/93/68
f 1320/123/68 1336/93/68 1344/105/68
f 1345/15/69 1346/16/69 1347/17/69
f 1345/15/69 1347/17/69 1348/18/69
f 1348/18/70 1347/17/70 1349/19/70
f 1348/18/70 1349/19/70 1350/20/70
f 1350/20/71 1349/19/71 1351/21/71
f 1350/20/71 1351/21/71 1352/22/71
f 1352/22/50 1351/21/50 1353/23/50
f 1352/22/50 1353/23/50 1354/24/50
f 1354/24/72 1353/23/72 1355/25/72
f 1354/24/72 1355/25/72 1356/26/72
f 1356/26/73 1355/25/73 1357/27/73
f 1356/26/73 1357/27/73 1358/28/73
f 1358/28/53 1357/27/53 1359/29/53
f 1358/28/53 1359/29/53 1360/30/53
f 1360/30/74 1359/29/74 1361/31/74
f 1360/30/74 1361/31/74 1362/32/74
f 1362/32/75 1361/31/75 1363/33/75
f 1362/32/75 1363/33/75 1364/34/75
f 1364/34/76 1363/33/76 1365/35/76
f 1364/34/76 1365/35/76 1366/36/76
f 1366/36/77 1365/35/77 1367/37/77
f 1366/36/77 1367/37/77 1368/38/77
f 1368/38/78 1367/37/78 1369/39/78
f 1368/38/78 1369/39/78 1370/40/78
f 1370/40/79 1369/39/79 1371/41/79
f 1370/40/79 1371/41/79 1372/42/79
f 1372/42/60 1371/41/60 1373/43/60
f 1372/42/60 1373/43/60 1374/44/60
f 1374/44/80 1373/43/80 1375/45/80
f 1374/44/80 1375/45/80 1376/46/80
f 1376/46/81 1375/45/81 1377/47/81
f 1376/46/81 1377/47/81 1378/48/81
f 1378/48/63 1377/47/63 1379/49/63
f 1378/48/63 1379/49/63 1380/50/63
f 1380/50/82 1379/49/82 1381/51/82
f 1380/50/82 1381/51/82 1382/52/82
f 1349/113/83 1347/97/83 1346/55/83
f 1346/55/83 1383/98/83 1381/114/83
f 1381/114/83 1379/115/83 1377/99/83
f 1377/99/83 1375/60/83 1373/100/83
f 1373/100/83 1371/116/83 1369/117/83
f 1369/117/83 1367/101/83 1365/65/83
f 1365/65/83 1363/102/83 1361/118/83
f 1361/118/83 1359/119/83 1357/103/83
f 1357/103/83 1355/70/83 1353/104/83
f 1353/104/83 1351/120/83 1349/113/83
f 1349/113/83 1346/55/83 1381/114/83
f 1381/114/83 1377/99/83 1373/100/83
f 1373/100/83 1369/117/83 1365/65/83
f 1365/65/83 1361/118/83 1357/103/83
f 1357/103/83 1353/104/83 1349/113/83
f 1349/113/83 1381/114/83 1373/100/83
f 1373/100/83 1365/65/83 1357/103/83
f 1373/100/83 1357/103/83 1349/113/83
f 1382/52/84 1381/51/84 1383/73/84
f 1382/52/84 1383/73/84 1384/74/84
f 1384/74/85 1383/73/85 1346/75/85
f 1384/74/85 1346/75/85 1345/76/85
f 1384/105/86 1345/78/86 1348/106/86
f 1348/106/86 1350/121/86 1352/122/86
f 1352/122/86 1354/107/86 1356/83/86
f 1356/83/86 1358/108/86 1360/123/86
f 1360/123/86 1362/124/86 1364/109/86
f 1364/109/86 1366/88/86 1368/110/86
f 1368/110/86 1370/125/86 1372/126/86
f 1372/126/86 1374/111/86 1376/93/86
f 1376/93/86 1378/112/86 1380/127/86
f 1380/127/86 1382/128/86 1384/105/86
f 1384/105/86 1348/106/86 1352/122/86
f 1352/122/86 1356/83/86 1360/123/86
f 1360/123/86 1364/109/86 1368/110/86
f 1368/110/86 1372/126/86 1376/93/86
f 1376/93/86 1380/127/86 1384/105/86
f 1384/105/86 1352/122/86 1360/123/86
f 1360/123/86 1368/110/86 1376/93/86
f 1360/123/86 1376/93/86 1384/105/86
f 1385/15/87 1386/16/87 1387/17/87
f 1385/15/87 1387/17/87 1388/18/87
f 1388/18/88 1387/17/88 1389/19/88
f 1388/18/88 1389/19/88 1390/20/88
f 1390/20/89 1389/19/89 1391/21/89
f 1390/20/89 1391/21/89 1392/22/89
f 1392/22/10 1391/21/10 1393/23/10
f 1392/22/10 1393/23/10 1394/24/10
f 1394/24/90 1393/23/90 1395/25/90
f 1394/24/90 1395/25/90 1396/26/90
f 1396/26/91 1395/25/91 1397/27/91
f 1396/26/91 1397/27/91 1398/28/91
f 1398/28/13 1397/27/13 1399/29/13
f 1398/28/13 1399/29/13 1400/30/13
f 1400/30/92 1399/29/92 1401/31/92
f 1400/30/92 1401/31/92 1402/32/92
f 1402/32/93 1401/31/93 1403/33/93
f 1402/32/93 1403/33/93 1404/34/93
f 1404/34/94 1403/33/94 1405/35/94
f 1404/34/94 1405/35/94 1406/36/94
f 1406/36/95 1405/35/95 1407/37/95
f 1406/36/95 1407/37/95 1408/38/95
f 1408/38/96 1407/37/96 1409/39/96
f 1408/38/96 1409/39/96 1410/40/96
f 1410/40/97 1409/39/97 1411/41/97
f 1410/40/97 1411/41/97 1412/42/97
f 1412/42/20 1411/41/20 1413/43/20
f 1412/42/20 1413/43/20 1414/44/20
f 1414/44/98 1413/43/98 1415/45/98
f 1414/44/98 1415/45/98 1416/46/98
f 1416/46/99 1415/45/99 1417/47/99
f 1416/46/99 1417/47/99 1418/48/99
f 1418/48/23 1417/47/23 1419/49/23
f 1418/48/23 1419/49/23 1420/50/23
f 1420/50/100 1419/49/100 1421/51/100
f 1420/50/100 1421/51/100 1422/52/100
f 1389/113/101 1387/97/101 1386/55/101
f 1386/55/101 1423/98/101 1421/114/101
f 1421/114/101 1419/115/101 1417/99/101
f 1417/99/101 1415/60/101 1413/100/101
f 1413/100/101 1411/116/101 1409/117/101
f 1409/117/101 1407/101/101 1405/65/101
f 1405/65/101 1403/102/101 1401/118/101
f 1401/118/101 1399/119/101 1397/103/101
f 1397/103/101 1395/70/101 1393/104/101
f 1393/104/101 1391/120/101 1389/113/101
f 1389/113/101 1386/55/101 1421/114/101
f 1421/114/101 1417/99/101 1413/100/101
f 1413/100/101 1409/117/101 1405/65/101
f 1405/65/101 1401/118/101 1397/103/101
f 1397/103/101 1393/104/101 1389/113/101
f 1389/113/101 1421/114/101 1413/100/101
f 1413/100/101 1405/65/101 1397/103/101
f 1413/100/101 1397/103/101 1389/113/101
f 1422/52/102 1421/51/102 1423/73/102
f 1422/52/102 1423/73/102 1424/74/102
f 1424/74/103 1423/73/103 1386/75/103
f 1424/74/103 1386/75/103 1385/76/103
f 1424/105/104 1385/78/104 1388/106/104
f 1388/106/104 1390/121/104 1392/122/104
f 1392/122/104 1394/107/104 1396/83/104
f 1396/83/104 1398/108/104 1400/123/104
f 1400/123/104 1402/124/104 1404/109/104
f 1404/109/104 1406/88/104 1408/110/104
f 1408/110/104 1410/125/104 1412/126/104
f 1412/126/104 1414/111/104 1416/93/104
f 1416/93/104 1418/112/104 1420/127/104
f 1420/127/104 1422/128/104 1424/105/104
f 1424/105/104 1388/106/104 1392/122/104
f 1392/122/104 1396/83/104 1400/123/104
f 1400/123/104 1404/109/104 1408/110/104
f 1408/110/104 1412/126/104 1416/93/104
f 1416/93/104 1420/127/104 1424/105/104
f 1424/105/104 1392/122/104 1400/123/104
f 1400/123/104 1408/110/104 1416/93/104
f 1400/123/104 1416/93/104 1424/105/104
f 1425/15/47 1426/16/47 1427/17/47
f 1425/15/47 1427/17/47 1428/18/47
f 1428/18/48 1427/17/48 1429/19/48
f 1428/18/48 1429/19/48 1430/20/48
f 1430/20/49 1429/19/49 1431/21/49
f 1430/20/49 1431/21/49 1432/22/49
f 1432/22/50 1431/21/50 1433/23/50
f 1432/22/50 1433/23/50 1434/24/50
f 1434/24/51 1433/23/51 1435/25/51
f 1434/24/51 1435/25/51 1436/26/51
f 1436/26/52 1435/25/52 1437/27/52
f 1436/26/52 1437/27/52 1438/28/52
f 1438/28/53 1437/27/53 1439/29/53
f 1438/28/53 1439/29/53 1440/30/53
f 1440/30/54 1439/29/54 1441/31/54
f 1440/30/54 1441/31/54 1442/32/54
f 1442/32/55 1441/31/55 1443/33/55
f 1442/32/55 1443/33/55 1444/34/55
f 1444/34/56 1443/33/56 1445/35/56
f 1444/34/56 1445/35/56 1446/36/56
f 1446/36/57 1445/35/57 1447/37/57
f 1446/36/57 1447/37/57 1448/38/57
f 1448/38/58 1447/37/58 1449/39/58
f 1448/38/58 1449/39/58 1450/40/58
f 1450/40/59 1449/39/59 1451/41/59
f 1450/40/59 1451/41/59 1452/42/59
f 1452/42/60 1451/41/60 1453/43/60
f 1452/42/60 1453/43/60 1454/44/60
f 1454/44/61 1453/43/61 1455/45/61
f 1454/44/61 1455/45/61 1456/46/61
f 1456/46/62 1455/45/62 1457/47/62
f 1456/46/62 1457/47/62 1458/48/62
f 1458/48/63 1457/47/63 1459/49/63
f 1458/48/63 1459/49/63 1460/50/63
f 1460/50/64 1459/49/64 1461/51/64
f 1460/50/64 1461/51/64 1462/52/64
f 1429/113/65 1427/97/65 1426/55/65
f 1426/55/65 1463/98/65 1461/114/65
f 1461/114/65 1459/115/65 1457/99/65
f 1457/99/65 1455/60/65 1453/100/65
f 1453/100/65 1451/116/65 1449/117/65
f 1449/117/65 1447/101/65 1445/65/65
f 1445/65/65 1443/102/65 1441/118/65
f 1441/118/65 1439/119/65 1437/103/65
f 1437/103/65 1435/70/65 1433/104/65
f 1433/104/65 1431/120/65 1429/113/65
f 1429/113/65 1426/55/65 1461/114/65
f 1461/114/65 1457/99/65 1453/100/65
f 1453/100/65 1449/117/65 1445/65/65
f 1445/65/65 1441/118/65 1437/103/65
f 1437/103/65 1433/104/65 1429/113/65
f 1429/113/65 1461/114/65 1453/100/65
f 1453/100/65 1445/65/65 1437/103/65
f 1453/100/65 1437/103/65 1429/113/65
f 1462/52/66 1461/51/66 1463/73/66
f 1462/52/66 1463/73/66 1464/74/66
f 1464/74/67 1463/73/67 1426/75/67
f 1464/74/67 1426/75/67 1425/76/67
f 1464/105/68 1425/78/68 1428/106/68
f 1428/106/68 1430/121/68 1432/122/68
f 1432/122/68 1434/107/68 1436/83/68
f 1436/83/68 1438/108/68 1440/123/68
f 1440/123/68 1442/124/68 1444/109/68
f 1444/109/68 1446/88/68 1448/110/68
f 1448/110/68 1450/125/68 1452/126/68
f 1452/126/68 1454/111/68 1456/93/68
f 1456/93/68 1458/112/68 1460/127/68
f 1460/127/68 1462/128/68 1464/105/68
f 1464/105/68 1428/106/68 1432/122/68
f 1432/122/68 1436/83/68 1440/123/68
f 1440/123/68 1444/109/68 1448/110/68
f 1448/110/68 1452/126/68 1456/93/68
f 1456/93/68 1460/127/68 1464/105/68
f 1464/105/68 1432/122/68 1440/123/68
f 1440/123/68 1448/110/68 1456/93/68
f 1440/123/68 1456/93/68 1464/105/68
f 1465/15/47 1466/16/47 1467/17/47
f 1465/15/47 1467/17/47 1468/18/47
f 1468/18/48 1467/17/48 1469/19/48
f 1468/18/48 1469/19/48 1470/20/48
f 1470/20/49 1469/19/49 1471/21/49
f 1470/20/49 1471/21/49 1472/22/49
f 1472/22/50 1471/21/50 1473/23/50
f 1472/22/50 1473/23/50 1474/24/50
f 1474/24/51 1473/23/51 1475/25/51
f 1474/24/51 1475/25/51 1476/26/51
f 1476/26/52 1475/25/52 1477/27/52
f 1476/26/52 1477/27/52 1478/28/52
f 1478/28/53 1477/27/53 1479/29/53
f 1478/28/53 1479/29/53 1480/30/53
f 1480/30/54 1479/29/54 1481/31/54
f 1480/30/54 1481/31/54 1482/32/54
f 1482/32/55 1481/31/55 1483/33/55
f 1482/32/55 1483/33/55 1484/34/55
f 1484/34/56 1483/33/56 1485/35/56
f 1484/34/56 1485/35/56 1486/36/56
f 1486/36/57 1485/35/57 1487/37/57
f 1486/36/57 1487/37/57 1488/38/57
f 1488/38/58 1487/37/58 1489/39/58
f 1488/38/58 1489/39/58 1490/40/58
f 1490/40/59 1489/39/59 1491/41/59
f 1490/40/59 1491/41/59 1492/42/59
f 1492/42/60 1491/41/60 1493/43/60
f 1492/42/60 1493/43/60 1494/44/60
f 1494/44/61 1493/43/61 1495/45/61
f 1494/44/61 1495/45/61 1496/46/61
f 1496/46/62 1495/45/62 1497/47/62
f 1496/46/62 1497/47/62 1498/48/62
f 1498/48/63 1497/47/63 1499/49/63
f 1498/48/63 1499/49/63 1500/50/63
f 1500/50/64 1499/49/64 1501/51/64
f 1500/50/64 1501/51/64 1502/52/64
f 1469/113/65 1467/97/65 1466/55/65
f 1466/55/65 1503/98/65 1501/114/65
f 1501/114/65 1499/115/65 1497/99/65
f 1497/99/65 1495/60/65 1493/100/65
f 1493/100/65 1491/116/65 1489/117/65
f 1489/117/65 1487/101/65 1485/65/65
f 1485/65/65 1483/102/65 1481/118/65
f 1481/118/65 1479/119/65 1477/103/65
f 1477/103/65 1475/70/65 1473/104/65
f 1473/104/65 1471/120/65 1469/113/65
f 1469/113/65 1466/55/65 1501/114/65
f 1501/114/65 1497/99/65 1493/100/65
f 1493/100/65 1489/117/65 1485/65/65
f 1485/65/65 1481/118/65 1477/103/65
f 1477/103/65 1473/104/65 1469/113/65
f 1469/113/65 1501/114/65 1493/100/65
f 1493/100/65 1485/65/65 1477/103/65
f 1493/100/65 1477/103/65 1469/113/65
f 1502/52/66 1501/51/66 1503/73/66
f 1502/52/66 1503/73/66 1504/74/66
f 1504/74/67 1503/73/67 1466/75/67
f 1504/74/67 1466/75/67 1465/76/67
f 1504/105/68 1465/78/68 1468/106/68
f 1468/106/68 1470/121/68 1472/122/68
f 1472/122/68 1474/107/68 1476/83/68
f 1476/83/68 1478/108/68 1480/123/68
f 1480/123/68 1482/124/68 1484/109/68
f 1484/109/68 1486/88/68 1488/110/68
f 1488/110/68 1490/125/68 1492/126/68
f 1492/126/68 1494/111/68 1496/93/68
f 1496/93/68 1498/112/68 1500/127/68
f 1500/127/68 1502/128/68 1504/105/68
f 1504/105/68 1468/106/68 1472/122/68
f 1472/122/68 1476/83/68 1480/123/68
f 1480/123/68 1484/109/68 1488/110/68
f 1488/110/68 1492/126/68 1496/93/68
f 1496/93/68 1500/127/68 1504/105/68
f 1504/105/68 1472/122/68 1480/123/68
f 1480/123/68 1488/110/68 1496/93/68
f 1480/123/68 1496/93/68 1504/105/68
f 1505/15/47 1506/16/47 1507/17/47
f 1505/15/47 1507/17/47 1508/18/47
f 1508/18/48 1507/17/48 1509/19/48
f 1508/18/48 1509/19/48 1510/20/48
f 1510/20/49 1509/19/49 1511/21/49
f 1510/20/49 1511/21/49 1512/22/49
f 1512/22/50 1511/21/50 1513/23/50
f 1512/22/50 1513/23/50 1514/24/50
f 1514/24/51 1513/23/51 1515/25/51
f 1514/24/51 1515/25/51 1516/26/51
f 1516/26/52 1515/25/52 1517/27/52
f 1516/26/52 1517/27/52 1518/28/52
f 1518/28/53 1517/27/53 1519/29/53
f 1518/28/53 1519/29/53 1520/30/53
f 1520/30/54 1519/29/54 1521/31/54
f 1520/30/54 1521/31/54 1522/32/54
f 1522/32/55 1521/31/55 1523/33/55
f 1522/32/55 1523/33/55 1524/34/55
f 1524/34/56 1523/33/56 1525/35/56
f 1524/34/56 1525/35/56 1526/36/56
f 1526/36/57 1525/35/57 1527/37/57
f 1526/36/57 1527/37/57 1528/38/57
f 1528/38/58 1527/37/58 1529/39/58
f 1528/38/58 1529/39/58 1530/40/58
f 1530/40/59 1529/39/59 1531/41/59
f 1530/40/59 1531/41/59 1532/42/59
f 1532/42/60 1531/41/60 1533/43/60
f 1532/42/60 1533/43/60 1534/44/60
f 1534/44/61 1533/43/61 1535/45/61
f 1534/44/61 1535/45/61 1536/46/61
f 1536/46/62 1535/45/62 1537/47/62
f 1536/46/62 1537/47/62 1538/48/62
f 1538/48/63 1537/47/63 1539/49/63
f 1538/48/63 1539/49/63 1540/50/63
f 1540/50/64 1539/49/64 1541/51/64
f 1540/50/64 1541/51/64 1542/52/64
f 1509/113/65 1507/97/65 1506/55/65
f 1506/55/65 1543/98/65 1541/114/65
f 1541/114/65 1539/115/65 1537/99/65
f 1537/99/65 1535/60/65 1533/100/65
f 1533/100/65 1531/116/65 1529/117/65
f 1529/117/65 1527/101/65 1525/65/65
f 1525/65/65 1523/102/65 1521/118/65
f 1521/118/65 1519/119/65 1517/103/65
f 1517/103/65 1515/70/65 1513/104/65
f 1513/104/65 1511/120/65 1509/113/65
f 1509/113/65 1506/55/65 1541/114/65
f 1541/114/65 1537/99/65 1533/100/65
f 1533/100/65 1529/117/65 1525/65/65
f 1525/65/65 1521/118/65 1517/103/65
f 1517/103/65 1513/104/65 1509/113/65
f 1509/113/65 1541/114/65 1533/100/65
f 1533/100/65 1525/65/65 1517/103/65
f 1533/100/65 1517/103/65 1509/113/65
f 1542/52/66 1541/51/66 1543/73/66
f 1542/52/66 1543/73/66 1544/74/66
f 1544/74/67 1543/73/67 1506/75/67
f 1544/74/67 1506/75/67 1505/76/67
f 1544/105/68 1505/78/68 1508/106/68
f 1508/106/68 1510/121/68 1512/122/68
f 1512/122/68 1514/107/68 1516/83/68
f 1516/83/68 1518/108/68 1520/123/68
f 1520/123/68 1522/124/68 1524/109/68
f 1524/109/68 1526/88/68 1528/110/68
f 1528/110/68 1530/125/68 1532/126/68
f 1532/126/68 1534/111/68 1536/93/68
f 1536/93/68 1538/112/68 1540/127/68
f 1540/127/68 1542/128/68 1544/105/68
f 1544/105/68 1508/106/68 1512/122/68
f 1512/122/68 1516/83/68 1520/123/68
f 1520/123/68 1524/109/68 1528/110/68
f 1528/110/68 1532/126/68 1536/93/68
f 1536/93/68 1540/127/68 1544/105/68
f 1544/105/68 1512/122/68 1520/123/68
f 1520/123/68 1528/110/68 1536/93/68
f 1520/123/68 1536/93/68 1544/105/68
f 1545/15/69 1546/16/69 1547/17/69
f 1545/15/69 1547/17/69 1548/18/69
f 1548/18/70 1547/17/70 1549/19/70
f 1548/18/70 1549/19/70 1550/20/70
f 1550/20/71 1549/19/71 1551/21/71
f 1550/20/71 1551/21/71 1552/22/71
f 1552/22/50 1551/21/50 1553/23/50
f 1552/22/50 1553/23/50 1554/24/50
f 1554/24/72 1553/23/72 1555/25/72
f 1554/24/72 1555/25/72 1556/26/72
f 1556/26/73 1555/25/73 1557/27/73
f 1556/26/73 1557/27/73 1558/28/73
f 1558/28/53 1557/27/53 1559/29/53
f 1558/28/53 1559/29/53 1560/30/53
f 1560/30/74 1559/29/74 1561/31/74
f 1560/30/74 1561/31/74 1562/32/74
f 1562/32/75 1561/31/75 1563/33/75
f 1562/32/75 1563/33/75 1564/34/75
f 1564/34/76 1563/33/76 1565/35/76
f 1564/34/76 1565/35/76 1566/36/76
f 1566/36/77 1565/35/77 1567/37/77
f 1566/36/77 1567/37/77 1568/38/77
f 1568/38/78 1567/37/78 1569/39/78
f 1568/38/78 1569/39/78 1570/40/78
f 1570/40/79 1569/39/79 1571/41/79
f 1570/40/79 1571/41/79 1572/42/79
f 1572/42/60 1571/41/60 1573/43/60
f 1572/42/60 1573/43/60 1574/44/60
f 1574/44/80 1573/43/80 1575/45/80
f 1574/44/80 1575/45/80 1576/46/80
f 1576/46/81 1575/45/81 1577/47/81
f 1576/46/81 1577/47/81 1578/48/81
f 1578/48/63 1577/47/63 1579/49/63
f 1578/48/63 1579/49/63 1580/50/63
f 1580/50/82 1579/49/82 1581/51/82
f 1580/50/82 1581/51/82 1582/52/82
f 1549/113/83 1547/97/83 1546/55/83
f 1546/55/83 1583/98/83 1581/114/83
f 1581/114/83 1579/115/83 1577/99/83
f 1577/99/83 1575/60/83 1573/100/83
f 1573/100/83 1571/116/83 1569/117/83
f 1569/117/83 1567/101/83 1565/65/83
f 1565/65/83 1563/102/83 1561/118/83
f 1561/118/83 1559/119/83 1557/103/83
f 1557/103/83 1555/70/83 1553/104/83
f 1553/104/83 1551/120/83 1549/113/83
f 1549/113/83 1546/55/83 1581/114/83
f 1581/114/83 1577/99/83 1573/100/83
f 1573/100/83 1569/117/83 1565/65/83
f 1565/65/83 1561/118/83 1557/103/83
f 1557/103/83 1553/104/83 1549/113/83
f 1549/113/83 1581/114/83 1573/100/83
f 1573/100/83 1565/65/83 1557/103/83
f 1573/100/83 1557/103/83 1549/113/83
f 1582/52/84 1581/51/84 1583/73/84
f 1582/52/84 1583/73/84 1584/74/84
f 1584/74/85 1583/73/85 1546/75/85
f 1584/74/85 1546/75/85 1545/76/85
f 1584/105/86 1545/78/86 1548/106/86
f 1548/106/86 1550/121/86 1552/122/86
f 1552/122/86 1554/107/86 1556/83/86
f 1556/83/86 1558/108/86 1560/123/86
f 1560/123/86 1562/124/86 1564/109/86
f 1564/109/86 1566/88/86 1568/110/86
f 1568/110/86 1570/125/86 1572/126/86
f 1572/126/86 1574/111/86 1576/93/86
f 1576/93/86 1578/112/86 1580/127/86
f 1580/127/86 1582/128/86 1584/105/86
f 1584/105/86 1548/106/86 1552/122/86
f 1552/122/86 1556/83/86 1560/123/86
f 1560/123/86 1564/109/86 1568/110/86
f 1568/110/86 1572/126/86 1576/93/86
f 1576/93/86 1580/127/86 1584/105/86
f 1584/105/86 1552/122/86 1560/123/86
f 1560/123/86 1568/110/86 1576/93/86
f 1560/123/86 1576/93/86 1584/105/86
f 1585/15/87 1586/16/87 1587/17/87
f 1585/15/87 1587/17/87 1588/18/87
f 1588/18/88 1587/17/88 1589/19/88
f 1588/18/88 1589/19/88 1590/20/88
f 1590/20/89 1589/19/89 1591/21/89
f 1590/20/89 1591/21/89 1592/22/89
f 1592/22/10 1591/21/10 1593/23/10
f 1592/22/10 1593/23/10 1594/24/10
f 1594/24/90 1593/23/90 1595/25/90
f 1594/24/90 1595/25/90 1596/26/90
f 1596/26/91 1595/25/91 1597/27/91
f 1596/26/91 1597/27/91 1598/28/91
f 1598/28/13 1597/27/13 1599/29/13
f 1598/28/13 1599/29/13 1600/30/13
f 1600/30/92 1599/29/92 1601/31/92
f 1600/30/92 1601/31/92 1602/32/92
f 1602/32/93 1601/31/93 1603/33/93
f 1602/32/93 1603/33/93 1604/34/93
f 1604/34/94 1603/33/94 1605/35/94
f 1604/34/94 1605/35/94 1606/36/94
f 1606/36/95 1605/35/95 1607/37/95
f 1606/36/95 1607/37/95 1608/38/95
f 1608/38/96 1607/37/96 1609/39/96
f 1608/38/96 1609/39/96 1610/40/96
f 1610/40/97 1609/39/97 1611/41/97
f 1610/40/97 1611/41/97 1612/42/97
f 1612/42/20 1611/41/20 1613/43/20
f 1612/42/20 1613/43/20 1614/44/20
f 1614/44/98 1613/43/98 1615/45/98
f 1614/44/98 1615/45/98 1616/46/98
f 1616/46/99 1615/45/99 1617/47/99
f 1616/46/99 1617/47/99 1618/48/99
f 1618/48/23 1617/47/23 1619/49/23
f 1618/48/23 1619/49/23 1620/50/23
f 1620/50/100 1619/49/100 1621/51/100
f 1620/50/100 1621/51/100 1622/52/100
f 1589/113/101 1587/97/101 1586/55/101
f 1586/55/101 1623/98/101 1621/114/101
f 1621/114/101 1619/115/101 1617/99/101
f 1617/99/101 1615/60/101 1613/100/101
f 1613/100/101 1611/116/101 1609/117/101
f 1609/117/101 1607/101/101 1605/65/101
f 1605/65/101 1603/102/101 1601/118/101
f 1601/118/101 1599/119/101 1597/103/101
f 1597/103/101 1595/70/101 1593/104/101
f 1593/104/101 1591/120/101 1589/113/101
f 1589/113/101 1586/55/101 1621/114/101
f 1621/114/101 1617/99/101 1613/100/101
f 1613/100/101 1609/117/101 1605/65/101
f 1605/65/101 1601/118/101 1597/103/101
f 1597/103/101 1593/104/101 1589/113/101
f 1589/113/101 1621/114/101 1613/100/101
f 1613/100/101 1605/65/101 1597/103/101
f 1613/100/101 1597/103/101 1589/113/101
f 1622/52/102 1621/51/102 1623/73/102
f 1622/52/102 1623/73/102 1624/74/102
f 1624/74/103 1623/73/103 1586/75/103
f 1624/74/103 1586/75/103 1585/76/103
f 1624/105/104 1585/78/104 1588/106/104
f 1588/106/104 1590/121/104 1592/122/104
f 1592/122/104 1594/107/104 1596/83/104
f 1596/83/104 1598/108/104 1600/123/104
f 1600/123/104 1602/124/104 1604/109/104
f 1604/109/104 1606/88/104 1608/110/104
f 1608/110/104 1610/125/104 1612/126/104
f 1612/126/104 1614/111/104 1616/93/104
f 1616/93/104 1618/112/104 1620/127/104
f 1620/127/104 1622/128/104 1624/105/104
f 1624/105/104 1588/106/104 1592/122/104
f 1592/122/104 1596/83/104 1600/123/104
f 1600/123/104 1604/109/104 1608/110/104
f 1608/110/104 1612/126/104 1616/93/104
f 1616/93/104 1620/127/104 1624/105/104
f 1624/105/104 1592/122/104 1600/123/104
f 1600/123/104 1608/110/104 1616/93/104
f 1600/123/104 1616/93/104 1624/105/104
f 1625/15/47 1626/16/47 1627/17/47
f 1625/15/47 1627/17/47 1628/18/47
f 1628/18/48 1627/17/48 1629/19/48
f 1628/18/48 1629/19/48 1630/20/48
f 1630/20/49 1629/19/49 1631/21/49
f 1630/20/49 1631/21/49 1632/22/49
f 1632/22/50 1631/21/50 1633/23/50
f 1632/22/50 1633/23/50 1634/24/50
f 1634/24/51 1633/23/51 1635/25/51
f 1634/24/51 1635/25/51 1636/26/51
f 1636/26/52 1635/25/52 1637/27/52
f 1636/26/52 1637/27/52 1638/28/52
f 1638/28/53 1637/27/53 1639/29/53
f 1638/28/53 1639/29/53 1640/30/53
f 1640/30/54 1639/29/54 1641/31/54
f 1640/30/54 1641/31/54 1642/32/54
f 1642/32/55 1641/31/55 1643/33/55
f 1642/32/55 1643/33/55 1644/34/55
f 1644/34/56 1643/33/56 1645/35/56
f 1644/34/56 1645/35/56 1646/36/56
f 1646/36/57 1645/35/57 1647/37/57
f 1646/36/57 1647/37/57 1648/38/57
f 1648/38/58 1647/37/58 1649/39/58
f 1648/38/58 1649/39/58 1650/40/58
f 1650/40/59 1649/39/59 1651/41/59
f 1650/40/59 1651/41/59 1652/42/59
f 1652/42/60 1651/41/60 1653/43/60
f 1652/42/60 1653/43/60 1654/44/60
f 1654/44/61 1653/43/61 1655/45/61
f 1654/44/61 1655/45/61 1656/46/61
f 1656/46/62 1655/45/62 1657/47/62
f 1656/46/62 1657/47/62 1658/48/62
f 1658/48/63 1657/47/63 1659/49/63
f 1658/48/63 1659/49/63 1660/50/63
f 1660/50/64 1659/49/64 1661/51/64
f 1660/50/64 1661/51/64 1662/52/64
f 1629/113/65 1627/97/65 1626/55/65
f 1626/55/65 1663/98/65 1661/114/65
f 1661/114/65 1659/115/65 1657/99/65
f 1657/99/65 1655/60/65 1653/100/65
f 1653/100/65 1651/116/65 1649/117/65
f 1649/117/65 1647/101/65 1645/65/65
f 1645/65/65 1643/102/65 1641/118/65
f 1641/118/65 1639/119/65 1637/103/65
f 1637/103/65 1635/70/65 1633/104/65
f 1633/104/65 1631/120/65 1629/113/65
f 1629/113/65 1626/55/65 1661/114/65
f 1661/114/65 1657/99/65 1653/100/65
f 1653/100/65 1649/117/65 1645/65/65
f 1645/65/65 1641/118/65 1637/103/65
f 1637/103/65 1633/104/65 1629/113/65
f 1629/113/65 1661/114/65 1653/100/65
f 1653/100/65 1645/65/65 1637/103/65
f 1653/100/65 1637/103/65 1629/113/65
f 1662/52/66 1661/51/66 1663/73/66
f 1662/52/66 1663/73/66 1664/74/66
f 1664/74/67 1663/73/67 1626/75/67
f 1664/74/67 1626/75/67 1625/76/67
f 1664/105/68 1625/78/68 1628/106/68
f 1628/106/68 1630/121/68 1632/122/68
f 1632/122/68 1634/107/68 1636/83/68
f 1636/83/68 1638/108/68 1640/123/68
f 1640/123/68 1642/124/68 1644/109/68
f 1644/109/68 1646/88/68 1648/110/68
f 1648/110/68 1650/125/68 1652/126/68
f 1652/126/68 1654/111/68 1656/93/68
f 1656/93/68 1658/112/68 1660/127/68
f 1660/127/68 1662/128/68 1664/105/68
f 1664/105/68 1628/106/68 1632/122/68
f 1632/122/68 1636/83/68 1640/123/68
f 1640/123/68 1644/109/68 1648/110/68
f 1648/110/68 1652/126/68 1656/93/68
f 1656/93/68 1660/127/68 1664/105/68
f 1664/105/68 1632/122/68 1640/123/68
f 1640/123/68 1648/110/68 1656/93/68
f 1640/123/68 1656/93/68 1664/105/68
f 1665/15/47 1666/16/47 1667/17/47
f 1665/15/47 1667/17/47 1668/18/47
f 1668/18/48 1667/17/48 1669/19/48
f 1668/18/48 1669/19/48 1670/20/48
f 1670/20/49 1669/19/49 1671/21/49
f 1670/20/49 1671/21/49 1672/22/49
f 1672/22/50 1671/21/50 1673/23/50
f 1672/22/50 1673/23/50 1674/24/50
f 1674/24/51 1673/23/51 1675/25/51
f 1674/24/51 1675/25/51 1676/26/51
f 1676/26/52 1675/25/52 1677/27/52
f 1676/26/52 1677/27/52 1678/28/52
f 1678/28/53 1677/27/53 1679/29/53
f 1678/28/53 1679/29/53 1680/30/53
f 1680/30/54 1679/29/54 1681/31/54
f 1680/30/54 1681/31/54 1682/32/54
f 1682/32/55 1681/31/55 1683/33/55
f 1682/32/55 1683/33/55 1684/34/55
f 1684/34/56 1683/33/56 1685/35/56
f 1684/34/56 1685/35/56 1686/36/56
f 1686/36/57 1685/35/57 1687/37/57
f 1686/36/57 1687/37/57 1688/38/57
f 1688/38/58 1687/37/58 1689/39/58
f 1688/38/58 1689/39/58 1690/40/58
f 1690/40/59 1689/39/59 1691/41/59
f 1690/40/59 1691/41/59 1692/42/59
f 1692/42/60 1691/41/60 1693/43/60
f 1692/42/60 1693/43/60 1694/44/60
f 1694/44/61 1693/43/61 1695/45/61
f 1694/44/61 1695/45/61 1696/46/61
f 1696/46/62 1695/45/62 1697/47/62
f 1696/46/62 1697/47/62 1698/48/62
f 1698/48/63 1697/47/63 1699/49/63
f 1698/48/63 1699/49/63 1700/50/63
f 1700/50/64 1699/49/64 1701/51/64
f 1700/50/64 1701/51/64 1702/52/64
f 1669/113/65 1667/97/65 1666/55/65
f 1666/55/65 1703/98/65 1701/114/65
f 1701/114/65 1699/115/65 1697/99/65
f 1697/99/65 1695/60/65 1693/100/65
f 1693/100/65 1691/116/65 1689/117/65
f 1689/117/65 1687/101/65 1685/65/65
f 1685/65/65 1683/102/65 1681/118/65
f 1681/118/65 1679/119/65 1677/103/65
f 1677/103/65 1675/70/65 1673/104/65
f 1673/104/65 1671/120/65 1669/113/65
f 1669/113/65 1666/55/65 1701/114/65
f 1701/114/65 1697/99/65 1693/100/65
f 1693/100/65 1689/117/65 1685/65/65
f 1685/65/65 1681/118/65 1677/103/65
f 1677/103/65 1673/104/65 1669/113/65
f 1669/113/65 1701/114/65 1693/100/65
f 1693/100/65 1685/65/65 1677/103/65
f 1693/100/65 1677/103/65 1669/113/65
f 1702/52/66 1701/51/66 1703/73/66
f 1702/52/66 1703/73/66 1704/74/66
f 1704/74/67 1703/73/67 1666/75/67
f 1704/74/67 1666/75/67 1665/76/67
f 1704/105/68 1665/78/68 1668/106/68
f 1668/106/68 1670/121/68 1672/122/68
f 1672/122/68 1674/107/68 1676/83/68
f 1676/83/68 1678/108/68 1680/123/68
f 1680/123/68 1682/124/68 1684/109/68
f 1684/109/68 1686/88/68 1688/110/68
f 1688/110/68 1690/125/68 1692/126/68
f 1692/126/68 1694/111/68 1696/93/68
f 1696/93/68 1698/112/68 1700/127/68
f 1700/127/68 1702/128/68 1704/105/68
f 1704/105/68 1668/106/68 1672/122/68
f 1672/122/68 1676/83/68 1680/123/68
f 1680/123/68 1684/109/68 1688/110/68
f 1688/110/68 1692/126/68 1696/93/68
f 1696/93/68 1700/127/68 1704/105/68
f 1704/105/68 1672/122/68 1680/123/68
f 1680/123/68 1688/110/68 1696/93/68
f 1680/123/68 1696/93/68 1704/105/68
f 1705/15/47 1706/16/47 1707/17/47
f 1705/15/47 1707/17/47 1708/18/47
f 1708/18/48 1707/17/48 1709/19/48
f 1708/18/48 1709/19/48 1710/20/48
f 1710/20/49 1709/19/49 1711/21/49
f 1710/20/49 1711/21/49 1712/22/49
f 1712/22/50 1711/21/50 1713/23/50
f 1712/22/50 1713/23/50 1714/24/50
f 1714/24/51 1713/23/51 1715/25/51
f 1714/24/51 1715/25/51 1716/26/51
f 1716/26/52 1715/25/52 1717/27/52
f 1716/26/52 1717/27/52 1718/28/52
f 1718/28/53 1717/27/53 1719/29/53
f 1718/28/53 1719/29/53 1720/30/53
f 1720/30/54 1719/29/54 1721/31/54
f 1720/30/54 1721/31/54 1722/32/54
f 1722/32/55 1721/31/55 1723/33/55
f 1722/32/55 1723/33/55 1724/34/55
f 1724/34/56 1723/33/56 1725/35/56
f 1724/34/56 1725/35/56 1726/36/56
f 1726/36/57 1725/35/57 1727/37/57
f 1726/36/57 1727/37/57 1728/38/57
f 1728/38/58 1727/37/58 1729/39/58
f 1728/38/58 1729/39/58 1730/40/58
f 1730/40/59 1729/39/59 1731/41/59
f 1730/40/59 1731/41/59 1732/42/59
f 1732/42/60 1731/41/60 1733/43/60
f 1732/42/60 1733/43/60 1734/44/60
f 1734/44/61 1733/43/61 1735/45/61
f 1734/44/61 1735/45/61 1736/46/61
f 1736/46/62 1735/45/62 1737/47/62
f 1736/46/62 1737/47/62 1738/48/62
f 1738/48/63 1737/47/63 1739/49/63
f 1738/48/63 1739/49/63 1740/50/63
f 1740/50/64 1739/49/64 1741/51/64
f 1740/50/64 1741/51/64 1742/52/64
f 1709/113/65 1707/97/65 1706/55/65
f 1706/55/65 1743/98/65 1741/114/65
f 1741/114/65 1739/115/65 1737/99/65
f 1737/99/65 1735/60/65 1733/100/65
f 1733/100/65 1731/116/65 1729/117/65
f 1729/117/65 1727/101/65 1725/65/65
f 1725/65/65 1723/102/65 1721/118/65
f 1721/118/65 1719/119/65 1717/103/65
f 1717/103/65 1715/70/65 1713/104/65
f 1713/104/65 1711/120/65 1709/113/65
f 1709/113/65 1706/55/65 1741/114/65
f 1741/114/65 1737/99/65 1733/100/65
f 1733/100/65 1729/117/65 1725/65/65
f 1725/65/65 1721/118/65 1717/103/65
f 1717/103/65 1713/104/65 1709/113/65
f 1709/113/65 1741/114/65 1733/100/65
f 1733/100/65 1725/65/65 1717/103/65
f 1733/100/65 1717/103/65 1709/113/65
f 1742/52/66 1741/51/66 1743/73/66
f 1742/52/66 1743/73/66 1744/74/66
f 1744/74/67 1743/73/67 1706/75/67
f 1744/74/67 1706/75/67 1705/76/67
f 1744/105/68 1705/78/68 1708/106/68
f 1708/106/68 1710/121/68 1712/122/68
f 1712/122/68 1714/107/68 1716/83/68
f 1716/83/68 1718/108/68 1720/123/68
f 1720/123/68 1722/124/68 1724/109/68
f 1724/109/68 1726/88/68 1728/110/68
f 1728/110/68 1730/125/68 1732/126/68
f 1732/126/68 1734/111/68 1736/93/68
f 1736/93/68 1738/112/68 1740/127/68
f 1740/127/68 1742/128/68 1744/105/68
f 1744/105/68 1708/106/68 1712/122/68
f 1712/122/68 1716/83/68 1720/123/68
f 1720/123/68 1724/109/68 1728/110/68
f 1728/110/68 1732/126/68 1736/93/68
f 1736/93/68 1740/127/68 1744/105/68
f 1744/105/68 1712/122/68 1720/123/68
f 1720/123/68 1728/110/68 1736/93/68
f 1720/123/68 1736/93/68 1744/105/68
f 1745/15/69 1746/16/69 1747/17/69
f 1745/15/69 1747/17/69 1748/18/69
f 1748/18/70 1747/17/70 1749/19/70
f 1748/18/70 1749/19/70 1750/20/70
f 1750/20/71 1749/19/71 1751/21/71
f 1750/20/71 1751/21/71 1752/22/71
f 1752/22/50 1751/21/50 1753/23/50
f 1752/22/50 1753/23/50 1754/24/50
f 1754/24/72 1753/23/72 1755/25/72
f 1754/24/72 1755/25/72 1756/26/72
f 1756/26/73 1755/25/73 1757/27/73
f 1756/26/73 1757/27/73 1758/28/73
f 1758/28/53 1757/27/53 1759/29/53
f 1758/28/53 1759/29/53 1760/30/53
f 1760/30/74 1759/29/74 1761/31/74
f 1760/30/74 1761/31/74 1762/32/74
f 1762/32/75 1761/31/75 1763/33/75
f 1762/32/75 1763/33/75 1764/34/75
f 1764/34/76 1763/33/76 1765/35/76
f 1764/34/76 1765/35/76 1766/36/76
f 1766/36/77 1765/35/77 1767/37/77
f 1766/36/77 1767/37/77 1768/38/77
f 1768/38/78 1767/37/78 1769/39/78
f 1768/38/78 1769/39/78 1770/40/78
f 1770/40/79 1769/39/79 1771/41/79
f 1770/40/79 1771/41/79 1772/42/79
f 1772/42/60 1771/41/60 1773/43/60
f 1772/42/60 1773/43/60 1774/44/60
f 1774/44/80 1773/43/80 1775/45/80
f 1774/44/80 1775/45/80 1776/46/80
f 1776/46/81 1775/45/81 1777/47/81
f 1776/46/81 1777/47/81 1778/48/81
f 1778/48/63 1777/47/63 1779/49/63
f 1778/48/63 1779/49/63 1780/50/63
f 1780/50/82 1779/49/82 1781/51/82
f 1780/50/82 1781/51/82 1782/52/82
f 1749/113/83 1747/97/83 1746/55/83
f 1746/55/83 1783/98/83 1781/114/83
f 1781/114/83 1779/115/83 1777/99/83
f 1777/99/83 1775/60/83 1773/100/83
f 1773/100/83 1771/116/83 1769/117/83
f 1769/117/83 1767/101/83 1765/65/83
f 1765/65/83 1763/102/83 1761/118/83
f 1761/118/83 1759/119/83 1757/103/83
f 1757/103/83 1755/70/83 1753/104/83
f 1753/104/83 1751/120/83 1749/113/83
f 1749/113/83 1746/55/83 1781/114/83
f 1781/114/83 1777/99/83 1773/100/83
f 1773/100/83 1769/117/83 1765/65/83
f 1765/65/83 1761/118/83 1757/103/83
f 1757/103/83 1753/104/83 1749/113/83
f 1749/113/83 1781/114/83 1773/100/83
f 1773/100/83 1765/65/83 1757/103/83
f 1773/100/83 1757/103/83 1749/113/83
f 1782/52/84 1781/51/84 1783/73/84
f 1782/52/84 1783/73/84 1784/74/84
f 1784/74/85 1783/73/85 1746/75/85
f 1784/74/85 1746/75/85 1745/76/85
f 1784/105/86 1745/78/86 1748/106/86
f 1748/106/86 1750/121/86 1752/122/86
f 1752/122/86 1754/107/86 1756/83/86
f 1756/83/86 1758/108/86 1760/123/86
f 1760/123/86 1762/124/86 1764/109/86
f 1764/109/86 1766/88/86 1768/110/86
f 1768/110/86 1770/125/86 1772/126/86
f 1772/126/86 1774/111/86 1776/93/86
f 1776/93/86 1778/112/86 1780/127/86
f 1780/127/86 1782/128/86 1784/105/86
f 1784/105/86 1748/106/86 1752/122/86
f 1752/122/86 1756/83/86 1760/123/86
f 1760/123/86 1764/109/86 1768/110/86
f 1768/110/86 1772/126/86 1776/93/86
f 1776/93/86 1780/127/86 1784/105/86
f 1784/105/86 1752/122/86 1760/123/86
f 1760/123/86 1768/110/86 1776/93/86
f 1760/123/86 1776/93/86 1784/105/86
f 1785/15/87 1786/16/87 1787/17/87
f 1785/15/87 1787/17/87 1788/18/87
f 1788/18/88 1787/17/88 1789/19/88
f 1788/18/88 1789/19/88 1790/20/88
f 1790/20/89 1789/19/89 1791/21/89
f 1790/20/89 1791/21/89 1792/22/89
f 1792/22/10 1791/21/10 1793/23/10
f 1792/22/10 1793/23/10 1794/24/10
f 1794/24/90 1793/23/90 1795/25/90
f 1794/24/90 1795/25/90 1796/26/90
f 1796/26/91 1795/25/91 1797/27/91
f 1796/26/91 1797/27/91 1798/28/91
f 1798/28/13 1797/27/13 1799/29/13
f 1798/28/13 1799/29/13 1800/30/13
f 1800/30/92 1799/29/92 1801/31/92
f 1800/30/92 1801/31/92 1802/32/92
f 1802/32/93 1801/31/93 1803/33/93
f 1802/32/93 1803/33/93 1804/34/93
f 1804/34/94 1803/33/94 1805/35/94
f 1804/34/94 1805/35/94 1806/36/94
f 1806/36/95 1805/35/95 1807/37/95
f 1806/36/95 1807/37/95 1808/38/95
f 1808/38/96 1807/37/96 1809/39/96
f 1808/38/96 1809/39/96 1810/40/96
f 1810/40/97 1809/39/97 1811/41/97
f 1810/40/97 1811/41/97 1812/42/97
f 1812/42/20 1811/41/20 1813/43/20
f 1812/42/20 1813/43/20 1814/44/20
f 1814/44/98 1813/43/98 1815/45/98
f 1814/44/98 1815/45/98 1816/46/98
f 1816/46/99 1815/45/99 1817/47/99
f 1816/46/99 1817/47/99 1818/48/99
f 1818/48/23 1817/47/23 1819/49/23
f 1818/48/23 1819/49/23 1820/50/23
f 1820/50/100 1819/49/100 1821/51/100
f 1820/50/100 1821/51/100 1822/52/100
f 1789/113/101 1787/97/101 1786/55/101
f 1786/55/101 1823/98/101 1821/114/101
f 1821/114/101 1819/115/101 1817/99/101
f 1817/99/101 1815/60/101 1813/100/101
f 1813/100/101 1811/116/101 1809/117/101
f 1809/117/101 1807/101/101 1805/65/101
f 1805/65/101 1803/102/101 1801/118/101
f 1801/118/101 1799/119/101 1797/103/101
f 1797/103/101 1795/70/101 1793/104/101
f 1793/104/101 1791/120/101 1789/113/101
f 1789/113/101 1786/55/101 1821/114/101
f 1821/114/101 1817/99/101 1813/100/101
f 1813/100/101 1809/117/101 1805/65/101
f 1805/65/101 1801/118/101 1797/103/101
f 1797/103/101 1793/104/101 1789/113/101
f 1789/113/101 1821/114/101 1813/100/101
f 1813/100/101 1805/65/101 1797/103/101
f 1813/100/101 1797/103/101 1789/113/101
f 1822/52/102 1821/51/102 1823/73/102
f 1822/52/102 1823/73/102 1824/74/102
f 1824/74/103 1823/73/103 1786/75/103
f 1824/74/103 1786/75/103 1785/76/103
f 1824/105/104 1785/78/104 1788/106/104
f 1788/106/104 1790/121/104 1792/122/104
f 1792/122/104 1794/107/104 1796/83/104
f 1796/83/104 1798/108/104 1800/123/104
f 1800/123/104 1802/124/104 1804/109/104
f 1804/109/104 1806/88/104 1808/110/104
f 1808/110/104 1810/125/104 1812/126/104
f 1812/126/104 1814/111/104 1816/93/104
f 1816/93/104 1818/112/104 1820/127/104
f 1820/127/104 1822/128/104 1824/105/104
f 1824/105/104 1788/106/104 1792/122/104
f 1792/122/104 1796/83/104 1800/123/104
f 1800/123/104 1804/109/104 1808/110/104
f 1808/110/104 1812/126/104 1816/93/104
f 1816/93/104 1820/127/104 1824/105/104
f 1824/105/104 1792/122/104 1800/123/104
f 1800/123/104 1808/110/104 1816/93/104
f 1800/123/104 1816/93/104 1824/105/104
f 1825/15/47 1826/16/47 1827/17/47
f 1825/15/47 1827/17/47 1828/18/47
f 1828/18/48 1827/17/48 1829/19/48
f 1828/18/48 1829/19/48 1830/20/48
f 1830/20/49 1829/19/49 1831/21/49
f 1830/20/49 1831/21/49 1832/22/49
f 1832/22/50 1831/21/50 1833/23/50
f 1832/22/50 1833/23/50 1834/24/50
f 1834/24/51 1833/23/51 1835/25/51
f 1834/24/51 1835/25/51 1836/26/51
f 1836/26/52 1835/25/52 1837/27/52
f 1836/26/52 1837/27/52 1838/28/52
f 1838/28/53 1837/27/53 1839/29/53
f 1838/28/53 1839/29/53 1840/30/53
f 1840/30/54 1839/29/54 1841/31/54
f 1840/30/54 1841/31/54 1842/32/54
f 1842/32/55 1841/31/55 1843/33/55
f 1842/32/55 1843/33/55 1844/34/55
f 1844/34/56 1843/33/56 1845/35/56
f 1844/34/56 1845/35/56 1846/36/56
f 1846/36/57 1845/35/57 1847/37/57
f 1846/36/57 1847/37/57 1848/38/57
f 1848/38/58 1847/37/58 1849/39/58
f 1848/38/58 1849/39/58 1850/40/58
f 1850/40/59 1849/39/59 1851/41/59
f 1850/40/59 1851/41/59 1852/42/59
f 1852/42/60 1851/41/60 1853/43/60
f 1852/42/60 1853/43/60 1854/44/60
f 1854/44/61 1853/43/61 1855/45/61
f 1854/44/61 1855/45/61 1856/46/61
f 1856/46/62 1855/45/62 1857/47/62
f 1856/46/62 1857/47/62 1858/48/62
f 1858/48/63 1857/47/63 1859/49/63
f 1858/48/63 1859/49/63 1860/50/63
f 1860/50/64 1859/49/64 1861/51/64
f 1860/50/64 1861/51/64 1862/52/64
f 1829/113/65 1827/97/65 1826/55/65
f 1826/55/65 1863/98/65 1861/114/65
f 1861/114/65 1859/115/65 1857/99/65
f 1857/99/65 1855/60/65 1853/100/65
f 1853/100/65 1851/116/65 1849/117/65
f 1849/117/65 1847/101/65 1845/65/65
f 1845/65/65 1843/102/65 1841/118/65
f 1841/118/65 1839/119/65 1837/103/65
f 1837/103/65 1835/70/65 1833/104/65
f 1833/104/65 1831/120/65 1829/113/65
f 1829/113/65 1826/55/65 1861/114/65
f 1861/114/65 1857/99/65 1853/100/65
f 1853/100/65 1849/117/65 1845/65/65
f 1845/65/65 1841/118/65 1837/103/65
f 1837/103/65 1833/104/65 1829/113/65
f 1829/113/65 1861/114/65 1853/100/65
f 1853/100/65 1845/65/65 1837/103/65
f 1853/100/65 1837/103/65 1829/113/65
f 1862/52/66 1861/51/66 1863/73/66
f 1862/52/66 1863/73/66 1864/74/66
f 1864/74/67 1863/73/67 1826/75/67
f 1864/74/67 1826/75/67 1825/76/67
f 1864/105/68 1825/78/68 1828/106/68
f 1828/106/68 1830/121/68 1832/122/68
f 1832/122/68 1834/107/68 1836/83/68
f 1836/83/68 1838/108/68 1840/123/68
f 1840/123/68 1842/124/68 1844/109/68
f 1844/109/68 1846/88/68 1848/110/68
f 1848/110/68 1850/125/68 1852/126/68
f 1852/126/68 1854/111/68 1856/93/68
f 1856/93/68 1858/112/68 1860/127/68
f 1860/127/68 1862/128/68 1864/105/68
f 1864/105/68 1828/106/68 1832/122/68
f 1832/122/68 1836/83/68 1840/123/68
f 1840/123/68 1844/109/68 1848/110/68
f 1848/110/68 1852/126/68 1856/93/68
f 1856/93/68 1860/127/68 1864/105/68
f 1864/105/68 1832/122/68 1840/123/68
f 1840/123/68 1848/110/68 1856/93/68
f 1840/123/68 1856/93/68 1864/105/68
f 1865/15/47 1866/16/47 1867/17/47
f 1865/15/47 1867/17/47 1868/18/47
f 1868/18/48 1867/17/48 1869/19/48
f 1868/18/48 1869/19/48 1870/20/48
f 1870/20/49 1869/19/49 1871/21/49
f 1870/20/49 1871/21/49 1872/22/49
f 1872/22/50 1871/21/50 1873/23/50
f 1872/22/50 1873/23/50 1874/24/50
f 1874/24/51 1873/23/51 1875/25/51
f 1874/24/51 1875/25/51 1876/26/51
f 1876/26/52 1875/25/52 1877/27/52
f 1876/26/52 1877/27/52 1878/28/52
f 1878/28/53 1877/27/53 1879/29/53
f 1878/28/53 1879/29/53 1880/30/53
f 1880/30/54 1879/29/54 1881/31/54
f 1880/30/54 1881/31/54 1882/32/54
f 1882/32/55 1881/31/55 1883/33/55
f 1882/32/55 1883/33/55 1884/34/55
f 1884/34/56 1883/33/56 1885/35/56
f 1884/34/56 1885/35/56 1886/36/56
f 1886/36/57 1885/35/57 1887/37/57
f 1886/36/57 1887/37/57 1888/38/57
f 1888/38/58 1887/37/58 1889/39/58
f 1888/38/58 1889/39/58 1890/40/58
f 1890/40/59 1889/39/59 1891/41/59
f 1890/40/59 1891/41/59 1892/42/59
f 1892/42/60 1891/41/60 1893/43/60
f 1892/42/60 1893/43/60 1894/44/60
f 1894/44/61 1893/43/61 1895/45/61
f 1894/44/61 1895/45/61 1896/46/61
f 1896/46/62 1895/45/62 1897/47/62
f 1896/46/62 1897/47/62 1898/48/62
f 1898/48/63 1897/47/63 1899/49/63
f 1898/48/63 1899/49/63 1900/50/63
f 1900/50/64 1899/49/64 1901/51/64
f 1900/50/64 1901/51/64 1902/52/64
f 1869/113/65 1867/97/65 1866/55/65
f 1866/55/65 1903/98/65 1901/114/65
f 1901/114/65 1899/115/65 1897/99/65
f 1897/99/65 1895/60/65 1893/100/65
f 1893/100/65 1891/116/65 1889/117/65
f 1889/117/65 1887/101/65 1885/65/65
f 1885/65/65 1883/102/65 1881/118/65
f 1881/118/65 1879/119/65 1877/103/65
f 1877/103/65 1875/70/65 1873/104/65
f 1873/104/65 1871/120/65 1869/113/65
f 1869/113/65 1866/55/65 1901/114/65
f 1901/114/65 1897/99/65 1893/100/65
f 1893/100/65 1889/117/65 1885/65/65
f 1885/65/65 1881/118/65 1877/103/65
f 1877/103/65 1873/104/65 1869/113/65
f 1869/113/65 1901/114/65 1893/100/65
f 1893/100/65 1885/65/65 1877/103/65
f 1893/100/65 1877/103/65 1869/113/65
f 1902/52/66 1901/51/66 1903/73/66
f 1902/52/66 1903/73/66 1904/74/66
f 1904/74/67 1903/73/67 1866/75/67
f 1904/74/67 1866/75/67 1865/76/67
f 1904/105/68 1865/78/68 1868/106/68
f 1868/106/68 1870/121/68 1872/122/68
f 1872/122/68 1874/107/68 1876/83/68
f 1876/83/68 1878/108/68 1880/123/68
f 1880/123/68 1882/124/68 1884/109/68
f 1884/109/68 1886/88/68 1888/110/68
f 1888/110/68 1890/125/68 1892/126/68
f 1892/126/68 1894/111/68 1896/93/68
f 1896/93/68 1898/112/68 1900/127/68
f 1900/127/68 1902/128/68 1904/105/68
f 1904/105/68 1868/106/68 1872/122/68
f 1872/122/68 1876/83/68 1880/123/68
f 1880/123/68 1884/109/68 1888/110/68
f 1888/110/68 1892/126/68 1896/93/68
f 1896/93/68 1900/127/68 1904/105/68
f 1904/105/68 1872/122/68 1880/123/68
f 1880/123/68 1888/110/68 1896/93/68
f 1880/123/68 1896/93/68 1904/105/68
f 1905/15/47 1906/16/47 1907/17/47
f 1905/15/47 1907/17/47 1908/18/47
f 1908/18/48 1907/17/48 1909/19/48
f 1908/18/48 1909/19/48 1910/20/48
f 1910/20/49 1909/19/49 1911/21/49
f 1910/20/49 1911/21/49 1912/22/49
f 1912/22/50 1911/21/50 1913/23/50
f 1912/22/50 1913/23/50 1914/24/50
f 1914/24/51 1913/23/51 1915/25/51
f 1914/24/51 1915/25/51 1916/26/51
f 1916/26/52 1915/25/52 1917/27/52
f 1916/26/52 1917/27/52 1918/28/52
f 1918/28/53 1917/27/53 1919/29/53
f 1918/28/53 1919/29/53 1920/30/53
f 1920/30/54 1919/29/54 1921/31/54
f 1920/30/54 1921/31/54 1922/32/54
f 1922/32/55 1921/31/55 1923/33/55
f 1922/32/55 1923/33/55 1924/34/55
f 1924/34/56 1923/33/56 1925/35/56
f 1924/34/56 1925/35/56 1926/36/56
f 1926/36/57 1925/35/57 1927/37/57
f 1926/36/57 1927/37/57 1928/38/57
f 1928/38/58 1927/37/58 1929/39/58
f 1928/38/58 1929/39/58 1930/40/58
f 1930/40/59 1929/39/59 1931/41/59
f 1930/40/59 1931/41/59 1932/42/59
f 1932/42/60 1931/41/60 1933/43/60
f 1932/42/60 1933/43/60 1934/44/60
f 1934/44/61 1933/43/61 1935/45/61
f 1934/44/61 1935/45/61 1936/46/61
f 1936/46/62 1935/45/62 1937/47/62
f 1936/46/62 1937/47/62 1938/48/62
f 1938/48/63 1937/47/63 1939/49/63
f 1938/48/63 1939/49/63 1940/50/63
f 1940/50/64 1939/49/64 1941/51/64
f 1940/50/64 1941/51/64 1942/52/64
f 1909/113/65 1907/97/65 1906/55/65
f 1906/55/65 1943/98/65 1941/114/65
f 1941/114/65 1939/115/65 1937/99/65
f 1937/99/65 1935/60/65 1933/100/65
f 1933/100/65 1931/116/65 1929/117/65
f 1929/117/65 1927/101/65 1925/65/65
f 1925/65/65 1923/102/65 1921/118/65
f 1921/118/65 1919/119/65 1917/103/65
f 1917/103/65 1915/70/65 1913/104/65
f 1913/104/65 1911/120/65 1909/113/65
f 1909/113/65 1906/55/65 1941/114/65
f 1941/114/65 1937/99/65 1933/100/65
f 1933/100/65 1929/117/65 1925/65/65
f 1925/65/65 1921/118/65 1917/103/65
f 1917/103/65 1913/104/65 1909/113/65
f 1909/113/65 1941/114/65 1933/100/65
f 1933/100/65 1925/65/65 1917/103/65
f 1933/100/65 1917/103/65 1909/113/65
f 1942/52/66 1941/51/66 1943/73/66
f 1942/52/66 1943/73/66 1944/74/66
f 1944/74/67 1943/73/67 1906/75/67
f 1944/74/67 1906/75/67 1905/76/67
f 1944/105/68 1905/78/68 1908/106/68
f 1908/106/68 1910/121/68 1912/122/68
f 1912/122/68 1914/107/68 1916/83/68
f 1916/83/68 1918/108/68 1920/123/68
f 1920/123/68 1922/124/68 1924/109/68
f 1924/109/68 1926/88/68 1928/110/68
f 1928/110/68 1930/125/68 1932/126/68
f 1932/126/68 1934/111/68 1936/93/68
f 1936/93/68 1938/112/68 1940/127/68
f 1940/127/68 1942/128/68 1944/105/68
f 1944/105/68 1908/106/68 1912/122/68
f 1912/122/68 1916/83/68 1920/123/68
f 1920/123/68 1924/109/68 1928/110/68
f 1928/110/68 1932/126/68 1936/93/68
f 1936/93/68 1940/127/68 1944/105/68
f 1944/105/68 1912/122/68 1920/123/68
f 1920/123/68 1928/110/68 1936/93/68
f 1920/123/68 1936/93/68 1944/105/68
f 1945/15/69 1946/16/69 1947/17/69
f 1945/15/69 1947/17/69 1948/18/69
f 1948/18/70 1947/17/70 1949/19/70
f 1948/18/70 1949/19/70 1950/20/70
f 1950/20/71 1949/19/71 1951/21/71
f 1950/20/71 1951/21/71 1952/22/71
f 1952/22/50 1951/21/50 1953/23/50
f 1952/22/50 1953/23/50 1954/24/50
f 1954/24/72 1953/23/72 1955/25/72
f 1954/24/72 1955/25/72 1956/26/72
f 1956/26/73 1955/25/73 1957/27/73
f 1956/26/73 1957/27/73 1958/28/73
f 1958/28/53 1957/27/53 1959/29/53
f 1958/28/53 1959/29/53 1960/30/53
f 1960/30/74 1959/29/74 1961/31/74
f 1960/30/74 1961/31/74 1962/32/74
f 1962/32/75 1961/31/75 1963/33/75
f 1962/32/75 1963/33/75 1964/34/75
f 1964/34/76 1963/33/76 1965/35/76
f 1964/34/76 1965/35/76 1966/36/76
f 1966/36/77 1965/35/77 1967/37/77
f 1966/36/77 1967/37/77 1968/38/77
f 1968/38/78 1967/37/78 1969/39/78
f 1968/38/78 1969/39/78 1970/40/78
f 1970/40/79 1969/39/79 1971/41/79
f 1970/40/79 1971/41/79 1972/42/79
f 1972/42/60 1971/41/60 1973/43/60
f 1972/42/60 1973/43/60 1974/44/60
f 1974/44/80 1973/43/80 1975/45/80
f 1974/44/80 1975/45/80 1976/46/80
f 1976/46/81 1975/45/81 1977/47/81
f 1976/46/81 1977/47/81 1978/48/81
f 1978/48/63 1977/47/63 1979/49/63
f 1978/48/63 1979/49/63 1980/50/63
f 1980/50/82 1979/49/82 1981/51/82
f 1980/50/82 1981/51/82 1982/52/82
f 1949/113/83 1947/97/83 1946/55/83
f 1946/55/83 1983/98/83 1981/114/83
f 1981/114/83 1979/115/83 1977/99/83
f 1977/99/83 1975/60/83 1973/100/83
f 1973/100/83 1971/116/83 1969/117/83
f 1969/117/83 1967/101/83 1965/65/83
f 1965/65/83 1963/102/83 1961/118/83
f 1961/118/83 1959/119/83 1957/103/83
f 1957/103/83 1955/70/83 1953/104/83
f 1953/104/83 1951/120/83 1949/113/83
f 1949/113/83 1946/55/83 1981/114/83
f 1981/114/83 1977/99/83 1973/100/83
f 1973/100/83 1969/117/83 1965/65/83
f 1965/65/83 1961/118/83 1957/103/83
f 1957/103/83 1953/104/83 1949/113/83
f 1949/113/83 1981/114/83 1973/100/83
f 1973/100/83 1965/65/83 1957/103/83
f 1973/100/83 1957/103/83 1949/113/83
f 1982/52/84 1981/51/84 1983/73/84
f 1982/52/84 1983/73/84 1984/74/84
f 1984/74/85 1983/73/85 1946/75/85
f 1984/74/85 1946/75/85 1945/76/85
f 1984/105/86 1945/78/86 1948/106/86
f 1948/106/86 1950/121/86 1952/122/86
f 1952/122/86 1954/107/86 1956/83/86
f 1956/83/86 1958/108/86 1960/123/86
f 1960/123/86 1962/124/86 1964/109/86
f 1964/109/86 1966/88/86 1968/110/86
f 1968/110/86 1970/125/86 1972/126/86
f 1972/126/86 1974/111/86 1976/93/86
f 1976/93/86 1978/112/86 1980/127/86
f 1980/127/86 1982/128/86 1984/105/86
f 1984/105/86 1948/106/86 1952/122/86
f 1952/122/86 1956/83/86 1960/123/86
f 1960/123/86 1964/109/86 1968/110/86
f 1968/110/86 1972/126/86 1976/93/86
f 1976/93/86 1980/127/86 1984/105/86
f 1984/105/86 1952/122/86 1960/123/86
f 1960/123/86 1968/110/86 1976/93/86
f 1960/123/86 1976/93/86 1984/105/86
f 1985/15/87 1986/16/87 1987/17/87
f 1985/15/87 1987/17/87 1988/18/87
f 1988/18/88 1987/17/88 1989/19/88
f 1988/18/88 1989/19/88 1990/20/88
f 1990/20/89 1989/19/89 1991/21/89
f 1990/20/89 1991/21/89 1992/22/89
f 1992/22/10 1991/21/10 1993/23/10
f 1992/22/10 1993/23/10 1994/24/10
f 1994/24/90 1993/23/90 1995/25/90
f 1994/24/90 1995/25/90 1996/26/90
f 1996/26/91 1995/25/91 1997/27/91
f 1996/26/91 1997/27/91 1998/28/91
f 1998/28/13 1997/27/13 1999/29/13
f 1998/28/13 1999/29/13 2000/30/13
f 2000/30/92 1999/29/92 2001/31/92
f 2000/30/92 2001/31/92 2002/32/92
f 2002/32/93 2001/31/93 2003/33/93
f 2002/32/93 2003/33/93 2004/34/93
f 2004/34/94 2003/33/94 2005/35/94
f 2004/34/94 2005/35/94 2006/36/94
f 2006/36/95 2005/35/95 2007/37/95
f 2006/36/95 2007/37/95 2008/38/95
f 2008/38/96 2007/37/96 2009/39/96
f 2008/38/96 2009/39/96 2010/40/96
f 2010/40/97 2009/39/97 2011/41/97
f 2010/40/97 2011/41/97 2012/42/97
f 2012/42/20 2011/41/20 2013/43/20
f 2012/42/20 2013/43/20 2014/44/20
f 2014/44/98 2013/43/98 2015/45/98
f 2014/44/98 2015/45/98 2016/46/98
f 2016/46/99 2015/45/99 2017/47/99
f 2016/46/99 2017/47/99 2018/48/99
f 2018/48/23 2017/47/23 2019/49/23
f 2018/48/23 2019/49/23 2020/50/23
f 2020/50/100 2019/49/100 2021/51/100
f 2020/50/100 2021/51/100 2022/52/100
f 1989/113/101 1987/97/101 1986/55/101
f 1986/55/101 2023/98/101 2021/114/101
f 2021/114/101 2019/115/101 2017/99/101
f 2017/99/101 2015/60/101 2013/100/101
f 2013/100/101 2011/116/101 2009/117/101
f 2009/117/101 2007/101/101 2005/65/101
f 2005/65/101 2003/102/101 2001/118/101
f 2001/118/101 1999/119/101 1997/103/101
f 1997/103/101 1995/70/101 1993/104/101
f 1993/104/101 1991/120/101 1989/113/101
f 1989/113/101 1986/55/101 2021/114/101
f 2021/114/101 2017/99/101 2013/100/101
f 2013/100/101 2009/117/101 2005/65/101
f 2005/65/101 2001/118/101 1997/103/101
f 1997/103/101 1993/104/101 1989/113/101
f 1989/113/101 2021/114/101 2013/100/101
f 2013/100/101 2005/65/101 1997/103/101
f 2013/100/101 1997/103/101 1989/113/101
f 2022/52/102 2021/51/102 2023/73/102
f 2022/52/102 2023/73/102 2024/74/102
f 2024/74/103 2023/73/103 1986/75/103
f 2024/74/103 1986/75/103 1985/76/103
f 2024/105/104 1985/78/104 1988/106/104
f 1988/106/104 1990/121/104 1992/122/104
f 1992/122/104 1994/107/104 1996/83/104
f 1996/83/104 1998/108/104 2000/123/104
f 2000/123/104 2002/124/104 2004/109/104
f 2004/109/104 2006/88/104 2008/110/104
f 2008/110/104 2010/125/104 2012/126/104
f 2012/126/104 2014/111/104 2016/93/104
f 2016/93/104 2018/112/104 2020/127/104
f 2020/127/104 2022/128/104 2024/105/104
f 2024/105/104 1988/106/104 1992/122/104
f 1992/122/104 1996/83/104 2000/123/104
f 2000/123/104 2004/109/104 2008/110/104
f 2008/110/104 2012/126/104 2016/93/104
f 2016/93/104 2020/127/104 2024/105/104
f 2024/105/104 1992/122/104 2000/123/104
f 2000/123/104 2008/110/104 2016/93/104
f 2000/123/104 2016/93/104 2024/105/104
f 2025/15/47 2026/16/47 2027/17/47
f 2025/15/47 2027/17/47 2028/18/47
f 2028/18/48 2027/17/48 2029/19/48
f 2028/18/48 2029/19/48 2030/20/48
f 2030/20/49 2029/19/49 2031/21/49
f 2030/20/49 2031/21/49 2032/22/49
f 2032/22/50 2031/21/50 2033/23/50
f 2032/22/50 2033/23/50 2034/24/50
f 2034/24/51 2033/23/51 2035/25/51
f 2034/24/51 2035/25/51 2036/26/51
f 2036/26/52 2035/25/52 2037/27/52
f 2036/26/52 2037/27/52 2038/28/52
f 2038/28/53 2037/27/53 2039/29/53
f 2038/28/53 2039/29/53 2040/30/53
f 2040/30/54 2039/29/54 2041/31/54
f 2040/30/54 2041/31/54 2042/32/54
f 2042/32/55 2041/31/55 2043/33/55
f 2042/32/55 2043/33/55 2044/34/55
f 2044/34/56 2043/33/56 2045/35/56
f 2044/34/56 2045/35/56 2046/36/56
f 2046/36/57 2045/35/57 2047/37/57
f 2046/36/57 2047/37/57 2048/38/57
f 2048/38/58 2047/37/58 2049/39/58
f 2048/38/58 2049/39/58 2050/40/58
f 2050/40/59 2049/39/59 2051/41/59
f 2050/40/59 2051/41/59 2052/42/59
f 2052/42/60 2051/41/60 2053/43/60
f 2052/42/60 2053/43/60 2054/44/60
f 2054/44/61 2053/43/61 2055/45/61
f 2054/44/61 2055/45/61 2056/46/61
f 2056/46/62 2055/45/62 2057/47/62
f 2056/46/62 2057/47/62 2058/48/62
f 2058/48/63 2057/47/63 2059/49/63
f 2058/48/63 2059/49/63 2060/50/63
f 2060/50/64 2059/49/64 2061/51/64
f 2060/50/64 2061/51/64 2062/52/64
f 2029/113/65 2027/97/65 2026/55/65
f 2026/55/65 2063/98/65 2061/114/65
f 2061/114/65 2059/115/65 2057/99/65
f 2057/99/65 2055/60/65 2053/100/65
f 2053/100/65 2051/116/65 2049/117/65
f 2049/117/65 2047/101/65 2045/65/65
f 2045/65/65 2043/102/65 2041/118/65
f 2041/118/65 2039/119/65 2037/103/65
f 2037/103/65 2035/70/65 2033/104/65
f 2033/104/65 2031/120/65 2029/113/65
f 2029/113/65 2026/55/65 2061/114/65
f 2061/114/65 2057/99/65 2053/100/65
f 2053/100/65 2049/117/65 2045/65/65
f 2045/65/65 2041/118/65 2037/103/65
f 2037/103/65 2033/104/65 2029/113/65
f 2029/113/65 2061/114/65 2053/100/65
f 2053/100/65 2045/65/65 2037/103/65
f 2053/100/65 2037/103/65 2029/113/65
f 2062/52/66 2061/51/66 2063/73/66
f 2062/52/66 2063/73/66 2064/74/66
f 2064/74/67 2063/73/67 2026/75/67
f 2064/74/67 2026/75/67 2025/76/67
f 2064/105/68 2025/78/68 2028/106/68
f 2028/106/68 2030/121/68 2032/122/68
f 2032/122/68 2034/107/68 2036/83/68
f 2036/83/68 2038/108/68 2040/123/68
f 2040/123/68 2042/124/68 2044/109/68
f 2044/109/68 2046/88/68 2048/110/68
f 2048/110/68 2050/125/68 2052/126/68
f 2052/126/68 2054/111/68 2056/93/68
f 2056/93/68 2058/112/68 2060/127/68
f 2060/127/68 2062/128/68 2064/105/68
f 2064/105/68 2028/106/68 2032/122/68
f 2032/122/68 2036/83/68 2040/123/68
f 2040/123/68 2044/109/68 2048/110/68
f 2048/110/68 2052/126/68 2056/93/68
f 2056/93/68 2060/127/68 2064/105/68
f 2064/105/68 2032/122/68 2040/123/68
f 2040/123/68 2048/110/68 2056/93/68
f 2040/123/68 2056/93/68 2064/105/68
f 2065/15/47 2066/16/47 2067/17/47
f 2065/15/47 2067/17/47 2068/18/47
f 2068/18/48 2067/17/48 2069/19/48
f 2068/18/48 2069/19/48 2070/20/48
f 2070/20/49 2069/19/49 2071/21/49
f 2070/20/49 2071/21/49 2072/22/49
f 2072/22/50 2071/21/50 2073/23/50
f 2072/22/50 2073/23/50 2074/24/50
f 2074/24/51 2073/23/51 2075/25/51
f 2074/24/51 2075/25/51 2076/26/51
f 2076/26/52 2075/25/52 2077/27/52
f 2076/26/52 2077/27/52 2078/28/52
f 2078/28/53 2077/27/53 2079/29/53
f 2078/28/53 2079/29/53 2080/30/53
f 2080/30/54 2079/29/54 2081/31/54
f 2080/30/54 2081/31/54 2082/32/54
f 2082/32/55 2081/31/55 2083/33/55
f 2082/32/55 2083/33/55 2084/34/55
f 2084/34/56 2083/33/56 2085/35/56
f 2084/34/56 2085/35/56 2086/36/56
f 2086/36/57 2085/35/57 2087/37/57
f 2086/36/57 2087/37/57 2088/38/57
f 2088/38/58 2087/37/58 2089/39/58
f 2088/38/58 2089/39/58 2090/40/58
f 2090/40/59 2089/39/59 2091/41/59
f 2090/40/59 2091/41/59 2092/42/59
f 2092/42/60 2091/41/60 2093/43/60
f 2092/42/60 2093/43/60 2094/44/60
f 2094/44/61 2093/43/61 2095/45/61
f 2094/44/61 2095/45/61 2096/46/61
f 2096/46/62 2095/45/62 2097/47/62
f 2096/46/62 2097/47/62 2098/48/62
f 2098/48/63 2097/47/63 2099/49/63
f 2098/48/63 2099/49/63 2100/50/63
f 2100/50/64 2099/49/64 2101/51/64
f 2100/50/64 2101/51/64 2102/52/64
f 2069/113/65 2067/97/65 2066/55/65
f 2066/55/65 2103/98/65 2101/114/65
f 2101/114/65 2099/115/65 2097/99/65
f 2097/99/65 2095/60/65 2093/100/65
f 2093/100/65 2091/116/65 2089/117/65
f 2089/117/65 2087/101/65 2085/65/65
f 2085/65/65 2083/102/65 2081/118/65
f 2081/118/65 2079/119/65 2077/103/65
f 2077/103/65 2075/70/65 2073/104/65
f 2073/104/65 2071/120/65 2069/113/65
f 2069/113/65 2066/55/65 2101/114/65
f 2101/114/65 2097/99/65 2093/100/65
f 2093/100/65 2089/117/65 2085/65/65
f 2085/65/65 2081/118/65 2077/103/65
f 2077/103/65 2073/104/65 2069/113/65
f 2069/113/65 2101/114/65 2093/100/65
f 2093/100/65 2085/65/65 2077/103/65
f 2093/100/65 2077/103/65 2069/113/65
f 2102/52/66 2101/51/66 2103/73/66
f 2102/52/66 2103/73/66 2104/74/66
f 2104/74/67 2103/73/67 2066/75/67
f 2104/74/67 2066/75/67 2065/76/67
f 2104/105/68 2065/78/68 2068/106/68
f 2068/106/68 2070/121/68 2072/122/68
f 2072/122/68 2074/107/68 2076/83/68
f 2076/83/68 2078/108/68 2080/123/68
f 2080/123/68 2082/124/68 2084/109/68
f 2084/109/68 2086/88/68 2088/110/68
f 2088/110/68 2090/125/68 2092/126/68
f 2092/126/68 2094/111/68 2096/93/68
f 2096/93/68 2098/112/68 2100/127/68
f 2100/127/68 2102/128/68 2104/105/68
f 2104/105/68 2068/106/68 2072/122/68
f 2072/122/68 2076/83/68 2080/123/68
f 2080/123/68 2084/109/68 2088/110/68
f 2088/110/68 2092/126/68 2096/93/68
f 2096/93/68 2100/127/68 2104/105/68
f 2104/105/68 2072/122/68 2080/123/68
f 2080/123/68 2088/110/68 2096/93/68
f 2080/123/68 2096/93/68 2104/105/68
f 2105/15/47 2106/16/47 2107/17/47
f 2105/15/47 2107/17/47 2108/18/47
f 2108/18/48 2107/17/48 2109/19/48
f 2108/18/48 2109/19/48 2110/20/48
f 2110/20/49 2109/19/49 2111/21/49
f 2110/20/49 2111/21/49 2112/22/49
f 2112/22/50 2111/21/50 2113/23/50
f 2112/22/50 2113/23/50 2114/24/50
f 2114/24/51 2113/23/51 2115/25/51
f 2114/24/51 2115/25/51 2116/26/51
f 2116/26/52 2115/25/52 2117/27/52
f 2116/26/52 2117/27/52 2118/28/52
f 2118/28/53 2117/27/53 2119/29/53
f 2118/28/53 2119/29/53 2120/30/53
f 2120/30/54 2119/29/54 2121/31/54
f 2120/30/54 2121/31/54 2122/32/54
f 2122/32/55 2121/31/55 2123/33/55
f 2122/32/55 2123/33/55 2124/34/55
f 2124/34/56 2123/33/56 2125/35/56
f 2124/34/56 2125/35/56 2126/36/56
f 2126/36/57 2125/35/57 2127/37/57
f 2126/36/57 2127/37/57 2128/38/57
f 2128/38/58 2127/37/58 2129/39/58
f 2128/38/58 2129/39/58 2130/40/58
f 2130/40/59 2129/39/59 2131/41/59
f 2130/40/59 2131/41/59 2132/42/59
f 2132/42/60 2131/41/60 2133/43/60
f 2132/42/60 2133/43/60 2134/44/60
f 2134/44/61 2133/43/61 2135/45/61
f 2134/44/61 2135/45/61 2136/46/61
f 2136/46/62 2135/45/62 2137/47/62
f 2136/46/62 2137/47/62 2138/48/62
f 2138/48/63 2137/47/63 2139/49/63
f 2138/48/63 2139/49/63 2140/50/63
f 2140/50/64 2139/49/64 2141/51/64
f 2140/50/64 2141/51/64 2142/52/64
f 2109/113/65 2107/97/65 2106/55/65
f 2106/55/65 2143/98/65 2141/114/65
f 2141/114/65 2139/115/65 2137/99/65
f 2137/99/65 2135/60/65 2133/100/65
f 2133/100/65 2131/116/65 2129/117/65
f 2129/117/65 2127/101/65 2125/65/65
f 2125/65/65 2123/102/65 2121/118/65
f 2121/118/65 2119/119/65 2117/103/65
f 2117/103/65 2115/70/65 2113/104/65
f 2113/104/65 2111/120/65 2109/113/65
f 2109/113/65 2106/55/65 2141/114/65
f 2141/114/65 2137/99/65 2133/100/65
f 2133/100/65 2129/117/65 2125/65/65
f 2125/65/65 2121/118/65 2117/103/65
f 2117/103/65 2113/104/65 2109/113/65
f 2109/113/65 2141/114/65 2133/100/65
f 2133/100/65 2125/65/65 2117/103/65
f 2133/100/65 2117/103/65 2109/113/65
f 2142/52/66 2141/51/66 2143/73/66
f 2142/52/66 2143/73/66 2144/74/66
f 2144/74/67 2143/73/67 2106/75/67
f 2144/74/67 2106/75/67 2105/76/67
f 2144/105/68 2105/78/68 2108/106/68
f 2108/106/68 2110/121/68 2112/122/68
f 2112/122/68 2114/107/68 2116/83/68
f 2116/83/68 2118/108/68 2120/123/68
f 2120/123/68 2122/124/68 2124/109/68
f 2124/109/68 2126/88/68 2128/110/68
f 2128/110/68 2130/125/68 2132/126/68
f 2132/126/68 2134/111/68 2136/93/68
f 2136/93/68 2138/112/68 2140/127/68
f 2140/127/68 2142/128/68 2144/105/68
f 2144/105/68 2108/106/68 2112/122/68
f 2112/122/68 2116/83/68 2120/123/68
f 2120/123/68 2124/109/68 2128/110/68
f 2128/110/68 2132/126/68 2136/93/68
f 2136/93/68 2140/127/68 2144/105/68
f 2144/105/68 2112/122/68 2120/123/68
f 2120/123/68 2128/110/68 2136/93/68
f 2120/123/68 2136/93/68 2144/105/68
f 2145/15/69 2146/16/69 2147/17/69
f 2145/15/69 2147/17/69 2148/18/69
f 2148/18/70 2147/17/70 2149/19/70
f 2148/18/70 2149/19/70 2150/20/70
f 2150/20/71 2149/19/71 2151/21/71
f 2150/20/71 2151/21/71 2152/22/71
f 2152/22/50 2151/21/50 2153/23/50
f 2152/22/50 2153/23/50 2154/24/50
f 2154/24/72 2153/23/72 2155/25/72
f 2154/24/72 2155/25/72 2156/26/72
f 2156/26/73 2155/25/73 2157/27/73
f 2156/26/73 2157/27/73 2158/28/73
f 2158/28/53 2157/27/53 2159/29/53
f 2158/28/53 2159/29/53 2160/30/53
f 2160/30/74 2159/29/74 2161/31/74
f 2160/30/74 2161/31/74 2162/32/74
f 2162/32/75 2161/31/75 2163/33/75
f 2162/32/75 2163/33/75 2164/34/75
f 2164/34/76 2163/33/76 2165/35/76
f 2164/34/76 2165/35/76 2166/36/76
f 2166/36/77 2165/35/77 2167/37/77
f 2166/36/77 2167/37/77 2168/38/77
f 2168/38/78 2167/37/78 2169/39/78
f 2168/38/78 2169/39/78 2170/40/78
f 2170/40/79 2169/39/79 2171/41/79
f 2170/40/79 2171/41/79 2172/42/79
f 2172/42/60 2171/41/60 2173/43/60
f 2172/42/60 2173/43/60 2174/44/60
f 2174/44/80 2173/43/80 2175/45/80
f 2174/44/80 2175/45/80 2176/46/80
f 2176/46/81 2175/45/81 2177/47/81
f 2176/46/81 2177/47/81 2178/48/81
f 2178/48/63 2177/47/63 2179/49/63
f 2178/48/63 2179/49/63 2180/50/63
f 2180/50/82 2179/49/82 2181/51/82
f 2180/50/82 2181/51/82 2182/52/82
f 2149/113/83 2147/97/83 2146/55/83
f 2146/55/83 2183/98/83 2181/114/83
f 2181/114/83 2179/115/83 2177/99/83
f 2177/99/83 2175/60/83 2173/100/83
f 2173/100/83 2171/116/83 2169/117/83
f 2169/117/83 2167/101/83 2165/65/83
f 2165/65/83 2163/102/83 2161/118/83
f 2161/118/83 2159/119/83 2157/103/83
f 2157/103/83 2155/70/83 2153/104/83
f 2153/104/83 2151/120/83 2149/113/83
f 2149/113/83 2146/55/83 2181/114/83
f 2181/114/83 2177/99/83 2173/100/83
f 2173/100/83 2169/117/83 2165/65/83
f 2165/65/83 2161/118/83 2157/103/83
f 2157/103/83 2153/104/83 2149/113/83
f 2149/113/83 2181/114/83 2173/100/83
f 2173/100/83 2165/65/83 2157/103/83
f 2173/100/83 2157/103/83 2149/113/83
f 2182/52/84 2181/51/84 2183/73/84
f 2182/52/84 2183/73/84 2184/74/84
f 2184/74/85 2183/73/85 2146/75/85
f 2184/74/85 2146/75/85 2145/76/85
f 2184/105/86 2145/78/86 2148/106/86
f 2148/106/86 2150/121/86 2152/122/86
f 2152/122/86 2154/107/86 2156/83/86
f 2156/83/86 2158/108/86 2160/123/86
f 2160/123/86 2162/124/86 2164/109/86
f 2164/109/86 2166/88/86 2168/110/86
f 2168/110/86 2170/125/86 2172/126/86
f 2172/126/86 2174/111/86 2176/93/86
f 2176/93/86 2178/112/86 2180/127/86
f 2180/127/86 2182/128/86 2184/105/86
f 2184/105/86 2148/106/86 2152/122/86
f 2152/122/86 2156/83/86 2160/123/86
f 2160/123/86 2164/109/86 2168/110/86
f 2168/110/86 2172/126/86 2176/93/86
f 2176/93/86 2180/127/86 2184/105/86
f 2184/105/86 2152/122/86 2160/123/86
f 2160/123/86 2168/110/86 2176/93/86
f 2160/123/86 2176/93/86 2184/105/86
f 2185/15/87 2186/16/87 2187/17/87
f 2185/15/87 2187/17/87 2188/18/87
f 2188/18/88 2187/17/88 2189/19/88
f 2188/18/88 2189/19/88 2190/20/88
f 2190/20/89 2189/19/89 2191/21/89
f 2190/20/89 2191/21/89 2192/22/89
f 2192/22/10 2191/21/10 2193/23/10
f 2192/22/10 2193/23/10 2194/24/10
f 2194/24/90 2193/23/90 2195/25/90
f 2194/24/90 2195/25/90 2196/26/90
f 2196/26/91 2195/25/91 2197/27/91
f 2196/26/91 2197/27/91 2198/28/91
f 2198/28/13 2197/27/13 2199/29/13
f 2198/28/13 2199/29/13 2200/30/13
f 2200/30/92 2199/29/92 2201/31/92
f 2200/30/92 2201/31/92 2202/32/92
f 2202/32/93 2201/31/93 2203/33/93
f 2202/32/93 2203/33/93 2204/34/93
f 2204/34/94 2203/33/94 2205/35/94
f 2204/34/94 2205/35/94 2206/36/94
f 2206/36/95 2205/35/95 2207/37/95
f 2206/36/95 2207/37/95 2208/38/95
f 2208/38/96 2207/37/96 2209/39/96
f 2208/38/96 2209/39/96 2210/40/96
f 2210/40/97 2209/39/97 2211/41/97
f 2210/40/97 2211/41/97 2212/42/97
f 2212/42/20 2211/41/20 2213/43/20
f 2212/42/20 2213/43/20 2214/44/20
f 2214/44/98 2213/43/98 2215/45/98
f 2214/44/98 2215/45/98 2216/46/98
f 2216/46/99 2215/45/99 2217/47/99
f 2216/46/99 2217/47/99 2218/48/99
f 2218/48/23 2217/47/23 2219/49/23
f 2218/48/23 2219/49/23 2220/50/23
f 2220/50/100 2219/49/100 2221/51/100
f 2220/50/100 2221/51/100 2222/52/100
f 2189/113/101 2187/97/101 2186/55/101
f 2186/55/101 2223/98/101 2221/114/101
f 2221/114/101 2219/115/101 2217/99/101
f 2217/99/101 2215/60/101 2213/100/101
f 2213/100/101 2211/116/101 2209/117/101
f 2209/117/101 2207/101/101 2205/65/101
f 2205/65/101 2203/102/101 2201/118/101
f 2201/118/101 2199/119/101 2197/103/101
f 2197/103/101 2195/70/101 2193/104/101
f 2193/104/101 2191/120/101 2189/113/101
f 2189/113/101 2186/55/101 2221/114/101
f 2221/114/101 2217/99/101 2213/100/101
f 2213/100/101 2209/117/101 2205/65/101
f 2205/65/101 2201/118/101 2197/103/101
f 2197/103/101 2193/104/101 2189/113/101
f 2189/113/101 2221/114/101 2213/100/101
f 2213/100/101 2205/65/101 2197/103/101
f 2213/100/101 2197/103/101 2189/113/101
f 2222/52/102 2221/51/102 2223/73/102
f 2222/52/102 2223/73/102 2224/74/102
f 2224/74/103 2223/73/103 2186/75/103
f 2224/74/103 2186/75/103 2185/76/103
f 2224/105/104 2185/78/104 2188/106/104
f 2188/106/104 2190/121/104 2192/122/104
f 2192/122/104 2194/107/104 2196/83/104
f 2196/83/104 2198/108/104 2200/123/104
f 2200/123/104 2202/124/104 2204/109/104
f 2204/109/104 2206/88/104 2208/110/104
f 2208/110/104 2210/125/104 2212/126/104
f 2212/126/104 2214/111/104 2216/93/104
f 2216/93/104 2218/112/104 2220/127/104
f 2220/127/104 2222/128/104 2224/105/104
f 2224/105/104 2188/106/104 2192/122/104
f 2192/122/104 2196/83/104 2200/123/104
f 2200/123/104 2204/109/104 2208/110/104
f 2208/110/104 2212/126/104 2216/93/104
f 2216/93/104 2220/127/104 2224/105/104
f 2224/105/104 2192/122/104 2200/123/104
f 2200/123/104 2208/110/104 2216/93/104
f 2200/123/104 2216/93/104 2224/105/104
f 2225/15/47 2226/16/47 2227/17/47
f 2225/15/47 2227/17/47 2228/18/47
f 2228/18/48 2227/17/48 2229/19/48
f 2228/18/48 2229/19/48 2230/20/48
f 2230/20/49 2229/19/49 2231/21/49
f 2230/20/49 2231/21/49 2232/22/49
f 2232/22/50 2231/21/50 2233/23/50
f 2232/22/50 2233/23/50 2234/24/50
f 2234/24/51 2233/23/51 2235/25/51
f 2234/24/51 2235/25/51 2236/26/51
f 2236/26/52 2235/25/52 2237/27/52
f 2236/26/52 2237/27/52 2238/28/52
f 2238/28/53 2237/27/53 2239/29/53
f 2238/28/53 2239/29/53 2240/30/53
f 2240/30/54 2239/29/54 2241/31/54
f 2240/30/54 2241/31/54 2242/32/54
f 2242/32/55 2241/31/55 2243/33/55
f 2242/32/55 2243/33/55 2244/34/55
f 2244/34/56 2243/33/56 2245/35/56
f 2244/34/56 2245/35/56 2246/36/56
f 2246/36/57 2245/35/57 2247/37/57
f 2246/36/57 2247/37/57 2248/38/57
f 2248/38/58 2247/37/58 2249/39/58
f 2248/38/58 2249/39/58 2250/40/58
f 2250/40/59 2249/39/59 2251/41/59
f 2250/40/59 2251/41/59 2252/42/59
f 2252/42/60 2251/41/60 2253/43/60
f 2252/42/60 2253/43/60 2254/44/60
f 2254/44/61 2253/43/61 2255/45/61
f 2254/44/61 2255/45/61 2256/46/61
f 2256/46/62 2255/45/62 2257/47/62
f 2256/46/62 2257/47/62 2258/48/62
f 2258/48/63 2257/47/63 2259/49/63
f 2258/48/63 2259/49/63 2260/50/63
f 2260/50/64 2259/49/64 2261/51/64
f 2260/50/64 2261/51/64 2262/52/64
f 2229/113/65 2227/97/65 2226/55/65
f 2226/55/65 2263/98/65 2261/114/65
f 2261/114/65 2259/115/65 2257/99/65
f 2257/99/65 2255/60/65 2253/100/65
f 2253/100/65 2251/116/65 2249/117/65
f 2249/117/65 2247/101/65 2245/65/65
f 2245/65/65 2243/102/65 2241/118/65
f 2241/118/65 2239/119/65 2237/103/65
f 2237/103/65 2235/70/65 2233/104/65
f 2233/104/65 2231/120/65 2229/113/65
f 2229/113/65 2226/55/65 2261/114/65
f 2261/114/65 2257/99/65 2253/100/65
f 2253/100/65 2249/117/65 2245/65/65
f 2245/65/65 2241/118/65 2237/103/65
f 2237/103/65 2233/104/65 2229/113/65
f 2229/113/65 2261/114/65 2253/100/65
f 2253/100/65 2245/65/65 2237/103/65
f 2253/100/65 2237/103/65 2229/113/65
f 2262/52/66 2261/51/66 2263/73/66
f 2262/52/66 2263/73/66 2264/74/66
f 2264/74/67 2263/73/67 2226/75/67
f 2264/74/67 2226/75/67 2225/76/67
f 2264/105/68 2225/78/68 2228/106/68
f 2228/106/68 2230/121/68 2232/122/68
f 2232/122/68 2234/107/68 2236/83/68
f 2236/83/68 2238/108/68 2240/123/68
f 2240/123/68 2242/124/68 2244/109/68
f 2244/109/68 2246/88/68 2248/110/68
f 2248/110/68 2250/125/68 2252/126/68
f 2252/126/68 2254/111/68 2256/93/68
f 2256/93/68 2258/112/68 2260/127/68
f 2260/127/68 2262/128/68 2264/105/68
f 2264/105/68 2228/106/68 2232/122/68
f 2232/122/68 2236/83/68 2240/123/68
f 2240/123/68 2244/109/68 2248/110/68
f 2248/110/68 2252/126/68 2256/93/68
f 2256/93/68 2260/127/68 2264/105/68
f 2264/105/68 2232/122/68 2240/123/68
f 2240/123/68 2248/110/68 2256/93/68
f 2240/123/68 2256/93/68 2264/105/68
f 2265/15/47 2266/16/47 2267/17/47
f 2265/15/47 2267/17/47 2268/18/47
f 2268/18/48 2267/17/48 2269/19/48
f 2268/18/48 2269/19/48 2270/20/48
f 2270/20/49 2269/19/49 2271/21/49
f 2270/20/49 2271/21/49 2272/22/49
f 2272/22/50 2271/21/50 2273/23/50
f 2272/22/50 2273/23/50 2274/24/50
f 2274/24/51 2273/23/51 2275/25/51
f 2274/24/51 2275/25/51 2276/26/51
f 2276/26/52 2275/25/52 2277/27/52
f 2276/26/52 2277/27/52 2278/28/52
f 2278/28/53 2277/27/53 2279/29/53
f 2278/28/53 2279/29/53 2280/30/53
f 2280/30/54 2279/29/54 2281/31/54
f 2280/30/54 2281/31/54 2282/32/54
f 2282/32/55 2281/31/55 2283/33/55
f 2282/32/55 2283/33/55 2284/34/55
f 2284/34/56 2283/33/56 2285/35/56
f 2284/34/56 2285/35/56 2286/36/56
f 2286/36/57 2285/35/57 2287/37/57
f 2286/36/57 2287/37/57 2288/38/57
f 2288/38/58 2287/37/58 2289/39/58
f 2288/38/58 2289/39/58 2290/40/58
f 2290/40/59 2289/39/59 2291/41/59
f 2290/40/59 2291/41/59 2292/42/59
f 2292/42/60 2291/41/60 2293/43/60
f 2292/42/60 2293/43/60 2294/44/60
f 2294/44/61 2293/43/61 2295/45/61
f 2294/44/61 2295/45/61 2296/46/61
f 2296/46/62 2295/45/62 2297/47/62
f 2296/46/62 2297/47/62 2298/48/62
f 2298/48/63 2297/47/63 2299/49/63
f 2298/48/63 2299/49/63 2300/50/63
f 2300/50/64 2299/49/64 2301/51/64
f 2300/50/64 2301/51/64 2302/52/64
f 2269/113/65 2267/97/65 2266/55/65
f 2266/55/65 2303/98/65 2301/114/65
f 2301/114/65 2299/115/65 2297/99/65
f 2297/99/65 2295/60/65 2293/100/65
f 2293/100/65 2291/116/65 2289/117/65
f 2289/117/65 2287/101/65 2285/65/65
f 2285/65/65 2283/102/65 2281/118/65
f 2281/118/65 2279/119/65 2277/103/65
f 2277/103/65 2275/70/65 2273/104/65
f 2273/104/65 2271/120/65 2269/113/65
f 2269/113/65 2266/55/65 2301/114/65
f 2301/114/65 2297/99/65 2293/100/65
f 2293/100/65 2289/117/65 2285/65/65
f 2285/65/65 2281/118/65 2277/103/65
f 2277/103/65 2273/104/65 2269/113/65
f 2269/113/65 2301/114/65 2293/100/65
f 2293/100/65 2285/65/65 2277/103/65
f 2293/100/65 2277/103/65 2269/113/65
f 2302/52/66 2301/51/66 2303/73/66
f 2302/52/66 2303/73/66 2304/74/66
f 2304/74/67 2303/73/67 2266/75/67
f 2304/74/67 2266/75/67 2265/76/67
f 2304/105/68 2265/78/68 2268/106/68
f 2268/106/68 2270/121/68 2272/122/68
f 2272/122/68 2274/107/68 2276/83/68
f 2276/83/68 2278/108/68 2280/123/68
f 2280/123/68 2282/124/68 2284/109/68
f 2284/109/68 2286/88/68 2288/110/68
f 2288/110/68 2290/125/68 2292/126/68
f 2292/126/68 2294/111/68 2296/93/68
f 2296/93/68 2298/112/68 2300/127/68
f 2300/127/68 2302/128/68 2304/105/68
f 2304/105/68 2268/106/68 2272/122/68
f 2272/122/68 2276/83/68 2280/123/68
f 2280/123/68 2284/109/68 2288/110/68
f 2288/110/68 2292/126/68 2296/93/68
f 2296/93/68 2300/127/68 2304/105/68
f 2304/105/68 2272/122/68 2280/123/68
f 2280/123/68 2288/110/68 2296/93/68
f 2280/123/68 2296/93/68 2304/105/68
f 2305/15/47 2306/16/47 2307/17/47
f 2305/15/47 2307/17/47 2308/18/47
f 2308/18/48 2307/17/48 2309/19/48
f 2308/18/48 2309/19/48 2310/20/48
f 2310/20/49 2309/19/49 2311/21/49
f 2310/20/49 2311/21/49 2312/22/49
f 2312/22/50 2311/21/50 2313/23/50
f 2312/22/50 2313/23/50 2314/24/50
f 2314/24/51 2313/23/51 2315/25/51
f 2314/24/51 2315/25/51 2316/26/51
f 2316/26/52 2315/25/52 2317/27/52
f 2316/26/52 2317/27/52 2318/28/52
f 2318/28/53 2317/27/53 2319/29/53
f 2318/28/53 2319/29/53 2320/30/53
f 2320/30/54 2319/29/54 2321/31/54
f 2320/30/54 2321/31/54 2322/32/54
f 2322/32/55 2321/31/55 2323/33/55
f 2322/32/55 2323/33/55 2324/34/55
f 2324/34/56 2323/33/56 2325/35/56
f 2324/34/56 2325/35/56 2326/36/56
f 2326/36/57 2325/35/57 2327/37/57
f 2326/36/57 2327/37/57 2328/38/57
f 2328/38/58 2327/37/58 2329/39/58
f 2328/38/58 2329/39/58 2330/40/58
f 2330/40/59 2329/39/59 2331/41/59
f 2330/40/59 2331/41/59 2332/42/59
f 2332/42/60 2331/41/60 2333/43/60
f 2332/42/60 2333/43/60 2334/44/60
f 2334/44/61 2333/43/61 2335/45/61
f 2334/44/61 2335/45/61 2336/46/61
f 2336/46/62 2335/45/62 2337/47/62
f 2336/46/62 2337/47/62 2338/48/62
f 2338/48/63 2337/47/63 2339/49/63
f 2338/48/63 2339/49/63 2340/50/63
f 2340/50/64 2339/49/64 2341/51/64
f 2340/50/64 2341/51/64 2342/52/64
f 2309/113/65 2307/97/65 2306/55/65
f 2306/55/65 2343/98/65 2341/114/65
f 2341/114/65 2339/115/65 2337/99/65
f 2337/99/65 2335/60/65 2333/100/65
f 2333/100/65 2331/116/65 2329/117/65
f 2329/117/65 2327/101/65 2325/65/65
f 2325/65/65 2323/102/65 2321/118/65
f 2321/118/65 2319/119/65 2317/103/65
f 2317/103/65 2315/70/65 2313/104/65
f 2313/104/65 2311/120/65 2309/113/65
f 2309/113/65 2306/55/65 2341/114/65
f 2341/114/65 2337/99/65 2333/100/65
f 2333/100/65 2329/117/65 2325/65/65
f 2325/65/65 2321/118/65 2317/103/65
f 2317/103/65 2313/104/65 2309/113/65
f 2309/113/65 2341/114/65 2333/100/65
f 2333/100/65 2325/65/65 2317/103/65
f 2333/100/65 2317/103/65 2309/113/65
f 2342/52/66 2341/51/66 2343/73/66
f 2342/52/66 2343/73/66 2344/74/66
f 2344/74/67 2343/73/67 2306/75/67
f 2344/74/67 2306/75/67 2305/76/67
f 2344/105/68 2305/78/68 2308/106/68
f 2308/106/68 2310/121/68 2312/122/68
f 2312/122/68 2314/107/68 2316/83/68
f 2316/83/68 2318/108/68 2320/123/68
f 2320/123/68 2322/124/68 2324/109/68
f 2324/109/68 2326/88/68 2328/110/68
f 2328/110/68 2330/125/68 2332/126/68
f 2332/126/68 2334/111/68 2336/93/68
f 2336/93/68 2338/112/68 2340/127/68
f 2340/127/68 2342/128/68 2344/105/68
f 2344/105/68 2308/106/68 2312/122/68
f 2312/122/68 2316/83/68 2320/123/68
f 2320/123/68 2324/109/68 2328/110/68
f 2328/110/68 2332/126/68 2336/93/68
f 2336/93/68 2340/127/68 2344/105/68
f 2344/105/68 2312/122/68 2320/123/68
f 2320/123/68 2328/110/68 2336/93/68
f 2320/123/68 2336/93/68 2344/105/68
f 2345/15/69 2346/16/69 2347/17/69
f 2345/15/69 2347/17/69 2348/18/69
f 2348/18/70 2347/17/70 2349/19/70
f 2348/18/70 2349/19/70 2350/20/70
f 2350/20/71 2349/19/71 2351/21/71
f 2350/20/71 2351/21/71 2352/22/71
f 2352/22/50 2351/21/50 2353/23/50
f 2352/22/50 2353/23/50 2354/24/50
f 2354/24/72 2353/23/72 2355/25/72
f 2354/24/72 2355/25/72 2356/26/72
f 2356/26/73 2355/25/73 2357/27/73
f 2356/26/73 2357/27/73 2358/28/73
f 2358/28/53 2357/27/53 2359/29/53
f 2358/28/53 2359/29/53 2360/30/53
f 2360/30/74 2359/29/74 2361/31/74
f 2360/30/74 2361/31/74 2362/32/74
f 2362/32/75 2361/31/75 2363/33/75
f 2362/32/75 2363/33/75 2364/34/75
f 2364/34/76 2363/33/76 2365/35/76
f 2364/34/76 2365/35/76 2366/36/76
f 2366/36/77 2365/35/77 2367/37/77
f 2366/36/77 2367/37/77 2368/38/77
f 2368/38/78 2367/37/78 2369/39/78
f 2368/38/78 2369/39/78 2370/40/78
f 2370/40/79 2369/39/79 2371/41/79
f 2370/40/79 2371/41/79 2372/42/79
f 2372/42/60 2371/41/60 2373/43/60
f 2372/42/60 2373/43/60 2374/44/60
f 2374/44/80 2373/43/80 2375/45/80
f 2374/44/80 2375/45/80 2376/46/80
f 2376/46/81 2375/45/81 2377/47/81
f 2376/46/81 2377/47/81 2378/48/81
f 2378/48/63 2377/47/63 2379/49/63
f 2378/48/63 2379/49/63 2380/50/63
f 2380/50/82 2379/49/82 2381/51/82
f 2380/50/82 2381/51/82 2382/52/82
f 2349/113/83 2347/97/83 2346/55/83
f 2346/55/83 2383/98/83 2381/114/83
f 2381/114/83 2379/115/83 2377/99/83
f 2377/99/83 2375/60/83 2373/100/83
f 2373/100/83 2371/116/83 2369/117/83
f 2369/117/83 2367/101/83 2365/65/83
f 2365/65/83 2363/102/83 2361/118/83
f 2361/118/83 2359/119/83 2357/103/83
f 2357/103/83 2355/70/83 2353/104/83
f 2353/104/83 2351/120/83 2349/113/83
f 2349/113/83 2346/55/83 2381/114/83
f 2381/114/83 2377/99/83 2373/100/83
f 2373/100/83 2369/117/83 2365/65/83
f 2365/65/83 2361/118/83 2357/103/83
f 2357/103/83 2353/104/83 2349/113/83
f 2349/113/83 2381/114/83 2373/100/83
f 2373/100/83 2365/65/83 2357/103/83
f 2373/100/83 2357/103/83 2349/113/83
f 2382/52/84 2381/51/84 2383/73/84
f 2382/52/84 2383/73/84 2384/74/84
f 2384/74/85 2383/73/85 2346/75/85
f 2384/74/85 2346/75/85 2345/76/85
f 2384/105/86 2345/78/86 2348/106/86
f 2348/106/86 2350/121/86 2352/122/86
f 2352/122/86 2354/107/86 2356/83/86
f 2356/83/86 2358/108/86 2360/123/86
f 2360/123/86 2362/124/86 2364/109/86
f 2364/109/86 2366/88/86 2368/110/86
f 2368/110/86 2370/125/86 2372/126/86
f 2372/126/86 2374/111/86 2376/93/86
f 2376/93/86 2378/112/86 2380/127/86
f 2380/127/86 2382/128/86 2384/105/86
f 2384/105/86 2348/106/86 2352/122/86
f 2352/122/86 2356/83/86 2360/123/86
f 2360/123/86 2364/109/86 2368/110/86
f 2368/110/86 2372/126/86 2376/93/86
f 2376/93/86 2380/127/86 2384/105/86
f 2384/105/86 2352/122/86 2360/123/86
f 2360/123/86 2368/110/86 2376/93/86
f 2360/123/86 2376/93/86 2384/105/86
f 2385/15/87 2386/16/87 2387/17/87
f 2385/15/87 2387/17/87 2388/18/87
f 2388/18/88 2387/17/88 2389/19/88
f 2388/18/88 2389/19/88 2390/20/88
f 2390/20/89 2389/19/89 2391/21/89
f 2390/20/89 2391/21/89 2392/22/89
f 2392/22/10 2391/21/10 2393/23/10
f 2392/22/10 2393/23/10 2394/24/10
f 2394/24/90 2393/23/90 2395/25/90
f 2394/24/90 2395/25/90 2396/26/90
f 2396/26/91 2395/25/91 2397/27/91
f 2396/26/91 2397/27/91 2398/28/91
f 2398/28/13 2397/27/13 2399/29/13
f 2398/28/13 2399/29/13 2400/30/13
f 2400/30/92 2399/29/92 2401/31/92
f 2400/30/92 2401/31/92 2402/32/92
f 2402/32/93 2401/31/93 2403/33/93
f 2402/32/93 2403/33/93 2404/34/93
f 2404/34/94 2403/33/94 2405/35/94
f 2404/34/94 2405/35/94 2406/36/94
f 2406/36/95 2405/35/95 2407/37/95
f 2406/36/95 2407/37/95 2408/38/95
f 2408/38/96 2407/37/96 2409/39/96
f 2408/38/96 2409/39/96 2410/40/96
f 2410/40/97 2409/39/97 2411/41/97
f 2410/40/97 2411/41/97 2412/42/97
f 2412/42/20 2411/41/20 2413/43/20
f 2412/42/20 2413/43/20 2414/44/20
f 2414/44/98 2413/43/98 2415/45/98
f 2414/44/98 2415/45/98 2416/46/98
f 2416/46/99 2415/45/99 2417/47/99
f 2416/46/99 2417/47/99 2418/48/99
f 2418/48/23 2417/47/23 2419/49/23
f 2418/48/23 2419/49/23 2420/50/23
f 2420/50/100 2419/49/100 2421/51/100
f 2420/50/100 2421/51/100 2422/52/100
f 2389/113/101 2387/97/101 2386/55/101
f 2386/55/101 2423/98/101 2421/114/101
f 2421/114/101 2419/115/101 2417/99/101
f 2417/99/101 2415/60/101 2413/100/101
f 2413/100/101 2411/116/101 2409/117/101
f 2409/117/101 2407/101/101 2405/65/101
f 2405/65/101 2403/102/101 2401/118/101
f 2401/118/101 2399/119/101 2397/103/101
f 2397/103/101 2395/70/101 2393/104/101
f 2393/104/101 2391/120/101 2389/113/101
f 2389/113/101 2386/55/101 2421/114/101
f 2421/114/101 2417/99/101 2413/100/101
f 2413/100/101 2409/117/101 2405/65/101
f 2405/65/101 2401/118/101 2397/103/101
f 2397/103/101 2393/104/101 2389/113/101
f 2389/113/101 2421/114/101 2413/100/101
f 2413/100/101 2405/65/101 2397/103/101
f 2413/100/101 2397/103/101 2389/113/101
f 2422/52/102 2421/51/102 2423/73/102
f 2422/52/102 2423/73/102 2424/74/102
f 2424/74/103 2423/73/103 2386/75/103
f 2424/74/103 2386/75/103 2385/76/103
f 2424/105/104 2385/78/104 2388/106/104
f 2388/106/104 2390/121/104 2392/122/104
f 2392/122/104 2394/107/104 2396/83/104
f 2396/83/104 2398/108/104 2400/123/104
f 2400/123/104 2402/124/104 2404/109/104
f 2404/109/104 2406/88/104 2408/110/104
f 2408/110/104 2410/125/104 2412/126/104
f 2412/126/104 2414/111/104 2416/93/104
f 2416/93/104 2418/112/104 2420/127/104
f 2420/127/104 2422/128/104 2424/105/104
f 2424/105/104 2388/106/104 2392/122/104
f 2392/122/104 2396/83/104 2400/123/104
f 2400/123/104 2404/109/104 2408/110/104
f 2408/110/104 2412/126/104 2416/93/104
f 2416/93/104 2420/127/104 2424/105/104
f 2424/105/104 2392/122/104 2400/123/104
f 2400/123/104 2408/110/104 2416/93/104
f 2400/123/104 2416/93/104 2424/105/104
f 1225/15/47 1226/16/47 1227/17/47
f 1225/15/47 1227/17/47 1228/18/47
f 1228/18/48 1227/17/48 1229/19/48
f 1228/18/48 1229/19/48 1230/20/48
f 1230/20/49 1229/19/49 1231/21/49
f 1230/20/49 1231/21/49 1232/22/49
f 1232/22/50 1231/21/50 1233/23/50
f 1232/22/50 1233/23/50 1234/24/50
f 1234/24/51 1233/23/51 1235/25/51
f 1234/24/51 1235/25/51 1236/26/51
f 1236/26/52 1235/25/52 1237/27/52
f 1236/26/52 1237/27/52 1238/28/52
f 1238/28/53 1237/27/53 1239/29/53
f 1238/28/53 1239/29/53 1240/30/53
f 1240/30/54 1239/29/54 1241/31/54
f 1240/30/54 1241/31/54 1242/32/54
f 1242/32/55 1241/31/55 1243/33/55
f 1242/32/55 1243/33/55 1244/34/55
f 1244/34/56 1243/33/56 1245/35/56
f 1244/34/56 1245/35/56 1246/36/56
f 1246/36/57 1245/35/57 1247/37/57
f 1246/36/57 1247/37/57 1248/38/57
f 1248/38/58 1247/37/58 1249/39/58
f 1248/38/58 1249/39/58 1250/40/58
f 1250/40/59 1249/39/59 1251/41/59
f 1250/40/59 1251/41/59 1252/42/59
f 1252/42/60 1251/41/60 1253/43/60
f 1252/42/60 1253/43/60 1254/44/60
f 1254/44/61 1253/43/61 1255/45/61
f 1254/44/61 1255/45/61 1256/46/61
f 1256/46/62 1255/45/62 1257/47/62
f 1256/46/62 1257/47/62 1258/48/62
f 1258/48/63 1257/47/63 1259/49/63
f 1258/48/63 1259/49/63 1260/50/63
f 1260/50/64 1259/49/64 1261/51/64
f 1260/50/64 1261/51/64 1262/52/64
f 1229/113/65 1227/97/65 1226/55/65
f 1226/55/65 1263/98/65 1261/114/65
f 1261/114/65 1259/115/65 1257/99/65
f 1257/99/65 1255/60/65 1253/100/65
f 1253/100/65 1251/116/65 1249/117/65
f 1249/117/65 1247/101/65 1245/65/65
f 1245/65/65 1243/102/65 1241/118/65
f 1241/118/65 1239/119/65 1237/103/65
f 1237/103/65 1235/70/65 1233/104/65
f 1233/104/65 1231/120/65 1229/113/65
f 1229/113/65 1226/55/65 1261/114/65
f 1261/114/65 1257/99/65 1253/100/65
f 1253/100/65 1249/117/65 1245/65/65
f 1245/65/65 1241/118/65 1237/103/65
f 1237/103/65 1233/104/65 1229/113/65
f 1229/113/65 1261/114/65 1253/100/65
f 1253/100/65 1245/65/65 1237/103/65
f 1253/100/65 1237/103/65 1229/113/65
f 1262/52/66 1261/51/66 1263/73/66
f 1262/52/66 1263/73/66 1264/74/66
f 1264/74/67 1263/73/67 1226/75/67
f 1264/74/67 1226/75/67 1225/76/67
f 1264/105/68 1225/78/68 1228/106/68
f 1228/106/68 1230/121/68 1232/122/68
f 1232/122/68 1234/107/68 1236/83/68
f 1236/83/68 1238/108/68 1240/123/68
f 1240/123/68 1242/124/68 1244/109/68
f 1244/109/68 1246/88/68 1248/110/68
f 1248/110/68 1250/125/68 1252/126/68
f 1252/126/68 1254/111/68 1256/93/68
f 1256/93/68 1258/112/68 1260/127/68
f 1260/127/68 1262/128/68 1264/105/68
f 1264/105/68 1228/106/68 1232/122/68
f 1232/122/68 1236/83/68 1240/123/68
f 1240/123/68 1244/109/68 1248/110/68
f 1248/110/68 1252/126/68 1256/93/68
f 1256/93/68 1260/127/68 1264/105/68
f 1264/105/68 1232/122/68 1240/123/68
f 1240/123/68 1248/110/68 1256/93/68
f 1240/123/68 1256/93/68 1264/105/68
f 1265/15/47 1266/16/47 1267/17/47
f 1265/15/47 1267/17/47 1268/18/47
f 1268/18/48 1267/17/48 1269/19/48
f 1268/18/48 1269/19/48 1270/20/48
f 1270/20/49 1269/19/49 1271/21/49
f 1270/20/49 1271/21/49 1272/22/49
f 1272/22/50 1271/21/50 1273/23/50
f 1272/22/50 1273/23/50 1274/24/50
f 1274/24/51 1273/23/51 1275/25/51
f 1274/24/51 1275/25/51 1276/26/51
f 1276/26/52 1275/25/52 1277/27/52
f 1276/26/52 1277/27/52 1278/28/52
f 1278/28/53 1277/27/53 1279/29/53
f 1278/28/53 1279/29/53 1280/30/53
f 1280/30/54 1279/29/54 1281/31/54
f 1280/30/54 1281/31/54 1282/32/54
f 1282/32/55 1281/31/55 1283/33/55
f 1282/32/55 1283/33/55 1284/34/55
f 1284/34/56 1283/33/56 1285/35/56
f 1284/34/56 1285/35/56 1286/36/56
f 1286/36/57 1285/35/57 1287/37/57
f 1286/36/57 1287/37/57 1288/38/57
f 1288/38/58 1287/37/58 1289/39/58
f 1288/38/58 1289/39/58 1290/40/58
f 1290/40/59 1289/39/59 1291/41/59
f 1290/40/59 1291/41/59 1292/42/59
f 1292/42/60 1291/41/60 1293/43/60
f 1292/42/60 1293/43/60 1294/44/60
f 1294/44/61 1293/43/61 1295/45/61
f 1294/44/61 1295/45/61 1296/46/61
f 1296/46/62 1295/45/62 1297/47/62
f 1296/46/62 1297/47/62 1298/48/62
f 1298/48/63 1297/47/63 1299/49/63
f 1298/48/63 1299/49/63 1300/50/63
f 1300/50/64 1299/49/64 1301/51/64
f 1300/50/64 1301/51/64 1302/52/64
f 1269/113/65 1267/97/65 1266/55/65
f 1266/55/65 1303/98/65 1301/114/65
f 1301/114/65 1299/115/65 1297/99/65
f 1297/99/65 1295/60/65 1293/100/65
f 1293/100/65 1291/116/65 1289/117/65
f 1289/117/65 1287/101/65 1285/65/65
f 1285/65/65 1283/102/65 1281/118/65
f 1281/118/65 1279/119/65 1277/103/65
f 1277/103/65 1275/70/65 1273/104/65
f 1273/104/65 1271/120/65 1269/113/65
f 1269/113/65 1266/55/65 1301/114/65
f 1301/114/65 1297/99/65 1293/100/65
f 1293/100/65 1289/117/65 1285/65/65
f 1285/65/65 1281/118/65 1277/103/65
f 1277/103/65 1273/104/65 1269/113/65
f 1269/113/65 1301/114/65 1293/100/65
f 1293/100/65 1285/65/65 1277/103/65
f 1293/100/65 1277/103/65 1269/113/65
f 1302/52/66 1301/51/66 1303/73/66
f 1302/52/66 1303/73/66 1304/74/66
f 1304/74/67 1303/73/67 1266/75/67
f 1304/74/67 1266/75/67 1265/76/67
f 1304/105/68 1265/78/68 1268/106/68
f 1268/106/68 1270/121/68 1272/122/68
f 1272/122/68 1274/107/68 1276/83/68
f 1276/83/68 1278/108/68 1280/123/68
f 1280/123/68 1282/124/68 1284/109/68
f 1284/109/68 1286/88/68 1288/110/68
f 1288/110/68 1290/125/68 1292/126/68
f 1292/126/68 1294/111/68 1296/93/68
f 1296/93/68 1298/112/68 1300/127/68
f 1300/127/68 1302/128/68 1304/105/68
f 1304/105/68 1268/106/68 1272/122/68
f 1272/122/68 1276/83/68 1280/123/68
f 1280/123/68 1284/109/68 1288/110/68
f 1288/110/68 1292/126/68 1296/93/68
f 1296/93/68 1300/127/68 1304/105/68
f 1304/105/68 1272/122/68 1280/123/68
f 1280/123/68 1288/110/68 1296/93/68
f 1280/123/68 1296/93/68 1304/105/68
f 1305/15/47 1306/16/47 1307/17/47
f 1305/15/47 1307/17/47 1308/18/47
f 1308/18/48 1307/17/48 1309/19/48
f 1308/18/48 1309/19/48 1310/20/48
f 1310/20/49 1309/19/49 1311/21/49
f 1310/20/49 1311/21/49 1312/22/49
f 1312/22/50 1311/21/50 1313/23/50
f 1312/22/50 1313/23/50 1314/24/50
f 1314/24/51 1313/23/51 1315/25/51
f 1314/24/51 1315/25/51 1316/26/51
f 1316/26/52 1315/25/52 1317/27/52
f 1316/26/52 1317/27/52 1318/28/52
f 1318/28/53 1317/27/53 1319/29/53
f 1318/28/53 1319/29/53 1320/30/53
f 1320/30/54 1319/29/54 1321/31/54
f 1320/30/54 1321/31/54 1322/32/54
f 1322/32/55 1321/31/55 1323/33/55
f 1322/32/55 1323/33/55 1324/34/55
f 1324/34/56 1323/33/56 1325/35/56
f 1324/34/56 1325/35/56 1326/36/56
f 1326/36/57 1325/35/57 1327/37/57
f 1326/36/57 1327/37/57 1328/38/57
f 1328/38/58 1327/37/58 1329/39/58
f 1328/38/58 1329/39/58 1330/40/58
f 1330/40/59 1329/39/59 1331/41/59
f 1330/40/59 1331/41/59 1332/42/59
f 1332/42/60 1331/41/60 1333/43/60
f 1332/42/60 1333/43/60 1334/44/60
f 1334/44/61 1333/43/61 1335/45/61
f 1334/44/61 1335/45/61 1336/46/61
f 1336/46/62 1335/45/62 1337/47/62
f 1336/46/62 1337/47/62 1338/48/62
f 1338/48/63 1337/47/63 1339/49/63
f 1338/48/63 1339/49/63 1340/50/63
f 1340/50/64 1339/49/64 1341/51/64
f 1340/50/64 1341/51/64 1342/52/64
f 1309/113/65 1307/97/65 1306/55/65
f 1306/55/65 1343/98/65 1341/114/65
f 1341/114/65 1339/115/65 1337/99/65
f 1337/99/65 1335/60/65 1333/100/65
f 1333/100/65 1331/116/65 1329/117/65
f 1329/117/65 1327/101/65 1325/65/65
f 1325/65/65 1323/102/65 1321/118/65
f 1321/118/65 1319/119/65 1317/103/65
f 1317/103/65 1315/70/65 1313/104/65
f 1313/104/65 1311/120/65 1309/113/65
f 1309/113/65 1306/55/65 1341/114/65
f 1341/114/65 1337/99/65 1333/100/65
f 1333/100/65 1329/117/65 1325/65/65
f 1325/65/65 1321/118/65 1317/103/65
f 1317/103/65 1313/104/65 1309/113/65
f 1309/113/65 1341/114/65 1333/100/65
f 1333/100/65 1325/65/65 1317/103/65
f 1333/100/65 1317/103/65 1309/113/65
f 1342/52/66 1341/51/66 1343/73/66
f 1342/52/66 1343/73/66 1344/74/66
f 1344/74/67 1343/73/67 1306/75/67
f 1344/74/67 1306/75/67 1305/76/67
f 1344/105/68 1305/78/68 1308/106/68
f 1308/106/68 1310/121/68 1312/122/68
f 1312/122/68 1314/107/68 1316/83/68
f 1316/83/68 1318/108/68 1320/123/68
f 1320/123/68 1322/124/68 1324/109/68
f 1324/109/68 1326/88/68 1328/110/68
f 1328/110/68 1330/125/68 1332/126/68
f 1332/126/68 1334/111/68 1336/93/68
f 1336/93/68 1338/112/68 1340/127/68
f 1340/127/68 1342/128/68 1344/105/68
f 1344/105/68 1308/106/68 1312/122/68
f 1312/122/68 1316/83/68 1320/123/68
f 1320/123/68 1324/109/68 1328/110/68
f 1328/110/68 1332/126/68 1336/93/68
f 1336/93/68 1340/127/68 1344/105/68
f 1344/105/68 1312/122/68 1320/123/68
f 1320/123/68 1328/110/68 1336/93/68
f 1320/123/68 1336/93/68 1344/105/68
f 1345/15/69 1346/16/69 1347/17/69
f 1345/15/69 1347/17/69 1348/18/69
f 1348/18/70 1347/17/70 1349/19/70
f 1348/18/70 1349/19/70 1350/20/70
f 1350/20/71 1349/19/71 1351/21/71
f 1350/20/71 1351/21/71 1352/22/71
f 1352/22/50 1351/21/50 1353/23/50
f 1352/22/50 1353/23/50 1354/24/50
f 1354/24/72 1353/23/72 1355/25/72
f 1354/24/72 1355/25/72 1356/26/72
f 1356/26/73 1355/25/73 1357/27/73
f 1356/26/73 1357/27/73 1358/28/73
f 1358/28/53 1357/27/53 1359/29/53
f 1358/28/53 1359/29/53 1360/30/53
f 1360/30/74 1359/29/74 1361/31/74
f 1360/30/74 1361/31/74 1362/32/74
f 1362/32/75 1361/31/75 1363/33/75
f 1362/32/75 1363/33/75 1364/34/75
f 1364/34/76 1363/33/76 1365/35/76
f 1364/34/76 1365/35/76 1366/36/76
f 1366/36/77 1365/35/77 1367/37/77
f 1366/36/77 1367/37/77 1368/38/77
f 1368/38/78 1367/37/78 1369/39/78
f 1368/38/78 1369/39/78 1370/40/78
f 1370/40/79 1369/39/79 1371/41/79
f 1370/40/79 1371/41/79 1372/42/79
f 1372/42/60 1371/41/60 1373/43/60
f 1372/42/60 1373/43/60 1374/44/60
f 1374/44/80 1373/43/80 1375/45/80
f 1374/44/80 1375/45/80 1376/46/80
f 1376/46/81 1375/45/81 1377/47/81
f 1376/46/81 1377/47/81 1378/48/81
f 1378/48/63 1377/47/63 1379/49/63
f 1378/48/63 1379/49/63 1380/50/63
f 1380/50/82 1379/49/82 1381/51/82
f 1380/50/82 1381/51/82 1382/52/82
f 1349/113/83 1347/97/83 1346/55/83
f 1346/55/83 1383/98/83 1381/114/83
f 1381/114/83 1379/115/83 1377/99/83
f 1377/99/83 1375/60/83 1373/100/83
f 1373/100/83 1371/116/83 1369/117/83
f 1369/117/83 1367/101/83 1365/65/83
f 1365/65/83 1363/102/83 1361/118/83
f 1361/118/83 1359/119/83 1357/103/83
f 1357/103/83 1355/70/83 1353/104/83
f 1353/104/83 1351/120/83 1349/113/83
f 1349/113/83 1346/55/83 1381/114/83
f 1381/114/83 1377/99/83 1373/100/83
f 1373/100/83 1369/117/83 1365/65/83
f 1365/65/83 1361/118/83 1357/103/83
f 1357/103/83 1353/104/83 1349/113/83
f 1349/113/83 1381/114/83 1373/100/83
f 1373/100/83 1365/65/83 1357/103/83
f 1373/100/83 1357/103/83 1349/113/83
f 1382/52/84 1381/51/84 1383/73/84
f 1382/52/84 1383/73/84 1384/74/84
f 1384/74/85 1383/73/85 1346/75/85
f 1384/74/85 1346/75/85 1345/76/85
f 1384/105/86 1345/78/86 1348/106/86
f 1348/106/86 1350/121/86 1352/122/86
f 1352/122/86 1354/107/86 1356/83/86
f 1356/83/86 1358/108/86 1360/123/86
f 1360/123/86 1362/124/86 1364/109/86
f 1364/109/86 1366/88/86 1368/110/86
f 1368/110/86 1370/125/86 1372/126/86
f 1372/126/86 1374/111/86 1376/93/86
f 1376/93/86 1378/112/86 1380/127/86
f 1380/127/86 1382/128/86 1384/105/86
f 1384/105/86 1348/106/86 1352/122/86
f 1352/122/86 1356/83/86 1360/123/86
f 1360/123/86 1364/109/86 1368/110/86
f 1368/110/86 1372/126/86 1376/93/86
f 1376/93/86 1380/127/86 1384/105/86
f 1384/105/86 1352/122/86 1360/123/86
f 1360/123/86 1368/110/86 1376/93/86
f 1360/123/86 1376/93/86 1384/105/86
f 1385/15/87 1386/16/87 1387/17/87
f 1385/15/87 1387/17/87 1388/18/87
f 1388/18/88 1387/17/88 1389/19/88
f 1388/18/88 1389/19/88 1390/20/88
f 1390/20/89 1389/19/89 1391/21/89
f 1390/20/89 1391/21/89 1392/22/89
f 1392/22/10 1391/21/10 1393/23/10
f 1392/22/10 1393/23/10 1394/24/10
f 1394/24/90 1393/23/90 1395/25/90
f 1394/24/90 1395/25/90 1396/26/90
f 1396/26/91 1395/25/91 1397/27/91
f 1396/26/91 1397/27/91 1398/28/91
f 1398/28/13 1397/27/13 1399/29/13
f 1398/28/13 1399/29/13 1400/30/13
f 1400/30/92 1399/29/92 1401/31/92
f 1400/30/92 1401/31/92 1402/32/92
f 1402/32/93 1401/31/93 1403/33/93
f 1402/32/93 1403/33/93 1404/34/93
f 1404/34/94 1403/33/94 1405/35/94
f 1404/34/94 1405/35/94 1406/36/94
f 1406/36/95 1405/35/95 1407/37/95
f 1406/36/95 1407/37/95 1408/38/95
f 1408/38/96 1407/37/96 1409/39/96
f 1408/38/96 1409/39/96 1410/40/96
f 1410/40/97 1409/39/97 1411/41/97
f 1410/40/97 1411/41/97 1412/42/97
f 1412/42/20 1411/41/20 1413/43/20
f 1412/42/20 1413/43/20 1414/44/20
f 1414/44/98 1413/43/98 1415/45/98
f 1414/44/98 1415/45/98 1416/46/98
f 1416/46/99 1415/45/99 1417/47/99
f 1416/46/99 1417/47/99 1418/48/99
f 1418/48/23 1417/47/23 1419/49/23
f 1418/48/23 1419/49/23 1420/50/23
f 1420/50/100 1419/49/100 1421/51/100
f 1420/50/100 1421/51/100 1422/52/100
f 1389/113/101 1387/97/101 1386/55/101
f 1386/55/101 1423/98/101 1421/114/101
f 1421/114/101 1419/115/101 1417/99/101
f 1417/99/101 1415/60/101 1413/100/101
f 1413/100/101 1411/116/101 1409/117/101
f 1409/117/101 1407/101/101 1405/65/101
f 1405/65/101 1403/102/101 1401/118/101
f 1401/118/101 1399/119/101 1397/103/101
f 1397/103/101 1395/70/101 1393/104/101
f 1393/104/101 1391/120/101 1389/113/101
f 1389/113/101 1386/55/101 1421/114/101
f 1421/114/101 1417/99/101 1413/100/101
f 1413/100/101 1409/117/101 1405/65/101
f 1405/65/101 1401/118/101 1397/103/101
f 1397/103/101 1393/104/101 1389/113/101
f 1389/113/101 1421/114/101 1413/100/101
f 1413/100/101 1405/65/101 1397/103/101
f 1413/100/101 1397/103/101 1389/113/101
f 1422/52/102 1421/51/102 1423/73/102
f 1422/52/102 1423/73/102 1424/74/102
f 1424/74/103 1423/73/103 1386/75/103
f 1424/74/103 1386/75/103 1385/76/103
f 1424/105/104 1385/78/104 1388/106/104
f 1388/106/104 1390/121/104 1392/122/104
f 1392/122/104 1394/107/104 1396/83/104
f 1396/83/104 1398/108/104 1400/123/104
f 1400/123/104 1402/124/104 1404/109/104
f 1404/109/104 1406/88/104 1408/110/104
f 1408/110/104 1410/125/104 1412/126/104
f 1412/126/104 1414/111/104 1416/93/104
f 1416/93/104 1418/112/104 1420/127/104
f 1420/127/104 1422/128/104 1424/105/104
f 1424/105/104 1388/106/104 1392/122/104
f 1392/122/104 1396/83/104 1400/123/104
f 1400/123/104 1404/109/104 1408/110/104
f 1408/110/104 1412/126/104 1416/93/104
f 1416/93/104 1420/127/104 1424/105/104
f 1424/105/104 1392/122/104 1400/123/104
f 1400/123/104 1408/110/104 1416/93/104
f 1400/123/104 1416/93/104 1424/105/104
f 1425/15/47 1426/16/47 1427/17/47
f 1425/15/47 1427/17/47 1428/18/47
f 1428/18/48 1427/17/48 1429/19/48
f 1428/18/48 1429/19/48 1430/20/48
f 1430/20/49 1429/19/49 1431/21/49
f 1430/20/49 1431/21/49 1432/22/49
f 1432/22/50 1431/21/50 1433/23/50
f 1432/22/50 1433/23/50 1434/24/50
f 1434/24/51 1433/23/51 1435/25/51
f 1434/24/51 1435/25/51 1436/26/51
f 1436/26/52 1435/25/52 1437/27/52
f 1436/26/52 1437/27/52 1438/28/52
f 1438/28/53 1437/27/53 1439/29/53
f 1438/28/53 1439/29/53 1440/30/53
f 1440/30/54 1439/29/54 1441/31/54
f 1440/30/54 1441/31/54 1442/32/54
f 1442/32/55 1441/31/55 1443/33/55
f 1442/32/55 1443/33/55 1444/34/55
f 1444/34/56 1443/33/56 1445/35/56
f 1444/34/56 1445/35/56 1446/36/56
f 1446/36/57 1445/35/57 1447/37/57
f 1446/36/57 1447/37/57 1448/38/57
f 1448/38/58 1447/37/58 1449/39/58
f 1448/38/58 1449/39/58 1450/40/58
f 1450/40/59 1449/39/59 1451/41/59
f 1450/40/59 1451/41/59 1452/42/59
f 1452/42/60 1451/41/60 1453/43/60
f 1452/42/60 1453/43/60 1454/44/60
f 1454/44/61 1453/43/61 1455/45/61
f 1454/44/61 1455/45/61 1456/46/61
f 1456/46/62 1455/45/62 1457/47/62
f 1456/46/62 1457/47/62 1458/48/62
f 1458/48/63 1457/47/63 1459/49/63
f 1458/48/63 1459/49/63 1460/50/63
f 1460/50/64 1459/49/64 1461/51/64
f 1460/50/64 1461/51/64 1462/52/64
f 1429/113/65 1427/97/65 1426/55/65
f 1426/55/65 1463/98/65 1461/114/65
f 1461/114/65 1459/115/65 1457/99/65
f 1457/99/65 1455/60/65 1453/100/65
f 1453/100/65 1451/116/65 1449/117/65
f 1449/117/65 1447/101/65 1445/65/65
f 1445/65/65 1443/102/65 1441/118/65
f 1441/118/65 1439/119/65 1437/103/65
f 1437/103/65 1435/70/65 1433/104/65
f 1433/104/65 1431/120/65 1429/113/65
f 1429/113/65 1426/55/65 1461/114/65
f 1461/114/65 1457/99/65 1453/100/65
f 1453/100/65 1449/117/65 1445/65/65
f 1445/65/65 1441/118/65 1437/103/65
f 1437/103/65 1433/104/65 1429/113/65
f 1429/113/65 1461/114/65 1453/100/65
f 1453/100/65 1445/65/65 1437/103/65
f 1453/100/65 1437/103/65 1429/113/65
f 1462/52/66 1461/51/66 1463/73/66
f 1462/52/66 1463/73/66 1464/74/66
f 1464/74/67 1463/73/67 1426/75/67
f 1464/74/67 1426/75/67 1425/76/67
f 1464/105/68 1425/78/68 1428/106/68
f 1428/106/68 1430/121/68 1432/122/68
f 1432/122/68 1434/107/68 1436/83/68
f 1436/83/68 1438/108/68 1440/123/68
f 1440/123/68 1442/124/68 1444/109/68
f 1444/109/68 1446/88/68 1448/110/68
f 1448/110/68 1450/125/68 1452/126/68
f 1452/126/68 1454/111/68 1456/93/68
f 1456/93/68 1458/112/68 1460/127/68
f 1460/127/68 1462/128/68 1464/105/68
f 1464/105/68 1428/106/68 1432/122/68
f 1432/122/68 1436/83/68 1440/123/68
f 1440/123/68 1444/109/68 1448/110/68
f 1448/110/68 1452/126/68 1456/93/68
f 1456/93/68 1460/127/68 1464/105/68
f 1464/105/68 1432/122/68 1440/123/68
f 1440/123/68 1448/110/68 1456/93/68
f 1440/123/68 1456/93/68 1464/105/68
f 1465/15/47 1466/16/47 1467/17/47
f 1465/15/47 1467/17/47 1468/18/47
f 1468/18/48 1467/17/48 1469/19/48
f 1468/18/48 1469/19/48 1470/20/48
f 1470/20/49 1469/19/49 1471/21/49
f 1470/20/49 1471/21/49 1472/22/49
f 1472/22/50 1471/21/50 1473/23/50
f 1472/22/50 1473/23/50 1474/24/50
f 1474/24/51 1473/23/51 1475/25/51
f 1474/24/51 1475/25/51 1476/26/51
f 1476/26/52 1475/25/52 1477/27/52
f 1476/26/52 1477/27/52 1478/28/52
f 1478/28/53 1477/27/53 1479/29/53
f 1478/28/53 1479/29/53 1480/30/53
f 1480/30/54 1479/29/54 1481/31/54
f 1480/30/54 1481/31/54 1482/32/54
f 1482/32/55 1481/31/55 1483/33/55
f 1482/32/55 1483/33/55 1484/34/55
f 1484/34/56 1483/33/56 1485/35/56
f 1484/34/56 1485/35/56 1486/36/56
f 1486/36/57 1485/35/57 1487/37/57
f 1486/36/57 1487/37/57 1488/38/57
f 1488/38/58 1487/37/58 1489/39/58
f 1488/38/58 1489/39/58 1490/40/58
f 1490/40/59 1489/39/59 1491/41/59
f 1490/40/59 1491/41/59 1492/42/59
f 1492/42/60 1491/41/60 1493/43/60
f 1492/42/60 1493/43/60 1494/44/60
f 1494/44/61 1493/43/61 1495/45/61
f 1494/44/61 1495/45/61 1496/46/61
f 1496/46/62 1495/45/62 1497/47/62
f 1496/46/62 1497/47/62 1498/48/62
f 1498/48/63 1497/47/63 1499/49/63
f 1498/48/63 1499/49/63 1500/50/63
f 1500/50/64 1499/49/64 1501/51/64
f 1500/50/64 1501/51/64 1502/52/64
f 1469/113/65 1467/97/65 1466/55/65
f 1466/55/65 1503/98/65 1501/114/65
f 1501/114/65 1499/115/65 1497/99/65
f 1497/99/65 1495/60/65 1493/100/65
f 1493/100/65 1491/116/65 1489/117/65
f 1489/117/65 1487/101/65 1485/65/65
f 1485/65/65 1483/102/65 1481/118/65
f 1481/118/65 1479/119/65 1477/103/65
f 1477/103/65 1475/70/65 1473/104/65
f 1473/104/65 1471/120/65 1469/113/65
f 1469/113/65 1466/55/65 1501/114/65
f 1501/114/65 1497/99/65 1493/100/65
f 1493/100/65 1489/117/65 1485/65/65
f 1485/65/65 1481/118/65 1477/103/65
f 1477/103/65 1473/104/65 1469/113/65
f 1469/113/65 1501/114/65 1493/100/65
f 1493/100/65 1485/65/65 1477/103/65
f 1493/100/65 1477/103/65 1469/113/65
f 1502/52/66 1501/51/66 1503/73/66
f 1502/52/66 1503/73/66 1504/74/66
f 1504/74/67 1503/73/67 1466/75/67
f 1504/74/67 1466/75/67 1465/76/67
f 1504/105/68 1465/78/68 1468/106/68
f 1468/106/68 1470/121/68 1472/122/68
f 1472/122/68 1474/107/68 1476/83/68
f 1476/83/68 1478/108/68 1480/123/68
f 1480/123/68 1482/124/68 1484/109/68
f 1484/109/68 1486/88/68 1488/110/68
f 1488/110/68 1490/125/68 1492/126/68
f 1492/126/68 1494/111/68 1496/93/68
f 1496/93/68 1498/112/68 1500/127/68
f 1500/127/68 1502/128/68 1504/105/68
f 1504/105/68 1468/106/68 1472/122/68
f 1472/122/68 1476/83/68 1480/123/68
f 1480/123/68 1484/109/68 1488/110/68
f 1488/110/68 1492/126/68 1496/93/68
f 1496/93/68 1500/127/68 1504/105/68
f 1504/105/68 1472/122/68 1480/123/68
f 1480/123/68 1488/110/68 1496/93/68
f 1480/123/68 1496/93/68 1504/105/68
f 1505/15/47 1506/16/47 1507/17/47
f 1505/15/47 1507/17/47 1508/18/47
f 1508/18/48 1507/17/48 1509/19/48
f 1508/18/48 1509/19/48 1510/20/48
f 1510/20/49 1509/19/49 1511/21/49
f 1510/20/49 1511/21/49 1512/22/49
f 1512/22/50 1511/21/50 1513/23/50
f 1512/22/50 1513/23/50 1514/24/50
f 1514/24/51 1513/23/51 1515/25/51
f 1514/24/51 1515/25/51 1516/26/51
f 1516/26/52 1515/25/52 1517/27/52
f 1516/26/52 1517/27/52 1518/28/52
f 1518/28/53 1517/27/53 1519/29/53
f 1518/28/53 1519/29/53 1520/30/53
f 1520/30/54 1519/29/54 1521/31/54
f 1520/30/54 1521/31/54 1522/32/54
f 1522/32/55 1521/31/55 1523/33/55
f 1522/32/55 1523/33/55 1524/34/55
f 1524/34/56 1523/33/56 1525/35/56
f 1524/34/56 1525/35/56 1526/36/56
f 1526/36/57 1525/35/57 1527/37/57
f 1526/36/57 1527/37/57 1528/38/57
f 1528/38/58 1527/37/58 1529/39/58
f 1528/38/58 1529/39/58 1530/40/58
f 1530/40/59 1529/39/59 1531/41/59
f 1530/40/59 1531/41/59 1532/42/59
f 1532/42/60 1531/41/60 1533/43/60
f 1532/42/60 1533/43/60 1534/44/60
f 1534/44/61 1533/43/61 1535/45/61
f 1534/44/61 1535/45/61 1536/46/61
f 1536/46/62 1535/45/62 1537/47/62
f 1536/46/62 1537/47/62 1538/48/62
f 1538/48/63 1537/47/63 1539/49/63
f 1538/48/63 1539/49/63 1540/50/63
f 1540/50/64 1539/49/64 1541/51/64
f 1540/50/64 1541/51/64 1542/52/64
f 1509/113/65 1507/97/65 1506/55/65
f 1506/55/65 1543/98/65 1541/114/65
f 1541/114/65 1539/115/65 1537/99/65
f 1537/99/65 1535/60/65 1533/100/65
f 1533/100/65 1531/116/65 1529/117/65
f 1529/117/65 1527/101/65 1525/65/65
f 1525/65/65 1523/102/65 1521/118/65
f 1521/118/65 1519/119/65 1517/103/65
f 1517/103/65 1515/70/65 1513/104/65
f 1513/104/65 1511/120/65 1509/113/65
f 1509/113/65 1506/55/65 1541/114/65
f 1541/114/65 1537/99/65 1533/100/65
f 1533/100/65 1529/117/65 1525/65/65
f 1525/65/65 1521/118/65 1517/103/65
f 1517/103/65 1513/104/65 1509/113/65
f 1509/113/65 1541/114/65 1533/100/65
f 1533/100/65 1525/65/65 1517/103/65
f 1533/100/65 1517/103/65 1509/113/65
f 1542/52/66 1541/51/66 1543/73/66
f 1542/52/66 1543/73/66 1544/74/66
f 1544/74/67 1543/73/67 1506/75/67
f 1544/74/67 1506/75/67 1505/76/67
f 1544/105/68 1505/78/68 1508/106/68
f 1508/106/68 1510/121/68 1512/122/68
f 1512/122/68 1514/107/68 1516/83/68
f 1516/83/68 1518/108/68 1520/123/68
f 1520/123/68 1522/124/68 1524/109/68
f 1524/109/68 1526/88/68 1528/110/68
f 1528/110/68 1530/125/68 1532/126/68
f 1532/126/68 1534/111/68 1536/93/68
f 1536/93/68 1538/112/68 1540/127/68
f 1540/127/68 1542/128/68 1544/105/68
f 1544/105/68 1508/106/68 1512/122/68
f 1512/122/68 1516/83/68 1520/123/68
f 1520/123/68 1524/109/68 1528/110/68
f 1528/110/68 1532/126/68 1536/93/68
f 1536/93/68 1540/127/68 1544/105/68
f 1544/105/68 1512/122/68 1520/123/68
f 1520/123/68 1528/110/68 1536/93/68
f 1520/123/68 1536/93/68 1544/105/68
f 1545/15/69 1546/16/69 1547/17/69
f 1545/15/69 1547/17/69 1548/18/69
f 1548/18/70 1547/17/70 1549/19/70
f 1548/18/70 1549/19/70 1550/20/70
f 1550/20/71 1549/19/71 1551/21/71
f 1550/20/71 1551/21/71 1552/22/71
f 1552/22/50 1551/21/50 1553/23/50
f 1552/22/50 1553/23/50 1554/24/50
f 1554/24/72 1553/23/72 1555/25/72
f 1554/24/72 1555/25/72 1556/26/72
f 1556/26/73 1555/25/73 1557/27/73
f 1556/26/73 1557/27/73 1558/28/73
f 1558/28/53 1557/27/53 1559/29/53
f 1558/28/53 1559/29/53 1560/30/53
f 1560/30/74 1559/29/74 1561/31/74
f 1560/30/74 1561/31/74 1562/32/74
f 1562/32/75 1561/31/75 1563/33/75
f 1562/32/75 1563/33/75 1564/34/75
f 1564/34/76 1563/33/76 1565/35/76
f 1564/34/76 1565/35/76 1566/36/76
f 1566/36/77 1565/35/77 1567/37/77
f 1566/36/77 1567/37/77 1568/38/77
f 1568/38/78 1567/37/78 1569/39/78
f 1568/38/78 1569/39/78 1570/40/78
f 1570/40/79 1569/39/79 1571/41/79
f 1570/40/79 1571/41/79 1572/42/79
f 1572/42/60 1571/41/60 1573/43/60
f 1572/42/60 1573/43/60 1574/44/60
f 1574/44/80 1573/43/80 1575/45/80
f 1574/44/80 1575/45/80 1576/46/80
f 1576/46/81 1575/45/81 1577/47/81
f 1576/46/81 1577/47/81 1578/48/81
f 1578/48/63 1577/47/63 1579/49/63
f 1578/48/63 1579/49/63 1580/50/63
f 1580/50/82 1579/49/82 1581/51/82
f 1580/50/82 1581/51/82 1582/52/82
f 1549/113/83 1547/97/83 1546/55/83
f 1546/55/83 1583/98/83 1581/114/83
f 1581/114/83 1579/115/83 1577/99/83
f 1577/99/83 1575/60/83 1573/100/83
f 1573/100/83 1571/116/83 1569/117/83
f 1569/117/83 1567/101/83 1565/65/83
f 1565/65/83 1563/102/83 1561/118/83
f 1561/118/83 1559/119/83 1557/103/83
f 1557/103/83 1555/70/83 1553/104/83
f 1553/104/83 1551/120/83 1549/113/83
f 1549/113/83 1546/55/83 1581/114/83
f 1581/114/83 1577/99/83 1573/100/83
f 1573/100/83 1569/117/83 1565/65/83
f 1565/65/83 1561/118/83 1557/103/83
f 1557/103/83 1553/104/83 1549/113/83
f 1549/113/83 1581/114/83 1573/100/83
f 1573/100/83 1565/65/83 1557/103/83
f 1573/100/83 1557/103/83 1549/113/83
f 1582/52/84 1581/51/84 1583/73/84
f 1582/52/84 1583/73/84 1584/74/84
f 1584/74/85 1583/73/85 1546/75/85
f 1584/74/85 1546/75/85 1545/76/85
f 1584/105/86 1545/78/86 1548/106/86
f 1548/106/86 1550/121/86 1552/122/86
f 1552/122/86 1554/107/86 1556/83/86
f 1556/83/86 1558/108/86 1560/123/86
f 1560/123/86 1562/124/86 1564/109/86
f 1564/109/86 1566/88/86 1568/110/86
f 1568/110/86 1570/125/86 1572/126/86
f 1572/126/86 1574/111/86 1576/93/86
f 1576/93/86 1578/112/86 1580/127/86
f 1580/127/86 1582/128/86 1584/105/86
f 1584/105/86 1548/106/86 1552/122/86
f 1552/122/86 1556/83/86 1560/123/86
f 1560/123/86 1564/109/86 1568/110/86
f 1568/110/86 1572/126/86 1576/93/86
f 1576/93/86 1580/127/86 1584/105/86
f 1584/105/86 1552/122/86 1560/123/86
f 1560/123/86 1568/110/86 1576/93/86
f 1560/123/86 1576/93/86 1584/105/86
f 1585/15/87 1586/16/87 1587/17/87
f 1585/15/87 1587/17/87 1588/18/87
f 1588/18/88 1587/17/88 1589/19/88
f 1588/18/88 1589/19/88 1590/20/88
f 1590/20/89 1589/19/89 1591/21/89
f 1590/20/89 1591/21/89 1592/22/89
f 1592/22/10 1591/21/10 1593/23/10
f 1592/22/10 1593/23/10 1594/24/10
f 1594/24/90 1593/23/90 1595/25/90
f 1594/24/90 1595/25/90 1596/26/90
f 1596/26/91 1595/25/91 1597/27/91
f 1596/26/91 1597/27/91 1598/28/91
f 1598/28/13 1597/27/13 1599/29/13
f 1598/28/13 1599/29/13 1600/30/13
f 1600/30/92 1599/29/92 1601/31/92
f 1600/30/92 1601/31/92 1602/32/92
f 1602/32/93 1601/31/93 1603/33/93
f 1602/32/93 1603/33/93 1604/34/93
f 1604/34/94 1603/33/94 1605/35/94
f 1604/34/94 1605/35/94 1606/36/94
f 1606/36/95 1605/35/95 1607/37/95
f 1606/36/95 1607/37/95 1608/38/95
f 1608/38/96 1607/37/96 1609/39/96
f 1608/38/96 1609/39/96 1610/40/96
f 1610/40/97 1609/39/97 1611/41/97
f 1610/40/97 1611/41/97 1612/42/97
f 1612/42/20 1611/41/20 1613/43/20
f 1612/42/20 1613/43/20 1614/44/20
f 1614/44/98 1613/43/98 1615/45/98
f 1614/44/98 1615/45/98 1616/46/98
f 1616/46/99 1615/45/99 1617/47/99
f 1616/46/99 1617/47/99 1618/48/99
f 1618/48/23 1617/47/23 1619/49/23
f 1618/48/23 1619/49/23 1620/50/23
f 1620/50/100 1619/49/100 1621/51/100
f 1620/50/100 1621/51/100 1622/52/100
f 1589/113/101 1587/97/101 1586/55/101
f 1586/55/101 1623/98/101 1621/114/101
f 1621/114/101 1619/115/101 1617/99/101
f 1617/99/101 1615/60/101 1613/100/101
f 1613/100/101 1611/116/101 1609/117/101
f 1609/117/101 1607/101/101 1605/65/101
f 1605/65/101 1603/102/101 1601/118/101
f 1601/118/101 1599/119/101 1597/103/101
f 1597/103/101 1595/70/101 1593/104/101
f 1593/104/101 1591/120/101 1589/113/101
f 1589/113/101 1586/55/101 1621/114/101
f 1621/114/101 1617/99/101 1613/100/101
f 1613/100/101 1609/117/101 1605/65/101
f 1605/65/101 1601/118/101 1597/103/101
f 1597/103/101 1593/104/101 1589/113/101
f 1589/113/101 1621/114/101 1613/100/101
f 1613/100/101 1605/65/101 1597/103/101
f 1613/100/101 1597/103/101 1589/113/101
f 1622/52/102 1621/51/102 1623/73/102
f 1622/52/102 1623/73/102 1624/74/102
f 1624/74/103 1623/73/103 1586/75/103
f 1624/74/103 1586/75/103 1585/76/103
f 1624/105/104 1585/78/104 1588/106/104
f 1588/106/104 1590/121/104 1592/122/104
f 1592/122/104 1594/107/104 1596/83/104
f 1596/83/104 1598/108/104 1600/123/104
f 1600/123/104 1602/124/104 1604/109/104
f 1604/109/104 1606/88/104 1608/110/104
f 1608/110/104 1610/125/104 1612/126/104
f 1612/126/104 1614/111/104 1616/93/104
f 1616/93/104 1618/112/104 1620/127/104
f 1620/127/104 1622/128/104 1624/105/104
f 1624/105/104 1588/106/104 1592/122/104
f 1592/122/104 1596/83/104 1600/123/104
f 1600/123/104 1604/109/104 1608/110/104
f 1608/110/104 1612/126/104 1616/93/104
f 1616/93/104 1620/127/104 1624/105/104
f 1624/105/104 1592/122/104 1600/123/104
f 1600/123/104 1608/110/104 1616/93/104
f 1600/123/104 1616/93/104 1624/105/104
f 1625/15/47 1626/16/47 1627/17/47
f 1625/15/47 1627/17/47 1628/18/47
f 1628/18/48 1627/17/48 1629/19/48
f 1628/18/48 1629/19/48 1630/20/48
f 1630/20/49 1629/19/49 1631/21/49
f 1630/20/49 1631/21/49 1632/22/49
f 1632/22/50 1631/21/50 1633/23/50
f 1632/22/50 1633/23/50 1634/24/50
f 1634/24/51 1633/23/51 1635/25/51
f 1634/24/51 1635/25/51 1636/26/51
f 1636/26/52 1635/25/52 1637/27/52
f 1636/26/52 1637/27/52 1638/28/52
f 1638/28/53 1637/27/53 1639/29/53
f 1638/28/53 1639/29/53 1640/30/53
f 1640/30/54 1639/29/54 1641/31/54
f 1640/30/54 1641/31/54 1642/32/54
f 1642/32/55 1641/31/55 1643/33/55
f 1642/32/55 1643/33/55 1644/34/55
f 1644/34/56 1643/33/56 1645/35/56
f 1644/34/56 1645/35/56 1646/36/56
f 1646/36/57 1645/35/57 1647/37/57
f 1646/36/57 1647/37/57 1648/38/57
f 1648/38/58 1647/37/58 1649/39/58
f 1648/38/58 1649/39/58 1650/40/58
f 1650/40/59 1649/39/59 1651/41/59
f 1650/40/59 1651/41/59 1652/42/59
f 1652/42/60 1651/41/60 1653/43/60
f 1652/42/60 1653/43/60 1654/44/60
f 1654/44/61 1653/43/61 1655/45/61
f 1654/44/61 1655/45/61 1656/46/61
f 1656/46/62 1655/45/62 1657/47/62
f 1656/46/62 1657/47/62 1658/48/62
f 1658/48/63 1657/47/63 1659/49/63
f 1658/48/63 1659/49/63 1660/50/63
f 1660/50/64 1659/49/64 1661/51/64
f 1660/50/64 1661/51/64 1662/52/64
f 1629/113/65 1627/97/65 1626/55/65
f 1626/55/65 1663/98/65 1661/114/65
f 1661/114/65 1659/115/65 1657/99/65
f 1657/99/65 1655/60/65 1653/100/65
f 1653/100/65 1651/116/65 1649/117/65
f 1649/117/65 1647/101/65 1645/65/65
f 1645/65/65 1643/102/65 1641/118/65
f 1641/118/65 1639/119/65 1637/103/65
f 1637/103/65 1635/70/65 1633/104/65
f 1633/104/65 1631/120/65 1629/113/65
f 1629/113/65 1626/55/65 1661/114/65
f 1661/114/65 1657/99/65 1653/100/65
f 1653/100/65 1649/117/65 1645/65/65
f 1645/65/65 1641/118/65 1637/103/65
f 1637/103/65 1633/104/65 1629/113/65
f 1629/113/65 1661/114/65 1653/100/65
f 1653/100/65 1645/65/65 1637/103/65
f 1653/100/65 1637/103/65 1629/113/65
f 1662/52/66 1661/51/66 1663/73/66
f 1662/52/66 1663/73/66 1664/74/66
f 1664/74/67 1663/73/67 1626/75/67
f 1664/74/67 1626/75/67 1625/76/67
f 1664/105/68 1625/78/68 1628/106/68
f 1628/106/68 1630/121/68 1632/122/68
f 1632/122/68 1634/107/68 1636/83/68
f 1636/83/68 1638/108/68 1640/123/68
f 1640/123/68 1642/124/68 1644/109/68
f 1644/109/68 1646/88/68 1648/110/68
f 1648/110/68 1650/125/68 1652/126/68
f 1652/126/68 1654/111/68 1656/93/68
f 1656/93/68 1658/112/68 1660/127/68
f 1660/127/68 1662/128/68 1664/105/68
f 1664/105/68 1628/106/68 1632/122/68
f 1632/122/68 1636/83/68 1640/123/68
f 1640/123/68 1644/109/68 1648/110/68
f 1648/110/68 1652/126/68 1656/93/68
f 1656/93/68 1660/127/68 1664/105/68
f 1664/105/68 1632/122/68 1640/123/68
f 1640/123/68 1648/110/68 1656/93/68
f 1640/123/68 1656/93/68 1664/105/68
f 1665/15/47 1666/16/47 1667/17/47
f 1665/15/47 1667/17/47 1668/18/47
f 1668/18/48 1667/17/48 1669/19/48
f 1668/18/48 1669/19/48 1670/20/48
f 1670/20/49 1669/19/49 1671/21/49
f 1670/20/49 1671/21/49 1672/22/49
f 1672/22/50 1671/21/50 1673/23/50
f 1672/22/50 1673/23/50 1674/24/50
f 1674/24/51 1673/23/51 1675/25/51
f 1674/24/51 1675/25/51 1676/26/51
f 1676/26/52 1675/25/52 1677/27/52
f 1676/26/52 1677/27/52 1678/28/52
f 1678/28/53 1677/27/53 1679/29/53
f 1678/28/53 1679/29/53 1680/30/53
f 1680/30/54 1679/29/54 1681/31/54
f 1680/30/54 1681/31/54 1682/32/54
f 1682/32/55 1681/31/55 1683/33/55
f 1682/32/55 1683/33/55 1684/34/55
f 1684/34/56 1683/33/56 1685/35/56
f 1684/34/56 1685/35/56 1686/36/56
f 1686/36/57 1685/35/57 1687/37/57
f 1686/36/57 1687/37/57 1688/38/57
f 1688/38/58 1687/37/58 1689/39/58
f 1688/38/58 1689/39/58 1690/40/58
f 1690/40/59 1689/39/59 1691/41/59
f 1690/40/59 1691/41/59 1692/42/59
f 1692/42/60 1691/41/60 1693/43/60
f 1692/42/60 1693/43/60 1694/44/60
f 1694/44/61 1693/43/61 1695/45/61
f 1694/44/61 1695/45/61 1696/46/61
f 1696/46/62 1695/45/62 1697/47/62
f 1696/46/62 1697/47/62 1698/48/62
f 1698/48/63 1697/47/63 1699/49/63
f 1698/48/63 1699/49/63 1700/50/63
f 1700/50/64 1699/49/64 1701/51/64
f 1700/50/64 1701/51/64 1702/52/64
f 1669/113/65 1667/97/65 1666/55/65
f 1666/55/65 1703/98/65 1701/114/65
f 1701/114/65 1699/115/65 1697/99/65
f 1697/99/65 1695/60/65 1693/100/65
f 1693/100/65 1691/116/65 1689/117/65
f 1689/117/65 1687/101/65 1685/65/65
f 1685/65/65 1683/102/65 1681/118/65
f 1681/118/65 1679/119/65 1677/103/65
f 1677/103/65 1675/70/65 1673/104/65
f 1673/104/65 1671/120/65 1669/113/65
f 1669/113/65 1666/55/65 1701/114/65
f 1701/114/65 1697/99/65 1693/100/65
f 1693/100/65 1689/117/65 1685/65/65
f 1685/65/65 1681/118/65 1677/103/65
f 1677/103/65 1673/104/65 1669/113/65
f 1669/113/65 1701/114/65 1693/100/65
f 1693/100/65 1685/65/65 1677/103/65
f 1693/100/65 1677/103/65 1669/113/65
f 1702/52/66 1701/51/66 1703/73/66
f 1702/52/66 1703/73/66 1704/74/66
f 1704/74/67 1703/73/67 1666/75/67
f 1704/74/67 1666/75/67 1665/76/67
f 1704/105/68 1665/78/68 1668/106/68
f 1668/106/68 1670/121/68 1672/122/68
f 1672/122/68 1674/107/68 1676/83/68
f 1676/83/68 1678/108/68 1680/123/68
f 1680/123/68 1682/124/68 1684/109/68
f 1684/109/68 1686/88/68 1688/110/68
f 1688/110/68 1690/125/68 1692/126/68
f 1692/126/68 1694/111/68 1696/93/68
f 1696/93/68 1698/112/68 1700/127/68
f 1700/127/68 1702/128/68 1704/105/68
f 1704/105/68 1668/106/68 1672/122/68
f 1672/122/68 1676/83/68 1680/123/68
f 1680/123/68 1684/109/68 1688/110/68
f 1688/110/68 1692/126/68 1696/93/68
f 1696/93/68 1700/127/68 1704/105/68
f 1704/105/68 1672/122/68 1680/123/68
f 1680/123/68 1688/110/68 1696/93/68
f 1680/123/68 1696/93/68 1704/105/68
f 1705/15/47 1706/16/47 1707/17/47
f 1705/15/47 1707/17/47 1708/18/47
f 1708/18/48 1707/17/48 1709/19/48
f 1708/18/48 1709/19/48 1710/20/48
f 1710/20/49 1709/19/49 1711/21/49
f 1710/20/49 1711/21/49 1712/22/49
f 1712/22/50 1711/21/50 1713/23/50
f 1712/22/50 1713/23/50 1714/24/50
f 1714/24/51 1713/23/51 1715/25/51
f 1714/24/51 1715/25/51 1716/26/51
f 1716/26/52 1715/25/52 1717/27/52
f 1716/26/52 1717/27/52 1718/28/52
f 1718/28/53 1717/27/53 1719/29/53
f 1718/28/53 1719/29/53 1720/30/53
f 1720/30/54 1719/29/54 1721/31/54
f 1720/30/54 1721/31/54 1722/32/54
f 1722/32/55 1721/31/55 1723/33/55
f 1722/32/55 1723/33/55 1724/34/55
f 1724/34/56 1723/33/56 1725/35/56
f 1724/34/56 1725/35/56 1726/36/56
f 1726/36/57 1725/35/57 1727/37/57
f 1726/36/57 1727/37/57 1728/38/57
f 1728/38/58 1727/37/58 1729/39/58
f 1728/38/58 1729/39/58 1730/40/58
f 1730/40/59 1729/39/59 1731/41/59
f 1730/40/59 1731/41/59 1732/42/59
f 1732/42/60 1731/41/60 1733/43/60
f 1732/42/60 1733/43/60 1734/44/60
f 1734/44/61 1733/43/61 1735/45/61
f 1734/44/61 1735/45/61 1736/46/61
f 1736/46/62 1735/45/62 1737/47/62
f 1736/46/62 1737/47/62 1738/48/62
f 1738/48/63 1737/47/63 1739/49/63
f 1738/48/63 1739/49/63 1740/50/63
f 1740/50/64 1739/49/64 1741/51/64
f 1740/50/64 1741/51/64 1742/52/64
f 1709/113/65 1707/97/65 1706/55/65
f 1706/55/65 1743/98/65 1741/114/65
f 1741/114/65 1739/115/65 1737/99/65
f 1737/99/65 1735/60/65 1733/100/65
f 1733/100/65 1731/116/65 1729/117/65
f 1729/117/65 1727/101/65 1725/65/65
f 1725/65/65 1723/102/65 1721/118/65
f 1721/118/65 1719/119/65 1717/103/65
f 1717/103/65 1715/70/65 1713/104/65
f 1713/104/65 1711/120/65 1709/113/65
f 1709/113/65 1706/55/65 1741/114/65
f 1741/114/65 1737/99/65 1733/100/65
f 1733/100/65 1729/117/65 1725/65/65
f 1725/65/65 1721/118/65 1717/103/65
f 1717/103/65 1713/104/65 1709/113/65
f 1709/113/65 1741/114/65 1733/100/65
f 1733/100/65 1725/65/65 1717/103/65
f 1733/100/65 1717/103/65 1709/113/65
f 1742/52/66 1741/51/66 1743/73/66
f 1742/52/66 1743/73/66 1744/74/66
f 1744/74/67 1743/73/67 1706/75/67
f 1744/74/67 1706/75/67 1705/76/67
f 1744/105/68 1705/78/68 1708/106/68
f 1708/106/68 1710/121/68 1712/122/68
f 1712/122/68 1714/107/68 1716/83/68
f 1716/83/68 1718/108/68 1720/123/68
f 1720/123/68 1722/124/68 1724/109/68
f 1724/109/68 1726/88/68 1728/110/68
f 1728/110/68 1730/125/68 1732/126/68
f 1732/126/68 1734/111/68 1736/93/68
f 1736/93/68 1738/112/68 1740/127/68
f 1740/127/68 1742/128/68 1744/105/68
f 1744/105/68 1708/106/68 1712/122/68
f 1712/122/68 1716/83/68 1720/123/68
f 1720/123/68 1724/109/68 1728/110/68
f 1728/110/68 1732/126/68 1736/93/68
f 1736/93/68 1740/127/68 1744/105/68
f 1744/105/68 1712/122/68 1720/123/68
f 1720/123/68 1728/110/68 1736/93/68
f 1720/123/68 1736/93/68 1744/105/68
f 1745/15/69 1746/16/69 1747/17/69
f 1745/15/69 1747/17/69 1748/18/69
f 1748/18/70 1747/17/70 1749/19/70
f 1748/18/70 1749/19/70 1750/20/70
f 1750/20/71 1749/19/71 1751/21/71
f 1750/20/71 1751/21/71 1752/22/71
f 1752/22/50 1751/21/50 1753/23/50
f 1752/22/50 1753/23/50 1754/24/50
f 1754/24/72 1753/23/72 1755/25/72
f 1754/24/72 1755/25/72 1756/26/72
f 1756/26/73 1755/25/73 1757/27/73
f 1756/26/73 1757/27/73 1758/28/73
f 1758/28/53 1757/27/53 1759/29/53
f 1758/28/53 1759/29/53 1760/30/53
f 1760/30/74 1759/29/74 1761/31/74
f 1760/30/74 1761/31/74 1762/32/74
f 1762/32/75 1761/31/75 1763/33/75
f 1762/32/75 1763/33/75 1764/34/75
f 1764/34/76 1763/33/76 1765/35/76
f 1764/34/76 1765/35/76 1766/36/76
f 1766/36/77 1765/35/77 1767/37/77
f 1766/36/77 1767/37/77 1768/38/77
f 1768/38/78 1767/37/78 1769/39/78
f 1768/38/78 1769/39/78 1770/40/78
f 1770/40/79 1769/39/79 1771/41/79
f 1770/40/79 1771/41/79 1772/42/79
f 1772/42/60 1771/41/60 1773/43/60
f 1772/42/60 1773/43/60 1774/44/60
f 1774/44/80 1773/43/80 1775/45/80
f 1774/44/80 1775/45/80 1776/46/80
f 1776/46/81 1775/45/81 1777/47/81
f 1776/46/81 1777/47/81 1778/48/81
f 1778/48/63 1777/47/63 1779/49/63
f 1778/48/63 1779/49/63 1780/50/63
f 1780/50/82 1779/49/82 1781/51/82
f 1780/50/82 1781/51/82 1782/52/82
f 1749/113/83 1747/97/83 1746/55/83
f 1746/55/83 1783/98/83 1781/114/83
f 1781/114/83 1779/115/83 1777/99/83
f 1777/99/83 1775/60/83 1773/100/83
f 1773/100/83 1771/116/83 1769/117/83
f 1769/117/83 1767/101/83 1765/65/83
f 1765/65/83 1763/102/83 1761/118/83
f 1761/118/83 1759/119/83 1757/103/83
f 1757/103/83 1755/70/83 1753/104/83
f 1753/104/83 1751/120/83 1749/113/83
f 1749/113/83 1746/55/83 1781/114/83
f 1781/114/83 1777/99/83 1773/100/83
f 1773/100/83 1769/117/83 1765/65/83
f 1765/65/83 1761/118/83 1757/103/83
f 1757/103/83 1753/104/83 1749/113/83
f 1749/113/83 1781/114/83 1773/100/83
f 1773/100/83 1765/65/83 1757/103/83
f 1773/100/83 1757/103/83 1749/113/83
f 1782/52/84 1781/51/84 1783/73/84
f 1782/52/84 1783/73/84 1784/74/84
f 1784/74/85 1783/73/85 1746/75/85
f 1784/74/85 1746/75/85 1745/76/85
f 1784/105/86 1745/78/86 1748/106/86
f 1748/106/86 1750/121/86 1752/122/86
f 1752/122/86 1754/107/86 1756/83/86
f 1756/83/86 1758/108/86 1760/123/86
f 1760/123/86 1762/124/86 1764/109/86
f 1764/109/86 1766/88/86 1768/110/86
f 1768/110/86 1770/125/86 1772/126/86
f 1772/126/86 1774/111/86 1776/93/86
f 1776/93/86 1778/112/86 1780/127/86
f 1780/127/86 1782/128/86 1784/105/86
f 1784/105/86 1748/106/86 1752/122/86
f 1752/122/86 1756/83/86 1760/123/86
f 1760/123/86 1764/109/86 1768/110/86
f 1768/110/86 1772/126/86 1776/93/86
f 1776/93/86 1780/127/86 1784/105/86
f 1784/105/86 1752/122/86 1760/123/86
f 1760/123/86 1768/110/86 1776/93/86
f 1760/123/86 1776/93/86 1784/105/86
f 1785/15/87 1786/16/87 1787/17/87
f 1785/15/87 1787/17/87 1788/18/87
f 1788/18/88 1787/17/88 1789/19/88
f 1788/18/88 1789/19/88 1790/20/88
f 1790/20/89 1789/19/89 1791/21/89
f 1790/20/89 1791/21/89 1792/22/89
f 1792/22/10 1791/21/10 1793/23/10
f 1792/22/10 1793/23/10 1794/24/10
f 1794/24/90 1793/23/90 1795/25/90
f 1794/24/90 1795/25/90 1796/26/90
f 1796/26/91 1795/25/91 1797/27/91
f 1796/26/91 1797/27/91 1798/28/91
f 1798/28/13 1797/27/13 1799/29/13
f 1798/28/13 1799/29/13 1800/30/13
f 1800/30/92 1799/29/92 1801/31/92
f 1800/30/92 1801/31/92 1802/32/92
f 1802/32/93 1801/31/93 1803/33/93
f 1802/32/93 1803/33/93 1804/34/93
f 1804/34/94 1803/33/94 1805/35/94
f 1804/34/94 1805/35/94 1806/36/94
f 1806/36/95 1805/35/95 1807/37/95
f 1806/36/95 1807/37/95 1808/38/95
f 1808/38/96 1807/37/96 1809/39/96
f 1808/38/96 1809/39/96 1810/40/96
f 1810/40/97 1809/39/97 1811/41/97
f 1810/40/97 1811/41/97 1812/42/97
f 1812/42/20 1811/41/20 1813/43/20
f 1812/42/20 1813/43/20 1814/44/20
f 1814/44/98 1813/43/98 1815/45/98
f 1814/44/98 1815/45/98 1816/46/98
f 1816/46/99 1815/45/99 1817/47/99
f 1816/46/99 1817/47/99 1818/48/99
f 1818/48/23 1817/47/23 1819/49/23
f 1818/48/23 1819/49/23 1820/50/23
f 1820/50/100 1819/49/100 1821/51/100
f 1820/50/100 1821/51/100 1822/52/100
f 1789/113/101 1787/97/101 1786/55/101
f 1786/55/101 1823/98/101 1821/114/101
f 1821/114/101 1819/115/101 1817/99/101
f 1817/99/101 1815/60/101 1813/100/101
f 1813/100/101 1811/116/101 1809/117/101
f 1809/117/101 1807/101/101 1805/65/101
f 1805/65/101 1803/102/101 1801/118/101
f 1801/118/101 1799/119/101 1797/103/101
f 1797/103/101 1795/70/101 1793/104/101
f 1793/104/101 1791/120/101 1789/113/101
f 1789/113/101 1786/55/101 1821/114/101
f 1821/114/101 1817/99/101 1813/100/101
f 1813/100/101 1809/117/101 1805/65/101
f 1805/65/101 1801/118/101 1797/103/101
f 1797/103/101 1793/104/101 1789/113/101
f 1789/113/101 1821/114/101 1813/100/101
f 1813/100/101 1805/65/101 1797/103/101
f 1813/100/101 1797/103/101 1789/113/101
f 1822/52/102 1821/51/102 1823/73/102
f 1822/52/102 1823/73/102 1824/74/102
f 1824/74/103 1823/73/103 1786/75/103
f 1824/74/103 1786/75/103 1785/76/103
f 1824/105/104 1785/78/104 1788/106/104
f 1788/106/104 1790/121/104 1792/122/104
f 1792/122/104 1794/107/104 1796/83/104
f 1796/83/104 1798/108/104 1800/123/104
f 1800/123/104 1802/124/104 1804/109/104
f 1804/109/104 1806/88/104 1808/110/104
f 1808/110/104 1810/125/104 1812/126/104
f 1812/126/104 1814/111/104 1816/93/104
f 1816/93/104 1818/112/104 1820/127/104
f 1820/127/104 1822/128/104 1824/105/104
f 1824/105/104 1788/106/104 1792/122/104
f 1792/122/104 1796/83/104 1800/123/104
f 1800/123/104 1804/109/104 1808/110/104
f 1808/110/104 1812/126/104 1816/93/104
f 1816/93/104 1820/127/104 1824/105/104
f 1824/105/104 1792/122/104 1800/123/104
f 1800/123/104 1808/110/104 1816/93/104
f 1800/123/104 1816/93/104 1824/105/104
f 1825/15/47 1826/16/47 1827/17/47
f 1825/15/47 1827/17/47 1828/18/47
f 1828/18/48 1827/17/48 1829/19/48
f 1828/18/48 1829/19/48 1830/20/48
f 1830/20/49 1829/19/49 1831/21/49
f 1830/20/49 1831/21/49 1832/22/49
f 1832/22/50 1831/21/50 1833/23/50
f 1832/22/50 1833/23/50 1834/24/50
f 1834/24/51 1833/23/51 1835/25/51
f 1834/24/51 1835/25/51 1836/26/51
f 1836/26/52 1835/25/52 1837/27/52
f 1836/26/52 1837/27/52 1838/28/52
f 1838/28/53 1837/27/53 1839/29/53
f 1838/28/53 1839/29/53 1840/30/53
f 1840/30/54 1839/29/54 1841/31/54
f 1840/30/54 1841/31/54 1842/32/54
f 1842/32/55 1841/31/55 1843/33/55
f 1842/32/55 1843/33/55 1844/34/55
f 1844/34/56 1843/33/56 1845/35/56
f 1844/34/56 1845/35/56 1846/36/56
f 1846/36/57 1845/35/57 1847/37/57
f 1846/36/57 1847/37/57 1848/38/57
f 1848/38/58 1847/37/58 1849/39/58
f 1848/38/58 1849/39/58 1850/40/58
f 1850/40/59 1849/39/59 1851/41/59
f 1850/40/59 1851/41/59 1852/42/59
f 1852/42/60 1851/41/60 1853/43/60
f 1852/42/60 1853/43/60 1854/44/60
f 1854/44/61 1853/43/61 1855/45/61
f 1854/44/61 1855/45/61 1856/46/61
f 1856/46/62 1855/45/62 1857/47/62
f 1856/46/62 1857/47/62 1858/48/62
f 1858/48/63 1857/47/63 1859/49/63
f 1858/48/63 1859/49/63 1860/50/63
f 1860/50/64 1859/49/64 1861/51/64
f 1860/50/64 1861/51/64 1862/52/64
f 1829/113/65 1827/97/65 1826/55/65
f 1826/55/65 1863/98/65 1861/114/65
f 1861/114/65 1859/115/65 1857/99/65
f 1857/99/65 1855/60/65 1853/100/65
f 1853/100/65 1851/116/65 1849/117/65
f 1849/117/65 1847/101/65 1845/65/65
f 1845/65/65 1843/102/65 1841/118/65
f 1841/118/65 1839/119/65 1837/103/65
f 1837/103/65 1835/70/65 1833/104/65
f 1833/104/65 1831/120/65 1829/113/65
f 1829/113/65 1826/55/65 1861/114/65
f 1861/114/65 1857/99/65 1853/100/65
f 1853/100/65 1849/117/65 1845/65/65
f 1845/65/65 1841/118/65 1837/103/65
f 1837/103/65 1833/104/65 1829/113/65
f 1829/113/65 1861/114/65 1853/100/65
f 1853/100/65 1845/65/65 1837/103/65
f 1853/100/65 1837/103/65 1829/113/65
f 1862/52/66 1861/51/66 1863/73/66
f 1862/52/66 1863/73/66 1864/74/66
f 1864/74/67 1863/73/67 1826/75/67
f 1864/74/67 1826/75/67 1825/76/67
f 1864/105/68 1825/78/68 1828/106/68
f 1828/106/68 1830/121/68 1832/122/68
f 1832/122/68 1834/107/68 1836/83/68
f 1836/83/68 1838/108/68 1840/123/68
f 1840/123/68 1842/124/68 1844/109/68
f 1844/109/68 1846/88/68 1848/110/68
f 1848/110/68 1850/125/68 1852/126/68
f 1852/126/68 1854/111/68 1856/93/68
f 1856/93/68 1858/112/68 1860/127/68
f 1860/127/68 1862/128/68 1864/105/68
f 1864/105/68 1828/106/68 1832/122/68
f 1832/122/68 1836/83/68 1840/123/68
f 1840/123/68 1844/109/68 1848/110/68
f 1848/110/68 1852/126/68 1856/93/68
f 1856/93/68 1860/127/68 1864/105/68
f 1864/105/68 1832/122/68 1840/123/68
f 1840/123/68 1848/110/68 1856/93/68
f 1840/123/68 1856/93/68 1864/105/68
f 1865/15/47 1866/16/47 1867/17/47
f 1865/15/47 1867/17/47 1868/18/47
f 1868/18/48 1867/17/48 1869/19/48
f 1868/18/48 1869/19/48 1870/20/48
f 1870/20/49 1869/19/49 1871/21/49
f 1870/20/49 1871/21/49 1872/22/49
f 1872/22/50 1871/21/50 1873/23/50
f 1872/22/50 1873/23/50 1874/24/50
f 1874/24/51 1873/23/51 1875/25/51
f 1874/24/51 1875/25/51 1876/26/51
f 1876/26/52 1875/25/52 1877/27/52
f 1876/26/52 1877/27/52 1878/28/52
f 1878/28/53 1877/27/53 1879/29/53
f 1878/28/53 1879/29/53 1880/30/53
f 1880/30/54 1879/29/54 1881/31/54
f 1880/30/54 1881/31/54 1882/32/54
f 1882/32/55 1881/31/55 1883/33/55
f 1882/32/55 1883/33/55 1884/34/55
f 1884/34/56 1883/33/56 1885/35/56
f 1884/34/56 1885/35/56 1886/36/56
f 1886/36/57 1885/35/57 1887/37/57
f 1886/36/57 1887/37/57 1888/38/57
f 1888/38/58 1887/37/58 1889/39/58
f 1888/38/58 1889/39/58 1890/40/58
f 1890/40/59 1889/39/59 1891/41/59
f 1890/40/59 1891/41/59 1892/42/59
f 1892/42/60 1891/41/60 1893/43/60
f 1892/42/60 1893/43/60 1894/44/60
f 1894/44/61 1893/43/61 1895/45/61
f 1894/44/61 1895/45/61 1896/46/61
f 1896/46/62 1895/45/62 1897/47/62
f 1896/46/62 1897/47/62 1898/48/62
f 1898/48/63 1897/47/63 1899/49/63
f 1898/48/63 1899/49/63 1900/50/63
f 1900/50/64 1899/49/64 1901/51/64
f 1900/50/64 1901/51/64 1902/52/64
f 1869/113/65 1867/97/65 1866/55/65
f 1866/55/65 1903/98/65 1901/114/65
f 1901/114/65 1899/115/65 1897/99/65
f 1897/99/65 1895/60/65 1893/100/65
f 1893/100/65 1891/116/65 1889/117/65
f 1889/117/65 1887/101/65 1885/65/65
f 1885/65/65 1883/102/65 1881/118/65
f 1881/118/65 1879/119/65 1877/103/65
f 1877/103/65 1875/70/65 1873/104/65
f 1873/104/65 1871/120/65 1869/113/65
f 1869/113/65 1866/55/65 1901/114/65
f 1901/114/65 1897/99/65 1893/100/65
f 1893/100/65 1889/117/65 1885/65/65
f 1885/65/65 1881/118/65 1877/103/65
f 1877/103/65 1873/104/65 1869/113/65
f 1869/113/65 1901/114/65 1893/100/65
f 1893/100/65 1885/65/65 1877/103/65
f 1893/100/65 1877/103/65 1869/113/65
f 1902/52/66 1901/51/66 1903/73/66
f 1902/52/66 1903/73/66 1904/74/66
f 1904/74/67 1903/73/67 1866/75/67
f 1904/74/67 1866/75/67 1865/76/67
f 1904/105/68 1865/78/68 1868/106/68
f 1868/106/68 1870/121/68 1872/122/68
f 1872/122/68 1874/107/68 1876/83/68
f 1876/83/68 1878/108/68 1880/123/68
f 1880/123/68 1882/124/68 1884/109/68
f 1884/109/68 1886/88/68 1888/110/68
f 1888/110/68 1890/125/68 1892/126/68
f 1892/126/68 1894/111/68 1896/93/68
f 1896/93/68 1898/112/68 1900/127/68
f 1900/127/68 1902/128/68 1904/105/68
f 1904/105/68 1868/106/68 1872/122/68
f 1872/122/68 1876/83/68 1880/123/68
f 1880/123/68 1884/109/68 1888/110/68
f 1888/110/68 1892/126/68 1896/93/68
f 1896/93/68 1900/127/68 1904/105/68
f 1904/105/68 1872/122/68 1880/123/68
f 1880/123/68 1888/110/68 1896/93/68
f 1880/123/68 1896/93/68 1904/105/68
f 1905/15/47 1906/16/47 1907/17/47
f 1905/15/47 1907/17/47 1908/18/47
f 1908/18/48 1907/17/48 1909/19/48
f 1908/18/48 1909/19/48 1910/20/48
f 1910/20/49 1909/19/49 1911/21/49
f 1910/20/49 1911/21/49 1912/22/49
f 1912/22/50 1911/21/50 1913/23/50
f 1912/22/50 1913/23/50 1914/24/50
f 1914/24/51 1913/23/51 1915/25/51
f 1914/24/51 1915/25/51 1916/26/51
f 1916/26/52 1915/25/52 1917/27/52
f 1916/26/52 1917/27/52 1918/28/52
f 1918/28/53 1917/27/53 1919/29/53
f 1918/28/53 1919/29/53 1920/30/53
f 1920/30/54 1919/29/54 1921/31/54
f 1920/30/54 1921/31/54 1922/32/54
f 1922/32/55 1921/31/55 1923/33/55
f 1922/32/55 1923/33/55 1924/34/55
f 1924/34/56 1923/33/56 1925/35/56
f 1924/34/56 1925/35/56 1926/36/56
f 1926/36/57 1925/35/57 1927/37/57
f 1926/36/57 1927/37/57 1928/38/57
f 1928/38/58 1927/37/58 1929/39/58
f 1928/38/58 1929/39/58 1930/40/58
f 1930/40/59 1929/39/59 1931/41/59
f 1930/40/59 1931/41/59 1932/42/59
f 1932/42/60 1931/41/60 1933/43/60
f 1932/42/60 1933/43/60 1934/44/60
f 1934/44/61 1933/43/61 1935/45/61
f 1934/44/61 1935/45/61 1936/46/61
f 1936/46/62 1935/45/62 1937/47/62
f 1936/46/62 1937/47/62 1938/48/62
f 1938/48/63 1937/47/63 1939/49/63
f 1938/48/63 1939/49/63 1940/50/63
f 1940/50/64 1939/49/64 1941/51/64
f 1940/50/64 1941/51/64 1942/52/64
f 1909/113/65 1907/97/65 1906/55/65
f 1906/55/65 1943/98/65 1941/114/65
f 1941/114/65 1939/115/65 1937/99/65
f 1937/99/65 1935/60/65 1933/100/65
f 1933/100/65 1931/116/65 1929/117/65
f 1929/117/65 1927/101/65 1925/65/65
f 1925/65/65 1923/102/65 1921/118/65
f 1921/118/65 1919/119/65 1917/103/65
f 1917/103/65 1915/70/65 1913/104/65
f 1913/104/65 1911/120/65 1909/113/65
f 1909/113/65 1906/55/65 1941/114/65
f 1941/114/65 1937/99/65 1933/100/65
f 1933/100/65 1929/117/65 1925/65/65
f 1925/65/65 1921/118/65 1917/103/65
f 1917/103/65 1913/104/65 1909/113/65
f 1909/113/65 1941/114/65 1933/100/65
f 1933/100/65 1925/65/65 1917/103/65
f 1933/100/65 1917/103/65 1909/113/65
f 1942/52/66 1941/51/66 1943/73/66
f 1942/52/66 1943/73/66 1944/74/66
f 1944/74/67 1943/73/67 1906/75/67
f 1944/74/67 1906/75/67 1905/76/67
f 1944/105/68 1905/78/68 1908/106/68
f 1908/106/68 1910/121/68 1912/122/68
f 1912/122/68 1914/107/68 1916/83/68
f 1916/83/68 1918/108/68 1920/123/68
f 1920/123/68 1922/124/68 1924/109/68
f 1924/109/68 1926/88/68 1928/110/68
f 1928/110/68 1930/125/68 1932/126/68
f 1932/126/68 1934/111/68 1936/93/68
f 1936/93/68 1938/112/68 1940/127/68
f 1940/127/68 1942/128/68 1944/105/68
f 1944/105/68 1908/106/68 1912/122/68
f 1912/122/68 1916/83/68 1920/123/68
f 1920/123/68 1924/109/68 1928/110/68
f 1928/110/68 1932/126/68 1936/93/68
f 1936/93/68 1940/127/68 1944/105/68
f 1944/105/68 1912/122/68 1920/123/68
f 1920/123/68 1928/110/68 1936/93/68
f 1920/123/68 1936/93/68 1944/105/68
f 1945/15/69 1946/16/69 1947/17/69
f 1945/15/69 1947/17/69 1948/18/69
f 1948/18/70 1947/17/70 1949/19/70
f 1948/18/70 1949/19/70 1950/20/70
f 1950/20/71 1949/19/71 1951/21/71
f 1950/20/71 1951/21/71 1952/22/71
f 1952/22/50 1951/21/50 1953/23/50
f 1952/22/50 1953/23/50 1954/24/50
f 1954/24/72 1953/23/72 1955/25/72
f 1954/24/72 1955/25/72 1956/26/72
f 1956/26/73 1955/25/73 1957/27/73
f 1956/26/73 1957/27/73 1958/28/73
f 1958/28/53 1957/27/53 1959/29/53
f 1958/28/53 1959/29/53 1960/30/53
f 1960/30/74 1959/29/74 1961/31/74
f 1960/30/74 1961/31/74 1962/32/74
f 1962/32/75 1961/31/75 1963/33/75
f 1962/32/75 1963/33/75 1964/34/75
f 1964/34/76 1963/33/76 1965/35/76
f 1964/34/76 1965/35/76 1966/36/76
f 1966/36/77 1965/35/77 1967/37/77
f 1966/36/77 1967/37/77 1968/38/77
f 1968/38/78 1967/37/78 1969/39/78
f 1968/38/78 1969/39/78 1970/40/78
f 1970/40/79 1969/39/79 1971/41/79
f 1970/40/79 1971/41/79 1972/42/79
f 1972/42/60 1971/41/60 1973/43/60
f 1972/42/60 1973/43/60 1974/44/60
f 1974/44/80 1973/43/80 1975/45/80
f 1974/44/80 1975/45/80 1976/46/80
f 1976/46/81 1975/45/81 1977/47/81
f 1976/46/81 1977/47/81 1978/48/81
f 1978/48/63 1977/47/63 1979/49/63
f 1978/48/63 1979/49/63 1980/50/63
f 1980/50/82 1979/49/82 1981/51/82
f 1980/50/82 1981/51/82 1982/52/82
f 1949/113/83 1947/97/83 1946/55/83
f 1946/55/83 1983/98/83 1981/114/83
f 1981/114/83 1979/115/83 1977/99/83
f 1977/99/83 1975/60/83 1973/100/83
f 1973/100/83 1971/116/83 1969/117/83
f 1969/117/83 1967/101/83 1965/65/83
f 1965/65/83 1963/102/83 1961/118/83
f 1961/118/83 1959/119/83 1957/103/83
f 1957/103/83 1955/70/83 1953/104/83
f 1953/104/83 1951/120/83 1949/113/83
f 1949/113/83 1946/55/83 1981/114/83
f 1981/114/83 1977/99/83 1973/100/83
f 1973/100/83 1969/117/83 1965/65/83
f 1965/65/83 1961/118/83 1957/103/83
f 1957/103/83 1953/104/83 1949/113/83
f 1949/113/83 1981/114/83 1973/100/83
f 1973/100/83 1965/65/83 1957/103/83
f 1973/100/83 1957/103/83 1949/113/83
f 1982/52/84 1981/51/84 1983/73/84
f 1982/52/84 1983/73/84 1984/74/84
f 1984/74/85 1983/73/85 1946/75/85
f 1984/74/85 1946/75/85 1945/76/85
f 1984/105/86 1945/78/86 1948/106/86
f 1948/106/86 1950/121/86 1952/122/86
f 1952/122/86 1954/107/86 1956/83/86
f 1956/83/86 1958/108/86 1960/123/86
f 1960/123/86 1962/124/86 1964/109/86
f 1964/109/86 1966/88/86 1968/110/86
f 1968/110/86 1970/125/86 1972/126/86
f 1972/126/86 1974/111/86 1976/93/86
f 1976/93/86 1978/112/86 1980/127/86
f 1980/127/86 1982/128/86 1984/105/86
f 1984/105/86 1948/106/86 1952/122/86
f 1952/122/86 1956/83/86 1960/123/86
f 1960/123/86 1964/109/86 1968/110/86
f 1968/110/86 1972/126/86 1976/93/86
f 1976/93/86 1980/127/86 1984/105/86
f 1984/105/86 1952/122/86 1960/123/86
f 1960/123/86 1968/110/86 1976/93/86
f 1960/123/86 1976/93/86 1984/105/86
f 1985/15/87 1986/16/87 1987/17/87
f 1985/15/87 1987/17/87 1988/18/87
f 1988/18/88 1987/17/88 1989/19/88
f 1988/18/88 1989/19/88 1990/20/88
f 1990/20/89 1989/19/89 1991/21/89
f 1990/20/89 1991/21/89 1992/22/89
f 1992/22/10 1991/21/10 1993/23/10
f 1992/22/10 1993/23/10 1994/24/10
f 1994/24/90 1993/23/90 1995/25/90
f 1994/24/90 1995/25/90 1996/26/90
f 1996/26/91 1995/25/91 1997/27/91
f 1996/26/91 1997/27/91 1998/28/91
f 1998/28/13 1997/27/13 1999/29/13
f 1998/28/13 1999/29/13 2000/30/13
f 2000/30/92 1999/29/92 2001/31/92
f 2000/30/92 2001/31/92 2002/32/92
f 2002/32/93 2001/31/93 2003/33/93
f 2002/32/93 2003/33/93 2004/34/93
f 2004/34/94 2003/33/94 2005/35/94
f 2004/34/94 2005/35/94 2006/36/94
f 2006/36/95 2005/35/95 2007/37/95
f 2006/36/95 2007/37/95 2008/38/95
f 2008/38/96 2007/37/96 2009/39/96
f 2008/38/96 2009/39/96 2010/40/96
f 2010/40/97 2009/39/97 2011/41/97
f 2010/40/97 2011/41/97 2012/42/97
f 2012/42/20 2011/41/20 2013/43/20
f 2012/42/20 2013/43/20 2014/44/20
f 2014/44/98 2013/43/98 2015/45/98
f 2014/44/98 2015/45/98 2016/46/98
f 2016/46/99 2015/45/99 2017/47/99
f 2016/46/99 2017/47/99 2018/48/99
f 2018/48/23 2017/47/23 2019/49/23
f 2018/48/23 2019/49/23 2020/50/23
f 2020/50/100 2019/49/100 2021/51/100
f 2020/50/100 2021/51/100 2022/52/100
f 1989/113/101 1987/97/101 1986/55/101
f 1986/55/101 2023/98/101 2021/114/101
f 2021/114/101 2019/115/101 2017/99/101
f 2017/99/101 2015/60/101 2013/100/101
f 2013/100/101 2011/116/101 2009/117/101
f 2009/117/101 2007/101/101 2005/65/101
f 2005/65/101 2003/102/101 2001/118/101
f 2001/118/101 1999/119/101 1997/103/101
f 1997/103/101 1995/70/101 1993/104/101
f 1993/104/101 1991/120/101 1989/113/101
f 1989/113/101 1986/55/101 2021/114/101
f 2021/114/101 2017/99/101 2013/100/101
f 2013/100/101 2009/117/101 2005/65/101
f 2005/65/101 2001/118/101 1997/103/101
f 1997/103/101 1993/104/101 1989/113/101
f 1989/113/101 2021/114/101 2013/100/101
f 2013/100/101 2005/65/101 1997/103/101
f 2013/100/101 1997/103/101 1989/113/101
f 2022/52/102 2021/51/102 2023/73/102
f 2022/52/102 2023/73/102 2024/74/102
f 2024/74/103 2023/73/103 1986/75/103
f 2024/74/103 1986/75/103 1985/76/103
f 2024/105/104 1985/78/104 1988/106/104
f 1988/106/104 1990/121/104 1992/122/104
f 1992/122/104 1994/107/104 1996/83/104
f 1996/83/104 1998/108/104 2000/123/104
f 2000/123/104 2002/124/104 2004/109/104
f 2004/109/104 2006/88/104 2008/110/104
f 2008/110/104 2010/125/104 2012/126/104
f 2012/126/104 2014/111/104 2016/93/104
f 2016/93/104 2018/112/104 2020/127/104
f 2020/127/104 2022/128/104 2024/105/104
f 2024/105/104 1988/106/104 1992/122/104
f 1992/122/104 1996/83/104 2000/123/104
f 2000/123/104 2004/109/104 2008/110/104
f 2008/110/104 2012/126/104 2016/93/104
f 2016/93/104 2020/127/104 2024/105/104
f 2024/105/104 1992/122/104 2000/123/104
f 2000/123/104 2008/110/104 2016/93/104
f 2000/123/104 2016/93/104 2024/105/104
f 2025/15/47 2026/16/47 2027/17/47
f 2025/15/47 2027/17/47 2028/18/47
f 2028/18/48 2027/17/48 2029/19/48
f 2028/18/48 2029/19/48 2030/20/48
f 2030/20/49 2029/19/49 2031/21/49
f 2030/20/49 2031/21/49 2032/22/49
f 2032/22/50 2031/21/50 2033/23/50
f 2032/22/50 2033/23/50 2034/24/50
f 2034/24/51 2033/23/51 2035/25/51
f 2034/24/51 2035/25/51 2036/26/51
f 2036/26/52 2035/25/52 2037/27/52
f 2036/26/52 2037/27/52 2038/28/52
f 2038/28/53 2037/27/53 2039/29/53
f 2038/28/53 2039/29/53 2040/30/53
f 2040/30/54 2039/29/54 2041/31/54
f 2040/30/54 2041/31/54 2042/32/54
f 2042/32/55 2041/31/55 2043/33/55
f 2042/32/55 2043/33/55 2044/34/55
f 2044/34/56 2043/33/56 2045/35/56
f 2044/34/56 2045/35/56 2046/36/56
f 2046/36/57 2045/35/57 2047/37/57
f 2046/36/57 2047/37/57 2048/38/57
f 2048/38/58 2047/37/58 2049/39/58
f 2048/38/58 2049/39/58 2050/40/58
f 2050/40/59 2049/39/59 2051/41/59
f 2050/40/59 2051/41/59 2052/42/59
f 2052/42/60 2051/41/60 2053/43/60
f 2052/42/60 2053/43/60 2054/44/60
f 2054/44/61 2053/43/61 2055/45/61
f 2054/44/61 2055/45/61 2056/46/61
f 2056/46/62 2055/45/62 2057/47/62
f 2056/46/62 2057/47/62 2058/48/62
f 2058/48/63 2057/47/63 2059/49/63
f 2058/48/63 2059/49/63 2060/50/63
f 2060/50/64 2059/49/64 2061/51/64
f 2060/50/64 2061/51/64 2062/52/64
f 2029/113/65 2027/97/65 2026/55/65
f 2026/55/65 2063/98/65 2061/114/65
f 2061/114/65 2059/115/65 2057/99/65
f 2057/99/65 2055/60/65 2053/100/65
f 2053/100/65 2051/116/65 2049/117/65
f 2049/117/65 2047/101/65 2045/65/65
f 2045/65/65 2043/102/65 2041/118/65
f 2041/118/65 2039/119/65 2037/103/65
f 2037/103/65 2035/70/65 2033/104/65
f 2033/104/65 2031/120/65 2029/113/65
f 2029/113/65 2026/55/65 2061/114/65
f 2061/114/65 2057/99/65 2053/100/65
f 2053/100/65 2049/117/65 2045/65/65
f 2045/65/65 2041/118/65 2037/103/65
f 2037/103/65 2033/104/65 2029/113/65
f 2029/113/65 2061/114/65 2053/100/65
f 2053/100/65 2045/65/65 2037/103/65
f 2053/100/65 2037/103/65 2029/113/65
f 2062/52/66 2061/51/66 2063/73/66
f 2062/52/66 2063/73/66 2064/74/66
f 2064/74/67 2063/73/67 2026/75/67
f 2064/74/67 2026/75/67 2025/76/67
f 2064/105/68 2025/78/68 2028/106/68
f 2028/106/68 2030/121/68 2032/122/68
f 2032/122/68 2034/107/68 2036/83/68
f 2036/83/68 2038/108/68 2040/123/68
f 2040/123/68 2042/124/68 2044/109/68
f 2044/109/68 2046/88/68 2048/110/68
f 2048/110/68 2050/125/68 2052/126/68
f 2052/126/68 2054/111/68 2056/93/68
f 2056/93/68 2058/112/68 2060/127/68
f 2060/127/68 2062/128/68 2064/105/68
f 2064/105/68 2028/106/68 2032/122/68
f 2032/122/68 2036/83/68 2040/123/68
f 2040/123/68 2044/109/68 2048/110/68
f 2048/110/68 2052/126/68 2056/93/68
f 2056/93/68 2060/127/68 2064/105/68
f 2064/105/68 2032/122/68 2040/123/68
f 2040/123/68 2048/110/68 2056/93/68
f 2040/123/68 2056/93/68 2064/105/68
f 2065/15/47 2066/16/47 2067/17/47
f 2065/15/47 2067/17/47 2068/18/47
f 2068/18/48 2067/17/48 2069/19/48
f 2068/18/48 2069/19/48 2070/20/48
f 2070/20/49 2069/19/49 2071/21/49
f 2070/20/49 2071/21/49 2072/22/49
f 2072/22/50 2071/21/50 2073/23/50
f 2072/22/50 2073/23/50 2074/24/50
f 2074/24/51 2073/23/51 2075/25/51
f 2074/24/51 2075/25/51 2076/26/51
f 2076/26/52 2075/25/52 2077/27/52
f 2076/26/52 2077/27/52 2078/28/52
f 2078/28/53 2077/27/53 2079/29/53
f 2078/28/53 2079/29/53 2080/30/53
f 2080/30/54 2079/29/54 2081/31/54
f 2080/30/54 2081/31/54 2082/32/54
f 2082/32/55 2081/31/55 2083/33/55
f 2082/32/55 2083/33/55 2084/34/55
f 2084/34/56 2083/33/56 2085/35/56
f 2084/34/56 2085/35/56 2086/36/56
f 2086/36/57 2085/35/57 2087/37/57
f 2086/36/57 2087/37/57 2088/38/57
f 2088/38/58 2087/37/58 2089/39/58
f 2088/38/58 2089/39/58 2090/40/58
f 2090/40/59 2089/39/59 2091/41/59
f 2090/40/59 2091/41/59 2092/42/59
f 2092/42/60 2091/41/60 2093/43/60
f 2092/42/60 2093/43/60 2094/44/60
f 2094/44/61 2093/43/61 2095/45/61
f 2094/44/61 2095/45/61 2096/46/61
f 2096/46/62 2095/45/62 2097/47/62
f 2096/46/62 2097/47/62 2098/48/62
f 2098/48/63 2097/47/63 2099/49/63
f 2098/48/63 2099/49/63 2100/50/63
f 2100/50/64 2099/49/64 2101/51/64
f 2100/50/64 2101/51/64 2102/52/64
f 2069/113/65 2067/97/65 2066/55/65
f 2066/55/65 2103/98/65 2101/114/65
f 2101/114/65 2099/115/65 2097/99/65
f 2097/99/65 2095/60/65 2093/100/65
f 2093/100/65 2091/116/65 2089/117/65
f 2089/117/65 2087/101/65 2085/65/65
f 2085/65/65 2083/102/65 2081/118/65
f 2081/118/65 2079/119/65 2077/103/65
f 2077/103/65 2075/70/65 2073/104/65
f 2073/104/65 2071/120/65 2069/113/65
f 2069/113/65 2066/55/65 2101/114/65
f 2101/114/65 2097/99/65 2093/100/65
f 2093/100/65 2089/117/65 2085/65/65
f 2085/65/65 2081/118/65 2077/103/65
f 2077/103/65 2073/104/65 2069/113/65
f 2069/113/65 2101/114/65 2093/100/65
f 2093/100/65 2085/65/65 2077/103/65
f 2093/100/65 2077/103/65 2069/113/65
f 2102/52/66 2101/51/66 2103/73/66
f 2102/52/66 2103/73/66 2104/74/66
f 2104/74/67 2103/73/67 2066/75/67
f 2104/74/67 2066/75/67 2065/76/67
f 2104/105/68 2065/78/68 2068/106/68
f 2068/106/68 2070/121/68 2072/122/68
f 2072/122/68 2074/107/68 2076/83/68
f 2076/83/68 2078/108/68 2080/123/68
f 2080/123/68 2082/124/68 2084/109/68
f 2084/109/68 2086/88/68 2088/110/68
f 2088/110/68 2090/125/68 2092/126/68
f 2092/126/68 2094/111/68 2096/93/68
f 2096/93/68 2098/112/68 2100/127/68
f 2100/127/68 2102/128/68 2104/105/68
f 2104/105/68 2068/106/68 2072/122/68
f 2072/122/68 2076/83/68 2080/123/68
f 2080/123/68 2084/109/68 2088/110/68
f 2088/110/68 2092/126/68 2096/93/68
f 2096/93/68 2100/127/68 2104/105/68
f 2104/105/68 2072/122/68 2080/123/68
f 2080/123/68 2088/110/68 2096/93/68
f 2080/123/68 2096/93/68 2104/105/68
f 2105/15/47 2106/16/47 2107/17/47
f 2105/15/47 2107/17/47 2108/18/47
f 2108/18/48 2107/17/48 2109/19/48
f 2108/18/48 2109/19/48 2110/20/48
f 2110/20/49 2109/19/49 2111/21/49
f 2110/20/49 2111/21/49 2112/22/49
f 2112/22/50 2111/21/50 2113/23/50
f 2112/22/50 2113/23/50 2114/24/50
f 2114/24/51 2113/23/51 2115/25/51
f 2114/24/51 2115/25/51 2116/26/51
f 2116/26/52 2115/25/52 2117/27/52
f 2116/26/52 2117/27/52 2118/28/52
f 2118/28/53 2117/27/53 2119/29/53
f 2118/28/53 2119/29/53 2120/30/53
f 2120/30/54 2119/29/54 2121/31/54
f 2120/30/54 2121/31/54 2122/32/54
f 2122/32/55 2121/31/55 2123/33/55
f 2122/32/55 2123/33/55 2124/34/55
f 2124/34/56 2123/33/56 2125/35/56
f 2124/34/56 2125/35/56 2126/36/56
f 2126/36/57 2125/35/57 2127/37/57
f 2126/36/57 2127/37/57 2128/38/57
f 2128/38/58 2127/37/58 2129/39/58
f 2128/38/58 2129/39/58 2130/40/58
f 2130/40/59 2129/39/59 2131/41/59
f 2130/40/59 2131/41/59 2132/42/59
f 2132/42/60 2131/41/60 2133/43/60
f 2132/42/60 2133/43/60 2134/44/60
f 2134/44/61 2133/43/61 2135/45/61
f 2134/44/61 2135/45/61 2136/46/61
f 2136/46/62 2135/45/62 2137/47/62
f 2136/46/62 2137/47/62 2138/48/62
f 2138/48/63 2137/47/63 2139/49/63
f 2138/48/63 2139/49/63 2140/50/63
f 2140/50/64 2139/49/64 2141/51/64
f 2140/50/64 2141/51/64 2142/52/64
f 2109/113/65 2107/97/65 2106/55/65
f 2106/55/65 2143/98/65 2141/114/65
f 2141/114/65 2139/115/65 2137/99/65
f 2137/99/65 2135/60/65 2133/100/65
f 2133/100/65 2131/116/65 2129/117/65
f 2129/117/65 2127/101/65 2125/65/65
f 2125/65/65 2123/102/65 2121/118/65
f 2121/118/65 2119/119/65 2117/103/65
f 2117/103/65 2115/70/65 2113/104/65
f 2113/104/65 2111/120/65 2109/113/65
f 2109/113/65 2106/55/65 2141/114/65
f 2141/114/65 2137/99/65 2133/100/65
f 2133/100/65 2129/117/65 2125/65/65
f 2125/65/65 2121/118/65 2117/103/65
f 2117/103/65 2113/104/65 2109/113/65
f 2109/113/65 2141/114/65 2133/100/65
f 2133/100/65 2125/65/65 2117/103/65
f 2133/100/65 2117/103/65 2109/113/65
f 2142/52/66 2141/51/66 2143/73/66
f 2142/52/66 2143/73/66 2144/74/66
f 2144/74/67 2143/73/67 2106/75/67
f 2144/74/67 2106/75/67 2105/76/67
f 2144/105/68 2105/78/68 2108/106/68
f 2108/106/68 2110/121/68 2112/122/68
f 2112/122/68 2114/107/68 2116/83/68
f 2116/83/68 2118/108/68 2120/123/68
f 2120/123/68 2122/124/68 2124/109/68
f 2124/109/68 2126/88/68 2128/110/68
f 2128/110/68 2130/125/68 2132/126/68
f 2132/126/68 2134/111/68 2136/93/68
f 2136/93/68 2138/112/68 2140/127/68
f 2140/127/68 2142/128/68 2144/105/68
f 2144/105/68 2108/106/68 2112/122/68
f 2112/122/68 2116/83/68 2120/123/68
f 2120/123/68 2124/109/68 2128/110/68
f 2128/110/68 2132/126/68 2136/93/68
f 2136/93/68 2140/127/68 2144/105/68
f 2144/105/68 2112/122/68 2120/123/68
f 2120/123/68 2128/110/68 2136/93/68
f 2120/123/68 2136/93/68 2144/105/68
f 2145/15/69 2146/16/69 2147/17/69
f 2145/15/69 2147/17/69 2148/18/69
f 2148/18/70 2147/17/70 2149/19/70
f 2148/18/70 2149/19/70 2150/20/70
f 2150/20/71 2149/19/71 2151/21/71
f 2150/20/71 2151/21/71 2152/22/71
f 2152/22/50 2151/21/50 2153/23/50
f 2152/22/50 2153/23/50 2154/24/50
f 2154/24/72 2153/23/72 2155/25/72
f 2154/24/72 2155/25/72 2156/26/72
f 2156/26/73 2155/25/73 2157/27/73
f 2156/26/73 2157/27/73 2158/28/73
f 2158/28/53 2157/27/53 2159/29/53
f 2158/28/53 2159/29/53 2160/30/53
f 2160/30/74 2159/29/74 2161/31/74
f 2160/30/74 2161/31/74 2162/32/74
f 2162/32/75 2161/31/75 2163/33/75
f 2162/32/75 2163/33/75 2164/34/75
f 2164/34/76 2163/33/76 2165/35/76
f 2164/34/76 2165/35/76 2166/36/76
f 2166/36/77 2165/35/77 2167/37/77
f 2166/36/77 2167/37/77 2168/38/77
f 2168/38/78 2167/37/78 2169/39/78
f 2168/38/78 2169/39/78 2170/40/78
f 2170/40/79 2169/39/79 2171/41/79
f 2170/40/79 2171/41/79 2172/42/79
f 2172/42/60 2171/41/60 2173/43/60
f 2172/42/60 2173/43/60 2174/44/60
f 2174/44/80 2173/43/80 2175/45/80
f 2174/44/80 2175/45/80 2176/46/80
f 2176/46/81 2175/45/81 2177/47/81
f 2176/46/81 2177/47/81 2178/48/81
f 2178/48/63 2177/47/63 2179/49/63
f 2178/48/63 2179/49/63 2180/50/63
f 2180/50/82 2179/49/82 2181/51/82
f 2180/50/82 2181/51/82 2182/52/82
f 2149/113/83 2147/97/83 2146/55/83
f 2146/55/83 2183/98/83 2181/114/83
f 2181/114/83 2179/115/83 2177/99/83
f 2177/99/83 2175/60/83 2173/100/83
f 2173/100/83 2171/116/83 2169/117/83
f 2169/117/83 2167/101/83 2165/65/83
f 2165/65/83 2163/102/83 2161/118/83
f 2161/118/83 2159/119/83 2157/103/83
f 2157/103/83 2155/70/83 2153/104/83
f 2153/104/83 2151/120/83 2149/113/83
f 2149/113/83 2146/55/83 2181/114/83
f 2181/114/83 2177/99/83 2173/100/83
f 2173/100/83 2169/117/83 2165/65/83
f 2165/65/83 2161/118/83 2157/103/83
f 2157/103/83 2153/104/83 2149/113/83
f 2149/113/83 2181/114/83 2173/100/83
f 2173/100/83 2165/65/83 2157/103/83
f 2173/100/83 2157/103/83 2149/113/83
f 2182/52/84 2181/51/84 2183/73/84
f 2182/52/84 2183/73/84 2184/74/84
f 2184/74/85 2183/73/85 2146/75/85
f 2184/74/85 2146/75/85 2145/76/85
f 2184/105/86 2145/78/86 2148/106/86
f 2148/106/86 2150/121/86 2152/122/86
f 2152/122/86 2154/107/86 2156/83/86
f 2156/83/86 2158/108/86 2160/123/86
f 2160/123/86 2162/124/86 2164/109/86
f 2164/109/86 2166/88/86 2168/110/86
f 2168/110/86 2170/125/86 2172/126/86
f 2172/126/86 2174/111/86 2176/93/86
f 2176/93/86 2178/112/86 2180/127/86
f 2180/127/86 2182/128/86 2184/105/86
f 2184/105/86 2148/106/86 2152/122/86
f 2152/122/86 2156/83/86 2160/123/86
f 2160/123/86 2164/109/86 2168/110/86
f 2168/110/86 2172/126/86 2176/93/86
f 2176/93/86 2180/127/86 2184/105/86
f 2184/105/86 2152/122/86 2160/123/86
f 2160/123/86 2168/110/86 2176/93/86
f 2160/123/86 2176/93/86 2184/105/86
f 2185/15/87 2186/16/87 2187/17/87
f 2185/15/87 2187/17/87 2188/18/87
f 2188/18/88 2187/17/88 2189/19/88
f 2188/18/88 2189/19/88 2190/20/88
f 2190/20/89 2189/19/89 2191/21/89
f 2190/20/89 2191/21/89 2192/22/89
f 2192/22/10 2191/21/10 2193/23/10
f 2192/22/10 2193/23/10 2194/24/10
f 2194/24/90 2193/23/90 2195/25/90
f 2194/24/90 2195/25/90 2196/26/90
f 2196/26/91 2195/25/91 2197/27/91
f 2196/26/91 2197/27/91 2198/28/91
f 2198/28/13 2197/27/13 2199/29/13
f 2198/28/13 2199/29/13 2200/30/13
f 2200/30/92 2199/29/92 2201/31/92
f 2200/30/92 2201/31/92 2202/32/92
f 2202/32/93 2201/31/93 2203/33/93
f 2202/32/93 2203/33/93 2204/34/93
f 2204/34/94 2203/33/94 2205/35/94
f 2204/34/94 2205/35/94 2206/36/94
f 2206/36/95 2205/35/95 2207/37/95
f 2206/36/95 2207/37/95 2208/38/95
f 2208/38/96 2207/37/96 2209/39/96
f 2208/38/96 2209/39/96 2210/40/96
f 2210/40/97 2209/39/97 2211/41/97
f 2210/40/97 2211/41/97 2212/42/97
f 2212/42/20 2211/41/20 2213/43/20
f 2212/42/20 2213/43/20 2214/44/20
f 2214/44/98 2213/43/98 2215/45/98
f 2214/44/98 2215/45/98 2216/46/98
f 2216/46/99 2215/45/99 2217/47/99
f 2216/46/99 2217/47/99 2218/48/99
f 2218/48/23 2217/47/23 2219/49/23
f 2218/48/23 2219/49/23 2220/50/23
f 2220/50/100 2219/49/100 2221/51/100
f 2220/50/100 2221/51/100 2222/52/100
f 2189/113/101 2187/97/101 2186/55/101
f 2186/55/101 2223/98/101 2221/114/101
f 2221/114/101 2219/115/101 2217/99/101
f 2217/99/101 2215/60/101 2213/100/101
f 2213/100/101 2211/116/101 2209/117/101
f 2209/117/101 2207/101/101 2205/65/101
f 2205/65/101 2203/102/101 2201/118/101
f 2201/118/101 2199/119/101 2197/103/101
f 2197/103/101 2195/70/101 2193/104/101
f 2193/104/101 2191/120/101 2189/113/101
f 2189/113/101 2186/55/101 2221/114/101
f 2221/114/101 2217/99/101 2213/100/101
f 2213/100/101 2209/117/101 2205/65/101
f 2205/65/101 2201/118/101 2197/103/101
f 2197/103/101 2193/104/101 2189/113/101
f 2189/113/101 2221/114/101 2213/100/101
f 2213/100/101 2205/65/101 2197/103/101
f 2213/100/101 2197/103/101 2189/113/101
f 2222/52/102 2221/51/102 2223/73/102
f 2222/52/102 2223/73/102 2224/74/102
f 2224/74/103 2223/73/103 2186/75/103
f 2224/74/103 2186/75/103 2185/76/103
f 2224/105/104 2185/78/104 2188/106/104
f 2188/106/104 2190/121/104 2192/122/104
f 2192/122/104 2194/107/104 2196/83/104
f 2196/83/104 2198/108/104 2200/123/104
f 2200/123/104 2202/124/104 2204/109/104
f 2204/109/104 2206/88/104 2208/110/104
f 2208/110/104 2210/125/104 2212/126/104
f 2212/126/104 2214/111/104 2216/93/104
f 2216/93/104 2218/112/104 2220/127/104
f 2220/127/104 2222/128/104 2224/105/104
f 2224/105/104 2188/106/104 2192/122/104
f 2192/122/104 2196/83/104 2200/123/104
f 2200/123/104 2204/109/104 2208/110/104
f 2208/110/104 2212/126/104 2216/93/104
f 2216/93/104 2220/127/104 2224/105/104
f 2224/105/104 2192/122/104 2200/123/104
f 2200/123/104 2208/110/104 2216/93/104
f 2200/123/104 2216/93/104 2224/105/104
f 2225/15/47 2226/16/47 2227/17/47
f 2225/15/47 2227/17/47 2228/18/47
f 2228/18/48 2227/17/48 2229/19/48
f 2228/18/48 2229/19/48 2230/20/48
f 2230/20/49 2229/19/49 2231/21/49
f 2230/20/49 2231/21/49 2232/22/49
f 2232/22/50 2231/21/50 2233/23/50
f 2232/22/50 2233/23/50 2234/24/50
f 2234/24/51 2233/23/51 2235/25/51
f 2234/24/51 2235/25/51 2236/26/51
f 2236/26/52 2235/25/52 2237/27/52
f 2236/26/52 2237/27/52 2238/28/52
f 2238/28/53 2237/27/53 2239/29/53
f 2238/28/53 2239/29/53 2240/30/53
f 2240/30/54 2239/29/54 2241/31/54
f 2240/30/54 2241/31/54 2242/32/54
f 2242/32/55 2241/31/55 2243/33/55
f 2242/32/55 2243/33/55 2244/34/55
f 2244/34/56 2243/33/56 2245/35/56
f 2244/34/56 2245/35/56 2246/36/56
f 2246/36/57 2245/35/57 2247/37/57
f 2246/36/57 2247/37/57 2248/38/57
f 2248/38/58 2247/37/58 2249/39/58
f 2248/38/58 2249/39/58 2250/40/58
f 2250/40/59 2249/39/59 2251/41/59
f 2250/40/59 2251/41/59 2252/42/59
f 2252/42/60 2251/41/60 2253/43/60
f 2252/42/60 2253/43/60 2254/44/60
f 2254/44/61 2253/43/61 2255/45/61
f 2254/44/61 2255/45/61 2256/46/61
f 2256/46/62 2255/45/62 2257/47/62
f 2256/46/62 2257/47/62 2258/48/62
f 2258/48/63 2257/47/63 2259/49/63
f 2258/48/63 2259/49/63 2260/50/63
f 2260/50/64 2259/49/64 2261/51/64
f 2260/50/64 2261/51/64 2262/52/64
f 2229/113/65 2227/97/65 2226/55/65
f 2226/55/65 2263/98/65 2261/114/65
f 2261/114/65 2259/115/65 2257/99/65
f 2257/99/65 2255/60/65 2253/100/65
f 2253/100/65 2251/116/65 2249/117/65
f 2249/117/65 2247/101/65 2245/65/65
f 2245/65/65 2243/102/65 2241/118/65
f 2241/118/65 2239/119/65 2237/103/65
f 2237/103/65 2235/70/65 2233/104/65
f 2233/104/65 2231/120/65 2229/113/65
f 2229/113/65 2226/55/65 2261/114/65
f 2261/114/65 2257/99/65 2253/100/65
f 2253/100/65 2249/117/65 2245/65/65
f 2245/65/65 2241/118/65 2237/103/65
f 2237/103/65 2233/104/65 2229/113/65
f 2229/113/65 2261/114/65 2253/100/65
f 2253/100/65 2245/65/65 2237/103/65
f 2253/100/65 2237/103/65 2229/113/65
f 2262/52/66 2261/51/66 2263/73/66
f 2262/52/66 2263/73/66 2264/74/66
f 2264/74/67 2263/73/67 2226/75/67
f 2264/74/67 2226/75/67 2225/76/67
f 2264/105/68 2225/78/68 2228/106/68
f 2228/106/68 2230/121/68 2232/122/68
f 2232/122/68 2234/107/68 2236/83/68
f 2236/83/68 2238/108/68 2240/123/68
f 2240/123/68 2242/124/68 2244/109/68
f 2244/109/68 2246/88/68 2248/110/68
f 2248/110/68 2250/125/68 2252/126/68
f 2252/126/68 2254/111/68 2256/93/68
f 2256/93/68 2258/112/68 2260/127/68
f 2260/127/68 2262/128/68 2264/105/68
f 2264/105/68 2228/106/68 2232/122/68
f 2232/122/68 2236/83/68 2240/123/68
f 2240/123/68 2244/109/68 2248/110/68
f 2248/110/68 2252/126/68 2256/93/68
f 2256/93/68 2260/127/68 2264/105/68
f 2264/105/68 2232/122/68 2240/123/68
f 2240/123/68 2248/110/68 2256/93/68
f 2240/123/68 2256/93/68 2264/105/68
f 2265/15/47 2266/16/47 2267/17/47
f 2265/15/47 2267/17/47 2268/18/47
f 2268/18/48 2267/17/48 2269/19/48
f 2268/18/48 2269/19/48 2270/20/48
f 2270/20/49 2269/19/49 2271/21/49
f 2270/20/49 2271/21/49 2272/22/49
f 2272/22/50 2271/21/50 2273/23/50
f 2272/22/50 2273/23/50 2274/24/50
f 2274/24/51 2273/23/51 2275/25/51
f 2274/24/51 2275/25/51 2276/26/51
f 2276/26/52 2275/25/52 2277/27/52
f 2276/26/52 2277/27/52 2278/28/52
f 2278/28/53 2277/27/53 2279/29/53
f 2278/28/53 2279/29/53 2280/30/53
f 2280/30/54 2279/29/54 2281/31/54
f 2280/30/54 2281/31/54 2282/32/54
f 2282/32/55 2281/31/55 2283/33/55
f 2282/32/55 2283/33/55 2284/34/55
f 2284/34/56 2283/33/56 2285/35/56
f 2284/34/56 2285/35/56 2286/36/56
f 2286/36/57 2285/35/57 2287/37/57
f 2286/36/57 2287/37/57 2288/38/57
f 2288/38/58 2287/37/58 2289/39/58
f 2288/38/58 2289/39/58 2290/40/58
f 2290/40/59 2289/39/59 2291/41/59
f 2290/40/59 2291/41/59 2292/42/59
f 2292/42/60 2291/41/60 2293/43/60
f 2292/42/60 2293/43/60 2294/44/60
f 2294/44/61 2293/43/61 2295/45/61
f 2294/44/61 2295/45/61 2296/46/61
f 2296/46/62 2295/45/62 2297/47/62
f 2296/46/62 2297/47/62 2298/48/62
f 2298/48/63 2297/47/63 2299/49/63
f 2298/48/63 2299/49/63 2300/50/63
f 2300/50/64 2299/49/64 2301/51/64
f 2300/50/64 2301/51/64 2302/52/64
f 2269/113/65 2267/97/65 2266/55/65
f 2266/55/65 2303/98/65 2301/114/65
f 2301/114/65 2299/115/65 2297/99/65
f 2297/99/65 2295/60/65 2293/100/65
f 2293/100/65 2291/116/65 2289/117/65
f 2289/117/65 2287/101/65 2285/65/65
f 2285/65/65 2283/102/65 2281/118/65
f 2281/118/65 2279/119/65 2277/103/65
f 2277/103/65 2275/70/65 2273/104/65
f 2273/104/65 2271/120/65 2269/113/65
f 2269/113/65 2266/55/65 2301/114/65
f 2301/114/65 2297/99/65 2293/100/65
f 2293/100/65 2289/117/65 2285/65/65
f 2285/65/65 2281/118/65 2277/103/65
f 2277/103/65 2273/104/65 2269/113/65
f 2269/113/65 2301/114/65 2293/100/65
f 2293/100/65 2285/65/65 2277/103/65
f 2293/100/65 2277/103/65 2269/113/65
f 2302/52/66 2301/51/66 2303/73/66
f 2302/52/66 2303/73/66 2304/74/66
f 2304/74/67 2303/73/67 2266/75/67
f 2304/74/67 2266/75/67 2265/76/67
f 2304/105/68 2265/78/68 2268/106/68
f 2268/106/68 2270/121/68 2272/122/68
f 2272/122/68 2274/107/68 2276/83/68
f 2276/83/68 2278/108/68 2280/123/68
f 2280/123/68 2282/124/68 2284/109/68
f 2284/109/68 2286/88/68 2288/110/68
f 2288/110/68 2290/125/68 2292/126/68
f 2292/126/68 2294/111/68 2296/93/68
f 2296/93/68 2298/112/68 2300/127/68
f 2300/127/68 2302/128/68 2304/105/68
f 2304/105/68 2268/106/68 2272/122/68
f 2272/122/68 2276/83/68 2280/123/68
f 2280/123/68 2284/109/68 2288/110/68
f 2288/110/68 2292/126/68 2296/93/68
f 2296/93/68 2300/127/68 2304/105/68
f 2304/105/68 2272/122/68 2280/123/68
f 2280/123/68 2288/110/68 2296/93/68
f 2280/123/68 2296/93/68 2304/105/68
f 2305/15/47 2306/16/47 2307/17/47
f 2305/15/47 2307/17/47 2308/18/47
f 2308/18/48 2307/17/48 2309/19/48
f 2308/18/48 2309/19/48 2310/20/48
f 2310/20/49 2309/19/49 2311/21/49
f 2310/20/49 2311/21/49 2312/22/49
f 2312/22/50 2311/21/50 2313/23/50
f 2312/22/50 2313/23/50 2314/24/50
f 2314/24/51 2313/23/51 2315/25/51
f 2314/24/51 2315/25/51 2316/26/51
f 2316/26/52 2315/25/52 2317/27/52
f 2316/26/52 2317/27/52 2318/28/52
f 2318/28/53 2317/27/53 2319/29/53
f 2318/28/53 2319/29/53 2320/30/53
f 2320/30/54 2319/29/54 2321/31/54
f 2320/30/54 2321/31/54 2322/32/54
f 2322/32/55 2321/31/55 2323/33/55
f 2322/32/55 2323/33/55 2324/34/55
f 2324/34/56 2323/33/56 2325/35/56
f 2324/34/56 2325/35/56 2326/36/56
f 2326/36/57 2325/35/57 2327/37/57
f 2326/36/57 2327/37/57 2328/38/57
f 2328/38/58 2327/37/58 2329/39/58
f 2328/38/58 2329/39/58 2330/40/58
f 2330/40/59 2329/39/59 2331/41/59
f 2330/40/59 2331/41/59 2332/42/59
f 2332/42/60 2331/41/60 2333/43/60
f 2332/42/60 2333/43/60 2334/44/60
f 2334/44/61 2333/43/61 2335/45/61
f 2334/44/61 2335/45/61 2336/46/61
f 2336/46/62 2335/45/62 2337/47/62
f 2336/46/62 2337/47/62 2338/48/62
f 2338/48/63 2337/47/63 2339/49/63
f 2338/48/63 2339/49/63 2340/50/63
f 2340/50/64 2339/49/64 2341/51/64
f 2340/50/64 2341/51/64 2342/52/64
f 2309/113/65 2307/97/65 2306/55/65
f 2306/55/65 2343/98/65 2341/114/65
f 2341/114/65 2339/115/65 2337/99/65
f 2337/99/65 2335/60/65 2333/100/65
f 2333/100/65 2331/116/65 2329/117/65
f 2329/117/65 2327/101/65 2325/65/65
f 2325/65/65 2323/102/65 2321/118/65
f 2321/118/65 2319/119/65 2317/103/65
f 2317/103/65 2315/70/65 2313/104/65
f 2313/104/65 2311/120/65 2309/113/65
f 2309/113/65 2306/55/65 2341/114/65
f 2341/114/65 2337/99/65 2333/100/65
f 2333/100/65 2329/117/65 2325/65/65
f 2325/65/65 2321/118/65 2317/103/65
f 2317/103/65 2313/104/65 2309/113/65
f 2309/113/65 2341/114/65 2333/100/65
f 2333/100/65 2325/65/65 2317/103/65
f 2333/100/65 2317/103/65 2309/113/65
f 2342/52/66 2341/51/66 2343/73/66
f 2342/52/66 2343/73/66 2344/74/66
f 2344/74/67 2343/73/67 2306/75/67
f 2344/74/67 2306/75/67 2305/76/67
f 2344/105/68 2305/78/68 2308/106/68
f 2308/106/68 2310/121/68 2312/122/68
f 2312/122/68 2314/107/68 2316/83/68
f 2316/83/68 2318/108/68 2320/123/68
f 2320/123/68 2322/124/68 2324/109/68
f 2324/109/68 2326/88/68 2328/110/68
f 2328/110/68 2330/125/68 2332/126/68
f 2332/126/68 2334/111/68 2336/93/68
f 2336/93/68 2338/112/68 2340/127/68
f 2340/127/68 2342/128/68 2344/105/68
f 2344/105/68 2308/106/68 2312/122/68
f 2312/122/68 2316/83/68 2320/123/68
f 2320/123/68 2324/109/68 2328/110/68
f 2328/110/68 2332/126/68 2336/93/68
f 2336/93/68 2340/127/68 2344/105/68
f 2344/105/68 2312/122/68 2320/123/68
f 2320/123/68 2328/110/68 2336/93/68
f 2320/123/68 2336/93/68 2344/105/68
f 2345/15/69 2346/16/69 2347/17/69
f 2345/15/69 2347/17/69 2348/18/69
f 2348/18/70 2347/17/70 2349/19/70
f 2348/18/70 2349/19/70 2350/20/70
f 2350/20/71 2349/19/71 2351/21/71
f 2350/20/71 2351/21/71 2352/22/71
f 2352/22/50 2351/21/50 2353/23/50
f 2352/22/50 2353/23/50 2354/24/50
f 2354/24/72 2353/23/72 2355/25/72
f 2354/24/72 2355/25/72 2356/26/72
f 2356/26/73 2355/25/73 2357/27/73
f 2356/26/73 2357/27/73 2358/28/73
f 2358/28/53 2357/27/53 2359/29/53
f 2358/28/53 2359/29/53 2360/30/53
f 2360/30/74 2359/29/74 2361/31/74
f 2360/30/74 2361/31/74 2362/32/74
f 2362/32/75 2361/31/75 2363/33/75
f 2362/32/75 2363/33/75 2364/34/75
f 2364/34/76 2363/33/76 2365/35/76
f 2364/34/76 2365/35/76 2366/36/76
f 2366/36/77 2365/35/77 2367/37/77
f 2366/36/77 2367/37/77 2368/38/77
f 2368/38/78 2367/37/78 2369/39/78
f 2368/38/78 2369/39/78 2370/40/78
f 2370/40/79 2369/39/79 2371/41/79
f 2370/40/79 2371/41/79 2372/42/79
f 2372/42/60 2371/41/60 2373/43/60
f 2372/42/60 2373/43/60 2374/44/60
f 2374/44/80 2373/43/80 2375/45/80
f 2374/44/80 2375/45/80 2376/46/80
f 2376/46/81 2375/45/81 2377/47/81
f 2376/46/81 2377/47/81 2378/48/81
f 2378/48/63 2377/47/63 2379/49/63
f 2378/48/63 2379/49/63 2380/50/63
f 2380/50/82 2379/49/82 2381/51/82
f 2380/50/82 2381/51/82 2382/52/82
f 2349/113/83 2347/97/83 2346/55/83
f 2346/55/83 2383/98/83 2381/114/83
f 2381/114/83 2379/115/83 2377/99/83
f 2377/99/83 2375/60/83 2373/100/83
f 2373/100/83 2371/116/83 2369/117/83
f 2369/117/83 2367/101/83 2365/65/83
f 2365/65/83 2363/102/83 2361/118/83
f 2361/118/83 2359/119/83 2357/103/83
f 2357/103/83 2355/70/83 2353/104/83
f 2353/104/83 2351/120/83 2349/113/83
f 2349/113/83 2346/55/83 2381/114/83
f 2381/114/83 2377/99/83 2373/100/83
f 2373/100/83 2369/117/83 2365/65/83
f 2365/65/83 2361/118/83 2357/103/83
f 2357/103/83 2353/104/83 2349/113/83
f 2349/113/83 2381/114/83 2373/100/83
f 2373/100/83 2365/65/83 2357/103/83
f 2373/100/83 2357/103/83 2349/113/83
f 2382/52/84 2381/51/84 2383/73/84
f 2382/52/84 2383/73/84 2384/74/84
f 2384/74/85 2383/73/85 2346/75/85
f 2384/74/85 2346/75/85 2345/76/85
f 2384/105/86 2345/78/86 2348/106/86
f 2348/106/86 2350/121/86 2352/122/86
f 2352/122/86 2354/107/86 2356/83/86
f 2356/83/86 2358/108/86 2360/123/86
f 2360/123/86 2362/124/86 2364/109/86
f 2364/109/86 2366/88/86 2368/110/86
f 2368/110/86 2370/125/86 2372/126/86
f 2372/126/86 2374/111/86 2376/93/86
f 2376/93/86 2378/112/86 2380/127/86
f 2380/127/86 2382/128/86 2384/105/86
f 2384/105/86 2348/106/86 2352/122/86
f 2352/122/86 2356/83/86 2360/123/86
f 2360/123/86 2364/109/86 2368/110/86
f 2368/110/86 2372/126/86 2376/93/86
f 2376/93/86 2380/127/86 2384/105/86
f 2384/105/86 2352/122/86 2360/123/86
f 2360/123/86 2368/110/86 2376/93/86
f 2360/123/86 2376/93/86 2384/105/86
f 2385/15/87 2386/16/87 2387/17/87
f 2385/15/87 2387/17/87 2388/18/87
f 2388/18/88 2387/17/88 2389/19/88
f 2388/18/88 2389/19/88 2390/20/88
f 2390/20/89 2389/19/89 2391/21/89
f 2390/20/89 2391/21/89 2392/22/89
f 2392/22/10 2391/21/10 2393/23/10
f 2392/22/10 2393/23/10 2394/24/10
f 2394/24/90 2393/23/90 2395/25/90
f 2394/24/90 2395/25/90 2396/26/90
f 2396/26/91 2395/25/91 2397/27/91
f 2396/26/91 2397/27/91 2398/28/91
f 2398/28/13 2397/27/13 2399/29/13
f 2398/28/13 2399/29/13 2400/30/13
f 2400/30/92 2399/29/92 2401/31/92
f 2400/30/92 2401/31/92 2402/32/92
f 2402/32/93 2401/31/93 2403/33/93
f 2402/32/93 2403/33/93 2404/34/93
f 2404/34/94 2403/33/94 2405/35/94
f 2404/34/94 2405/35/94 2406/36/94
f 2406/36/95 2405/35/95 2407/37/95
f 2406/36/95 2407/37/95 2408/38/95
f 2408/38/96 2407/37/96 2409/39/96
f 2408/38/96 2409/39/96 2410/40/96
f 2410/40/97 2409/39/97 2411/41/97
f 2410/40/97 2411/41/97 2412/42/97
f 2412/42/20 2411/41/20 2413/43/20
f 2412/42/20 2413/43/20 2414/44/20
f 2414/44/98 2413/43/98 2415/45/98
f 2414/44/98 2415/45/98 2416/46/98
f 2416/46/99 2415/45/99 2417/47/99
f 2416/46/99 2417/47/99 2418/48/99
f 2418/48/23 2417/47/23 2419/49/23
f 2418/48/23 2419/49/23 2420/50/23
f 2420/50/100 2419/49/100 2421/51/100
f 2420/50/100 2421/51/100 2422/52/100
f 2389/113/101 2387/97/101 2386/55/101
f 2386/55/101 2423/98/101 2421/114/101
f 2421/114/101 2419/115/101 2417/99/101
f 2417/99/101 2415/60/101 2413/100/101
f 2413/100/101 2411/116/101 2409/117/101
f 2409/117/101 2407/101/101 2405/65/101
f 2405/65/101 2403/102/101 2401/118/101
f 2401/118/101 2399/119/101 2397/103/101
f 2397/103/101 2395/70/101 2393/104/101
f 2393/104/101 2391/120/101 2389/113/101
f 2389/113/101 2386/55/101 2421/114/101
f 2421/114/101 2417/99/101 2413/100/101
f 2413/100/101 2409/117/101 2405/65/101
f 2405/65/101 2401/118/101 2397/103/101
f 2397/103/101 2393/104/101 2389/113/101
f 2389/113/101 2421/114/101 2413/100/101
f 2413/100/101 2405/65/101 2397/103/101
f 2413/100/101 2397/103/101 2389/113/101
f 2422/52/102 2421/51/102 2423/73/102
f 2422/52/102 2423/73/102 2424/74/102
f 2424/74/103 2423/73/103 2386/75/103
f 2424/74/103 2386/75/103 2385/76/103
f 2424/105/104 2385/78/104 2388/106/104
f 2388/106/104 2390/121/104 2392/122/104
f 2392/122/104 2394/107/104 2396/83/104
f 2396/83/104 2398/108/104 2400/123/104
f 2400/123/104 2402/124/104 2404/109/104
f 2404/109/104 2406/88/104 2408/110/104
f 2408/110/104 2410/125/104 2412/126/104
f 2412/126/104 2414/111/104 2416/93/104
f 2416/93/104 2418/112/104 2420/127/104
f 2420/127/104 2422/128/104 2424/105/104
f 2424/105/104 2388/106/104 2392/122/104
f 2392/122/104 2396/83/104 2400/123/104
f 2400/123/104 2404/109/104 2408/110/104
f 2408/110/104 2412/126/104 2416/93/104
f 2416/93/104 2420/127/104 2424/105/104
f 2424/105/104 2392/122/104 2400/123/104
f 2400/123/104 2408/110/104 2416/93/104
f 2400/123/104 2416/93/104 2424/105/104
f 2425/15/47 2426/16/47 2427/17/47
f 2425/15/47 2427/17/47 2428/18/47
f 2428/18/48 2427/17/48 2429/19/48
f 2428/18/48 2429/19/48 2430/20/48
f 2430/20/49 2429/19/49 2431/21/49
f 2430/20/49 2431/21/49 2432/22/49
f 2432/22/50 2431/21/50 2433/23/50
f 2432/22/50 2433/23/50 2434/24/50
f 2434/24/51 2433/23/51 2435/25/51
f 2434/24/51 2435/25/51 2436/26/51
f 2436/26/52 2435/25/52 2437/27/52
f 2436/26/52 2437/27/52 2438/28/52
f 2438/28/53 2437/27/53 2439/29/53
f 2438/28/53 2439/29/53 2440/30/53
f 2440/30/54 2439/29/54 2441/31/54
f 2440/30/54 2441/31/54 2442/32/54
f 2442/32/55 2441/31/55 2443/33/55
f 2442/32/55 2443/33/55 2444/34/55
f 2444/34/56 2443/33/56 2445/35/56
f 2444/34/56 2445/35/56 2446/36/56
f 2446/36/57 2445/35/57 2447/37/57
f 2446/36/57 2447/37/57 2448/38/57
f 2448/38/58 2447/37/58 2449/39/58
f 2448/38/58 2449/39/58 2450/40/58
f 2450/40/59 2449/39/59 2451/41/59
f 2450/40/59 2451/41/59 2452/42/59
f 2452/42/60 2451/41/60 2453/43/60
f 2452/42/60 2453/43/60 2454/44/60
f 2454/44/61 2453/43/61 2455/45/61
f 2454/44/61 2455/45/61 2456/46/61
f 2456/46/62 2455/45/62 2457/47/62
f 2456/46/62 2457/47/62 2458/48/62
f 2458/48/63 2457/47/63 2459/49/63
f 2458/48/63 2459/49/63 2460/50/63
f 2460/50/64 2459/49/64 2461/51/64
f 2460/50/64 2461/51/64 2462/52/64
f 2429/113/65 2427/97/65 2426/55/65
f 2426/55/65 2463/98/65 2461/114/65
f 2461/114/65 2459/115/65 2457/99/65
f 2457/99/65 2455/60/65 2453/100/65
f 2453/100/65 2451/116/65 2449/117/65
f 2449/117/65 2447/101/65 2445/65/65
f 2445/65/65 2443/102/65 2441/118/65
f 2441/118/65 2439/119/65 2437/103/65
f 2437/103/65 2435/70/65 2433/104/65
f 2433/104/65 2431/120/65 2429/113/65
f 2429/113/65 2426/55/65 2461/114/65
f 2461/114/65 2457/99/65 2453/100/65
f 2453/100/65 2449/117/65 2445/65/65
f 2445/65/65 2441/118/65 2437/103/65
f 2437/103/65 2433/104/65 2429/113/65
f 2429/113/65 2461/114/65 2453/100/65
f 2453/100/65 2445/65/65 2437/103/65
f 2453/100/65 2437/103/65 2429/113/65
f 2462/52/66 2461/51/66 2463/73/66
f 2462/52/66 2463/73/66 2464/74/66
f 2464/74/67 2463/73/67 2426/75/67
f 2464/74/67 2426/75/67 2425/76/67
f 2464/105/68 2425/78/68 2428/106/68
f 2428/106/68 2430/121/68 2432/122/68
f 2432/122/68 2434/107/68 2436/83/68
f 2436/83/68 2438/108/68 2440/123/68
f 2440/123/68 2442/124/68 2444/109/68
f 2444/109/68 2446/88/68 2448/110/68
f 2448/110/68 2450/125/68 2452/126/68
f 2452/126/68 2454/111/68 2456/93/68
f 2456/93/68 2458/112/68 2460/127/68
f 2460/127/68 2462/128/68 2464/105/68
f 2464/105/68 2428/106/68 2432/122/68
f 2432/122/68 2436/83/68 2440/123/68
f 2440/123/68 2444/109/68 2448/110/68
f 2448/110/68 2452/126/68 2456/93/68
f 2456/93/68 2460/127/68 2464/105/68
f 2464/105/68 2432/122/68 2440/123/68
f 2440/123/68 2448/110/68 2456/93/68
f 2440/123/68 2456/93/68 2464/105/68
f 2465/15/47 2466/16/47 2467/17/47
f 2465/15/47 2467/17/47 2468/18/47
f 2468/18/48 2467/17/48 2469/19/48
f 2468/18/48 2469/19/48 2470/20/48
f 2470/20/49 2469/19/49 2471/21/49
f 2470/20/49 2471/21/49 2472/22/49
f 2472/22/50 2471/21/50 2473/23/50
f 2472/22/50 2473/23/50 2474/24/50
f 2474/24/51 2473/23/51 2475/25/51
f 2474/24/51 2475/25/51 2476/26/51
f 2476/26/52 2475/25/52 2477/27/52
f 2476/26/52 2477/27/52 2478/28/52
f 2478/28/53 2477/27/53 2479/29/53
f 2478/28/53 2479/29/53 2480/30/53
f 2480/30/54 2479/29/54 2481/31/54
f 2480/30/54 2481/31/54 2482/32/54
f 2482/32/55 2481/31/55 2483/33/55
f 2482/32/55 2483/33/55 2484/34/55
f 2484/34/56 2483/33/56 2485/35/56
f 2484/34/56 2485/35/56 2486/36/56
f 2486/36/57 2485/35/57 2487/37/57
f 2486/36/57 2487/37/57 2488/38/57
f 2488/38/58 2487/37/58 2489/39/58
f 2488/38/58 2489/39/58 2490/40/58
f 2490/40/59 2489/39/59 2491/41/59
f 2490/40/59 2491/41/59 2492/42/59
f 2492/42/60 2491/41/60 2493/43/60
f 2492/42/60 2493/43/60 2494/44/60
f 2494/44/61 2493/43/61 2495/45/61
f 2494/44/61 2495/45/61 2496/46/61
f 2496/46/62 2495/45/62 2497/47/62
f 2496/46/62 2497/47/62 2498/48/62
f 2498/48/63 2497/47/63 2499/49/63
f 2498/48/63 2499/49/63 2500/50/63
f 2500/50/64 2499/49/64 2501/51/64
f 2500/50/64 2501/51/64 2502/52/64
f 2469/113/65 2467/97/65 2466/55/65
f 2466/55/65 2503/98/65 2501/114/65
f 2501/114/65 2499/115/65 2497/99/65
f 2497/99/65 2495/60/65 2493/100/65
f 2493/100/65 2491/116/65 2489/117/65
f 2489/117/65 2487/101/65 2485/65/65
f 2485/65/65 2483/102/65 2481/118/65
f 2481/118/65 2479/119/65 2477/103/65
f 2477/103/65 2475/70/65 2473/104/65
f 2473/104/65 2471/120/65 2469/113/65
f 2469/113/65 2466/55/65 2501/114/65
f 2501/114/65 2497/99/65 2493/100/65
f 2493/100/65 2489/117/65 2485/65/65
f 2485/65/65 2481/118/65 2477/103/65
f 2477/103/65 2473/104/65 2469/113/65
f 2469/113/65 2501/114/65 2493/100/65
f 2493/100/65 2485/65/65 2477/103/65
f 2493/100/65 2477/103/65 2469/113/65
f 2502/52/66 2501/51/66 2503/73/66
f 2502/52/66 2503/73/66 2504/74/66
f 2504/74/67 2503/73/67 2466/75/67
f 2504/74/67 2466/75/67 2465/76/67
f 2504/105/68 2465/78/68 2468/106/68
f 2468/106/68 2470/121/68 2472/122/68
f 2472/122/68 2474/107/68 2476/83/68
f 2476/83/68 2478/108/68 2480/123/68
f 2480/123/68 2482/124/68 2484/109/68
f 2484/109/68 2486/88/68 2488/110/68
f 2488/110/68 2490/125/68 2492/126/68
f 2492/126/68 2494/111/68 2496/93/68
f 2496/93/68 2498/112/68 2500/127/68
f 2500/127/68 2502/128/68 2504/105/68
f 2504/105/68 2468/106/68 2472/122/68
f 2472/122/68 2476/83/68 2480/123/68
f 2480/123/68 2484/109/68 2488/110/68
f 2488/110/68 2492/126/68 2496/93/68
f 2496/93/68 2500/127/68 2504/105/68
f 2504/105/68 2472/122/68 2480/123/68
f 2480/123/68 2488/110/68 2496/93/68
f 2480/123/68 2496/93/68 2504/105/68
f 2505/15/47 2506/16/47 2507/17/47
f 2505/15/47 2507/17/47 2508/18/47
f 2508/18/48 2507/17/48 2509/19/48
f 2508/18/48 2509/19/48 2510/20/48
f 2510/20/49 2509/19/49 2511/21/49
f 2510/20/49 2511/21/49 2512/22/49
f 2512/22/50 2511/21/50 2513/23/50
f 2512/22/50 2513/23/50 2514/24/50
f 2514/24/51 2513/23/51 2515/25/51
f 2514/24/51 2515/25/51 2516/26/51
f 2516/26/52 2515/25/52 2517/27/52
f 2516/26/52 2517/27/52 2518/28/52
f 2518/28/53 2517/27/53 2519/29/53
f 2518/28/53 2519/29/53 2520/30/53
f 2520/30/54 2519/29/54 2521/31/54
f 2520/30/54 2521/31/54 2522/32/54
f 2522/32/55 2521/31/55 2523/33/55
f 2522/32/55 2523/33/55 2524/34/55
f 2524/34/56 2523/33/56 2525/35/56
f 2524/34/56 2525/35/56 2526/36/56
f 2526/36/57 2525/35/57 2527/37/57
f 2526/36/57 2527/37/57 2528/38/57
f 2528/38/58 2527/37/58 2529/39/58
f 2528/38/58 2529/39/58 2530/40/58
f 2530/40/59 2529/39/59 2531/41/59
f 2530/40/59 2531/41/59 2532/42/59
f 2532/42/60 2531/41/60 2533/43/60
f 2532/42/60 2533/43/60 2534/44/60
f 2534/44/61 2533/43/61 2535/45/61
f 2534/44/61 2535/45/61 2536/46/61
f 2536/46/62 2535/45/62 2537/47/62
f 2536/46/62 2537/47/62 2538/48/62
f 2538/48/63 2537/47/63 2539/49/63
f 2538/48/63 2539/49/63 2540/50/63
f 2540/50/64 2539/49/64 2541/51/64
f 2540/50/64 2541/51/64 2542/52/64
f 2509/113/65 2507/97/65 2506/55/65
f 2506/55/65 2543/98/65 2541/114/65
f 2541/114/65 2539/115/65 2537/99/65
f 2537/99/65 2535/60/65 2533/100/65
f 2533/100/65 2531/116/65 2529/117/65
f 2529/117/65 2527/101/65 2525/65/65
f 2525/65/65 2523/102/65 2521/118/65
f 2521/118/65 2519/119/65 2517/103/65
f 2517/103/65 2515/70/65 2513/104/65
f 2513/104/65 2511/120/65 2509/113/65
f 2509/113/65 2506/55/65 2541/114/65
f 2541/114/65 2537/99/65 2533/100/65
f 2533/100/65 2529/117/65 2525/65/65
f 2525/65/65 2521/118/65 2517/103/65
f 2517/103/65 2513/104/65 2509/113/65
f 2509/113/65 2541/114/65 2533/100/65
f 2533/100/65 2525/65/65 2517/103/65
f 2533/100/65 2517/103/65 2509/113/65
f 2542/52/66 2541/51/66 2543/73/66
f 2542/52/66 2543/73/66 2544/74/66
f 2544/74/67 2543/73/67 2506/75/67
f 2544/74/67 2506/75/67 2505/76/67
f 2544/105/68 2505/78/68 2508/106/68
f 2508/106/68 2510/121/68 2512/122/68
f 2512/122/68 2514/107/68 2516/83/68
f 2516/83/68 2518/108/68 2520/123/68
f 2520/123/68 2522/124/68 2524/109/68
f 2524/109/68 2526/88/68 2528/110/68
f 2528/110/68 2530/125/68 2532/126/68
f 2532/126/68 2534/111/68 2536/93/68
f 2536/93/68 2538/112/68 2540/127/68
f 2540/127/68 2542/128/68 2544/105/68
f 2544/105/68 2508/106/68 2512/122/68
f 2512/122/68 2516/83/68 2520/123/68
f 2520/123/68 2524/109/68 2528/110/68
f 2528/110/68 2532/126/68 2536/93/68
f 2536/93/68 2540/127/68 2544/105/68
f 2544/105/68 2512/122/68 2520/123/68
f 2520/123/68 2528/110/68 2536/93/68
f 2520/123/68 2536/93/68 2544/105/68
f 2545/15/69 2546/16/69 2547/17/69
f 2545/15/69 2547/17/69 2548/18/69
f 2548/18/70 2547/17/70 2549/19/70
f 2548/18/70 2549/19/70 2550/20/70
f 2550/20/71 2549/19/71 2551/21/71
f 2550/20/71 2551/21/71 2552/22/71
f 2552/22/50 2551/21/50 2553/23/50
f 2552/22/50 2553/23/50 2554/24/50
f 2554/24/72 2553/23/72 2555/25/72
f 2554/24/72 2555/25/72 2556/26/72
f 2556/26/73 2555/25/73 2557/27/73
f 2556/26/73 2557/27/73 2558/28/73
f 2558/28/53 2557/27/53 2559/29/53
f 2558/28/53 2559/29/53 2560/30/53
f 2560/30/74 2559/29/74 2561/31/74
f 2560/30/74 2561/31/74 2562/32/74
f 2562/32/75 2561/31/75 2563/33/75
f 2562/32/75 2563/33/75 2564/34/75
f 2564/34/76 2563/33/76 2565/35/76
f 2564/34/76 2565/35/76 2566/36/76
f 2566/36/77 2565/35/77 2567/37/77
f 2566/36/77 2567/37/77 2568/38/77
f 2568/38/78 2567/37/78 2569/39/78
f 2568/38/78 2569/39/78 2570/40/78
f 2570/40/79 2569/39/79 2571/41/79
f 2570/40/79 2571/41/79 2572/42/79
f 2572/42/60 2571/41/60 2573/43/60
f 2572/42/60 2573/43/60 2574/44/60
f 2574/44/80 2573/43/80 2575/45/80
f 2574/44/80 2575/45/80 2576/46/80
f 2576/46/81 2575/45/81 2577/47/81
f 2576/46/81 2577/47/81 2578/48/81
f 2578/48/63 2577/47/63 2579/49/63
f 2578/48/63 2579/49/63 2580/50/63
f 2580/50/82 2579/49/82 2581/51/82
f 2580/50/82 2581/51/82 2582/52/82
f 2549/113/83 2547/97/83 2546/55/83
f 2546/55/83 2583/98/83 2581/114/83
f 2581/114/83 2579/115/83 2577/99/83
f 2577/99/83 2575/60/83 2573/100/83
f 2573/100/83 2571/116/83 2569/117/83
f 2569/117/83 2567/101/83 2565/65/83
f 2565/65/83 2563/102/83 2561/118/83
f 2561/118/83 2559/119/83 2557/103/83
f 2557/103/83 2555/70/83 2553/104/83
f 2553/104/83 2551/120/83 2549/113/83
f 2549/113/83 2546/55/83 2581/114/83
f 2581/114/83 2577/99/83 2573/100/83
f 2573/100/83 2569/117/83 2565/65/83
f 2565/65/83 2561/118/83 2557/103/83
f 2557/103/83 2553/104/83 2549/113/83
f 2549/113/83 2581/114/83 2573/100/83
f 2573/100/83 2565/65/83 2557/103/83
f 2573/100/83 2557/103/83 2549/113/83
f 2582/52/84 2581/51/84 2583/73/84
f 2582/52/84 2583/73/84 2584/74/84
f 2584/74/85 2583/73/85 2546/75/85
f 2584/74/85 2546/75/85 2545/76/85
f 2584/105/86 2545/78/86 2548/106/86
f 2548/106/86 2550/121/86 2552/122/86
f 2552/122/86 2554/107/86 2556/83/86
f 2556/83/86 2558/108/86 2560/123/86
f 2560/123/86 2562/124/86 2564/109/86
f 2564/109/86 2566/88/86 2568/110/86
f 2568/110/86 2570/125/86 2572/126/86
f 2572/126/86 2574/111/86 2576/93/86
f 2576/93/86 2578/112/86 2580/127/86
f 2580/127/86 2582/128/86 2584/105/86
f 2584/105/86 2548/106/86 2552/122/86
f 2552/122/86 2556/83/86 2560/123/86
f 2560/123/86 2564/109/86 2568/110/86
f 2568/110/86 2572/126/86 2576/93/86
f 2576/93/86 2580/127/86 2584/105/86
f 2584/105/86 2552/122/86 2560/123/86
f 2560/123/86 2568/110/86 2576/93/86
f 2560/123/86 2576/93/86 2584/105/86
f 2585/15/87 2586/16/87 2587/17/87
f 2585/15/87 2587/17/87 2588/18/87
f 2588/18/88 2587/17/88 2589/19/88
f 2588/18/88 2589/19/88 2590/20/88
f 2590/20/89 2589/19/89 2591/21/89
f 2590/20/89 2591/21/89 2592/22/89
f 2592/22/10 2591/21/10 2593/23/10
f 2592/22/10 2593/23/10 2594/24/10
f 2594/24/90 2593/23/90 2595/25/90
f 2594/24/90 2595/25/90 2596/26/90
f 2596/26/91 2595/25/91 2597/27/91
f 2596/26/91 2597/27/91 2598/28/91
f 2598/28/13 2597/27/13 2599/29/13
f 2598/28/13 2599/29/13 2600/30/13
f 2600/30/92 2599/29/92 2601/31/92
f 2600/30/92 2601/31/92 2602/32/92
f 2602/32/93 2601/31/93 2603/33/93
f 2602/32/93 2603/33/93 2604/34/93
f 2604/34/94 2603/33/94 2605/35/94
f 2604/34/94 2605/35/94 2606/36/94
f 2606/36/95 2605/35/95 2607/37/95
f 2606/36/95 2607/37/95 2608/38/95
f 2608/38/96 2607/37/96 2609/39/96
f 2608/38/96 2609/39/96 2610/40/96
f 2610/40/97 2609/39/97 2611/41/97
f 2610/40/97 2611/41/97 2612/42/97
f 2612/42/20 2611/41/20 2613/43/20
f 2612/42/20 2613/43/20 2614/44/20
f 2614/44/98 2613/43/98 2615/45/98
f 2614/44/98 2615/45/98 2616/46/98
f 2616/46/99 2615/45/99 2617/47/99
f 2616/46/99 2617/47/99 2618/48/99
f 2618/48/23 2617/47/23 2619/49/23
f 2618/48/23 2619/49/23 2620/50/23
f 2620/50/100 2619/49/100 2621/51/100
f 2620/50/100 2621/51/100 2622/52/100
f 2589/113/101 2587/97/101 2586/55/101
f 2586/55/101 2623/98/101 2621/114/101
f 2621/114/101 2619/115/101 2617/99/101
f 2617/99/101 2615/60/101 2613/100/101
f 2613/100/101 2611/116/101 2609/117/101
f 2609/117/101 2607/101/101 2605/65/101
f 2605/65/101 2603/102/101 2601/118/101
f 2601/118/101 2599/119/101 2597/103/101
f 2597/103/101 2595/70/101 2593/104/101
f 2593/104/101 2591/120/101 2589/113/101
f 2589/113/101 2586/55/101 2621/114/101
f 2621/114/101 2617/99/101 2613/100/101
f 2613/100/101 2609/117/101 2605/65/101
f 2605/65/101 2601/118/101 2597/103/101
f 2597/103/101 2593/104/101 2589/113/101
f 2589/113/101 2621/114/101 2613/100/101
f 2613/100/101 2605/65/101 2597/103/101
f 2613/100/101 2597/103/101 2589/113/101
f 2622/52/102 2621/51/102 2623/73/102
f 2622/52/102 2623/73/102 2624/74/102
f 2624/74/103 2623/73/103 2586/75/103
f 2624/74/103 2586/75/103 2585/76/103
f 2624/105/104 2585/78/104 2588/106/104
f 2588/106/104 2590/121/104 2592/122/104
f 2592/122/104 2594/107/104 2596/83/104
f 2596/83/104 2598/108/104 2600/123/104
f 2600/123/104 2602/124/104 2604/109/104
f 2604/109/104 2606/88/104 2608/110/104
f 2608/110/104 2610/125/104 2612/126/104
f 2612/126/104 2614/111/104 2616/93/104
f 2616/93/104 2618/112/104 2620/127/104
f 2620/127/104 2622/128/104 2624/105/104
f 2624/105/104 2588/106/104 2592/122/104
f 2592/122/104 2596/83/104 2600/123/104
f 2600/123/104 2604/109/104 2608/110/104
f 2608/110/104 2612/126/104 2616/93/104
f 2616/93/104 2620/127/104 2624/105/104
f 2624/105/104 2592/122/104 2600/123/104
f 2600/123/104 2608/110/104 2616/93/104
f 2600/123/104 2616/93/104 2624/105/104
f 2625/15/47 2626/16/47 2627/17/47
f 2625/15/47 2627/17/47 2628/18/47
f 2628/18/48 2627/17/48 2629/19/48
f 2628/18/48 2629/19/48 2630/20/48
f 2630/20/49 2629/19/49 2631/21/49
f 2630/20/49 2631/21/49 2632/22/49
f 2632/22/50 2631/21/50 2633/23/50
f 2632/22/50 2633/23/50 2634/24/50
f 2634/24/51 2633/23/51 2635/25/51
f 2634/24/51 2635/25/51 2636/26/51
f 2636/26/52 2635/25/52 2637/27/52
f 2636/26/52 2637/27/52 2638/28/52
f 2638/28/53 2637/27/53 2639/29/53
f 2638/28/53 2639/29/53 2640/30/53
f 2640/30/54 2639/29/54 2641/31/54
f 2640/30/54 2641/31/54 2642/32/54
f 2642/32/55 2641/31/55 2643/33/55
f 2642/32/55 2643/33/55 2644/34/55
f 2644/34/56 2643/33/56 2645/35/56
f 2644/34/56 2645/35/56 2646/36/56
f 2646/36/57 2645/35/57 2647/37/57
f 2646/36/57 2647/37/57 2648/38/57
f 2648/38/58 2647/37/58 2649/39/58
f 2648/38/58 2649/39/58 2650/40/58
f 2650/40/59 2649/39/59 2651/41/59
f 2650/40/59 2651/41/59 2652/42/59
f 2652/42/60 2651/41/60 2653/43/60
f 2652/42/60 2653/43/60 2654/44/60
f 2654/44/61 2653/43/61 2655/45/61
f 2654/44/61 2655/45/61 2656/46/61
f 2656/46/62 2655/45/62 2657/47/62
f 2656/46/62 2657/47/62 2658/48/62
f 2658/48/63 2657/47/63 2659/49/63
f 2658/48/63 2659/49/63 2660/50/63
f 2660/50/64 2659/49/64 2661/51/64
f 2660/50/64 2661/51/64 2662/52/64
f 2629/113/65 2627/97/65 2626/55/65
f 2626/55/65 2663/98/65 2661/114/65
f 2661/114/65 2659/115/65 2657/99/65
f 2657/99/65 2655/60/65 2653/100/65
f 2653/100/65 2651/116/65 2649/117/65
f 2649/117/65 2647/101/65 2645/65/65
f 2645/65/65 2643/102/65 2641/118/65
f 2641/118/65 2639/119/65 2637/103/65
f 2637/103/65 2635/70/65 2633/104/65
f 2633/104/65 2631/120/65 2629/113/65
f 2629/113/65 2626/55/65 2661/114/65
f 2661/114/65 2657/99/65 2653/100/65
f 2653/100/65 2649/117/65 2645/65/65
f 2645/65/65 2641/118/65 2637/103/65
f 2637/103/65 2633/104/65 2629/113/65
f 2629/113/65 2661/114/65 2653/100/65
f 2653/100/65 2645/65/65 2637/103/65
f 2653/100/65 2637/103/65 2629/113/65
f 2662/52/66 2661/51/66 2663/73/66
f 2662/52/66 2663/73/66 2664/74/66
f 2664/74/67 2663/73/67 2626/75/67
f 2664/74/67 2626/75/67 2625/76/67
f 2664/105/68 2625/78/68 2628/106/68
f 2628/106/68 2630/121/68 2632/122/68
f 2632/122/68 2634/107/68 2636/83/68
f 2636/83/68 2638/108/68 2640/123/68
f 2640/123/68 2642/124/68 2644/109/68
f 2644/109/68 2646/88/68 2648/110/68
f 2648/110/68 2650/125/68 2652/126/68
f 2652/126/68 2654/111/68 2656/93/68
f 2656/93/68 2658/112/68 2660/127/68
f 2660/127/68 2662/128/68 2664/105/68
f 2664/105/68 2628/106/68 2632/122/68
f 2632/122/68 2636/83/68 2640/123/68
f 2640/123/68 2644/109/68 2648/110/68
f 2648/110/68 2652/126/68 2656/93/68
f 2656/93/68 2660/127/68 2664/105/68
f 2664/105/68 2632/122/68 2640/123/68
f 2640/123/68 2648/110/68 2656/93/68
f 2640/123/68 2656/93/68 2664/105/68
f 2665/15/47 2666/16/47 2667/17/47
f 2665/15/47 2667/17/47 2668/18/47
f 2668/18/48 2667/17/48 2669/19/48
f 2668/18/48 2669/19/48 2670/20/48
f 2670/20/49 2669/19/49 2671/21/49
f 2670/20/49 2671/21/49 2672/22/49
f 2672/22/50 2671/21/50 2673/23/50
f 2672/22/50 2673/23/50 2674/24/50
f 2674/24/51 2673/23/51 2675/25/51
f 2674/24/51 2675/25/51 2676/26/51
f 2676/26/52 2675/25/52 2677/27/52
f 2676/26/52 2677/27/52 2678/28/52
f 2678/28/53 2677/27/53 2679/29/53
f 2678/28/53 2679/29/53 2680/30/53
f 2680/30/54 2679/29/54 2681/31/54
f 2680/30/54 2681/31/54 2682/32/54
f 2682/32/55 2681/31/55 2683/33/55
f 2682/32/55 2683/33/55 2684/34/55
f 2684/34/56 2683/33/56 2685/35/56
f 2684/34/56 2685/35/56 2686/36/56
f 2686/36/57 2685/35/57 2687/37/57
f 2686/36/57 2687/37/57 2688/38/57
f 2688/38/58 2687/37/58 2689/39/58
f 2688/38/58 2689/39/58 2690/40/58
f 2690/40/59 2689/39/59 2691/41/59
f 2690/40/59 2691/41/59 2692/42/59
f 2692/42/60 2691/41/60 2693/43/60
f 2692/42/60 2693/43/60 2694/44/60
f 2694/44/61 2693/43/61 2695/45/61
f 2694/44/61 2695/45/61 2696/46/61
f 2696/46/62 2695/45/62 2697/47/62
f 2696/46/62 2697/47/62 2698/48/62
f 2698/48/63 2697/47/63 2699/49/63
f 2698/48/63 2699/49/63 2700/50/63
f 2700/50/64 2699/49/64 2701/51/64
f 2700/50/64 2701/51/64 2702/52/64
f 2669/113/65 2667/97/65 2666/55/65
f 2666/55/65 2703/98/65 2701/114/65
f 2701/114/65 2699/115/65 2697/99/65
f 2697/99/65 2695/60/65 2693/100/65
f 2693/100/65 2691/116/65 2689/117/65
f 2689/117/65 2687/101/65 2685/65/65
f 2685/65/65 2683/102/65 2681/118/65
f 2681/118/65 2679/119/65 2677/103/65
f 2677/103/65 2675/70/65 2673/104/65
f 2673/104/65 2671/120/65 2669/113/65
f 2669/113/65 2666/55/65 2701/114/65
f 2701/114/65 2697/99/65 2693/100/65
f 2693/100/65 2689/117/65 2685/65/65
f 2685/65/65 2681/118/65 2677/103/65
f 2677/103/65 2673/104/65 2669/113/65
f 2669/113/65 2701/114/65 2693/100/65
f 2693/100/65 2685/65/65 2677/103/65
f 2693/100/65 2677/103/65 2669/113/65
f 2702/52/66 2701/51/66 2703/73/66
f 2702/52/66 2703/73/66 2704/74/66
f 2704/74/67 2703/73/67 2666/75/67
f 2704/74/67 2666/75/67 2665/76/67
f 2704/105/68 2665/78/68 2668/106/68
f 2668/106/68 2670/121/68 2672/122/68
f 2672/122/68 2674/107/68 2676/83/68
f 2676/83/68 2678/108/68 2680/123/68
f 2680/123/68 2682/124/68 2684/109/68
f 2684/109/68 2686/88/68 2688/110/68
f 2688/110/68 2690/125/68 2692/126/68
f 2692/126/68 2694/111/68 2696/93/68
f 2696/93/68 2698/112/68 2700/127/68
f 2700/127/68 2702/128/68 2704/105/68
f 2704/105/68 2668/106/68 2672/122/68
f 2672/122/68 2676/83/68 2680/123/68
f 2680/123/68 2684/109/68 2688/110/68
f 2688/110/68 2692/126/68 2696/93/68
f 2696/93/68 2700/127/68 2704/105/68
f 2704/105/68 2672/122/68 2680/123/68
f 2680/123/68 2688/110/68 2696/93/68
f 2680/123/68 2696/93/68 2704/105/68
f 2705/15/47 2706/16/47 2707/17/47
f 2705/15/47 2707/17/47 2708/18/47
f 2708/18/48 2707/17/48 2709/19/48
f 2708/18/48 2709/19/48 2710/20/48
f 2710/20/49 2709/19/49 2711/21/49
f 2710/20/49 2711/21/49 2712/22/49
f 2712/22/50 2711/21/50 2713/23/50
f 2712/22/50 2713/23/50 2714/24/50
f 2714/24/51 2713/23/51 2715/25/51
f 2714/24/51 2715/25/51 2716/26/51
f 2716/26/52 2715/25/52 2717/27/52
f 2716/26/52 2717/27/52 2718/28/52
f 2718/28/53 2717/27/53 2719/29/53
f 2718/28/53 2719/29/53 2720/30/53
f 2720/30/54 2719/29/54 2721/31/54
f 2720/30/54 2721/31/54 2722/32/54
f 2722/32/55 2721/31/55 2723/33/55
f 2722/32/55 2723/33/55 2724/34/55
f 2724/34/56 2723/33/56 2725/35/56
f 2724/34/56 2725/35/56 2726/36/56
f 2726/36/57 2725/35/57 2727/37/57
f 2726/36/57 2727/37/57 2728/38/57
f 2728/38/58 2727/37/58 2729/39/58
f 2728/38/58 2729/39/58 2730/40/58
f 2730/40/59 2729/39/59 2731/41/59
f 2730/40/59 2731/41/59 2732/42/59
f 2732/42/60 2731/41/60 2733/43/60
f 2732/42/60 2733/43/60 2734/44/60
f 2734/44/61 2733/43/61 2735/45/61
f 2734/44/61 2735/45/61 2736/46/61
f 2736/46/62 2735/45/62 2737/47/62
f 2736/46/62 2737/47/62 2738/48/62
f 2738/48/63 2737/47/63 2739/49/63
f 2738/48/63 2739/49/63 2740/50/63
f 2740/50/64 2739/49/64 2741/51/64
f 2740/50/64 2741/51/64 2742/52/64
f 2709/113/65 2707/97/65 2706/55/65
f 2706/55/65 2743/98/65 2741/114/65
f 2741/114/65 2739/115/65 2737/99/65
f 2737/99/65 2735/60/65 2733/100/65
f 2733/100/65 2731/116/65 2729/117/65
f 2729/117/65 2727/101/65 2725/65/65
f 2725/65/65 2723/102/65 2721/118/65
f 2721/118/65 2719/119/65 2717/103/65
f 2717/103/65 2715/70/65 2713/104/65
f 2713/104/65 2711/120/65 2709/113/65
f 2709/113/65 2706/55/65 2741/114/65
f 2741/114/65 2737/99/65 2733/100/65
f 2733/100/65 2729/117/65 2725/65/65
f 2725/65/65 2721/118/65 2717/103/65
f 2717/103/65 2713/104/65 2709/113/65
f 2709/113/65 2741/114/65 2733/100/65
f 2733/100/65 2725/65/65 2717/103/65
f 2733/100/65 2717/103/65 2709/113/65
f 2742/52/66 2741/51/66 2743/73/66
f 2742/52/66 2743/73/66 2744/74/66
f 2744/74/67 2743/73/67 2706/75/67
f 2744/74/67 2706/75/67 2705/76/67
f 2744/105/68 2705/78/68 2708/106/68
f 2708/106/68 2710/121/68 2712/122/68
f 2712/122/68 2714/107/68 2716/83/68
f 2716/83/68 2718/108/68 2720/123/68
f 2720/123/68 2722/124/68 2724/109/68
f 2724/109/68 2726/88/68 2728/110/68
f 2728/110/68 2730/125/68 2732/126/68
f 2732/126/68 2734/111/68 2736/93/68
f 2736/93/68 2738/112/68 2740/127/68
f 2740/127/68 2742/128/68 2744/105/68
f 2744/105/68 2708/106/68 2712/122/68
f 2712/122/68 2716/83/68 2720/123/68
f 2720/123/68 2724/109/68 2728/110/68
f 2728/110/68 2732/126/68 2736/93/68
f 2736/93/68 2740/127/68 2744/105/68
f 2744/105/68 2712/122/68 2720/123/68
f 2720/123/68 2728/110/68 2736/93/68
f 2720/123/68 2736/93/68 2744/105/68
f 2745/15/69 2746/16/69 2747/17/69
f 2745/15/69 2747/17/69 2748/18/69
f 2748/18/70 2747/17/70 2749/19/70
f 2748/18/70 2749/19/70 2750/20/70
f 2750/20/71 2749/19/71 2751/21/71
f 2750/20/71 2751/21/71 2752/22/71
f 2752/22/50 2751/21/50 2753/23/50
f 2752/22/50 2753/23/50 2754/24/50
f 2754/24/72 2753/23/72 2755/25/72
f 2754/24/72 2755/25/72 2756/26/72
f 2756/26/73 2755/25/73 2757/27/73
f 2756/26/73 2757/27/73 2758/28/73
f 2758/28/53 2757/27/53 2759/29/53
f 2758/28/53 2759/29/53 2760/30/53
f 2760/30/74 2759/29/74 2761/31/74
f 2760/30/74 2761/31/74 2762/32/74
f 2762/32/75 2761/31/75 2763/33/75
f 2762/32/75 2763/33/75 2764/34/75
f 2764/34/76 2763/33/76 2765/35/76
f 2764/34/76 2765/35/76 2766/36/76
f 2766/36/77 2765/35/77 2767/37/77
f 2766/36/77 2767/37/77 2768/38/77
f 2768/38/78 2767/37/78 2769/39/78
f 2768/38/78 2769/39/78 2770/40/78
f 2770/40/79 2769/39/79 2771/41/79
f 2770/40/79 2771/41/79 2772/42/79
f 2772/42/60 2771/41/60 2773/43/60
f 2772/42/60 2773/43/60 2774/44/60
f 2774/44/80 2773/43/80 2775/45/80
f 2774/44/80 2775/45/80 2776/46/80
f 2776/46/81 2775/45/81 2777/47/81
f 2776/46/81 2777/47/81 2778/48/81
f 2778/48/63 2777/47/63 2779/49/63
f 2778/48/63 2779/49/63 2780/50/63
f 2780/50/82 2779/49/82 2781/51/82
f 2780/50/82 2781/51/82 2782/52/82
f 2749/113/83 2747/97/83 2746/55/83
f 2746/55/83 2783/98/83 2781/114/83
f 2781/114/83 2779/115/83 2777/99/83
f 2777/99/83 2775/60/83 2773/100/83
f 2773/100/83 2771/116/83 2769/117/83
f 2769/117/83 2767/101/83 2765/65/83
f 2765/65/83 2763/102/83 2761/118/83
f 2761/118/83 2759/119/83 2757/103/83
f 2757/103/83 2755/70/83 2753/104/83
f 2753/104/83 2751/120/83 2749/113/83
f 2749/113/83 2746/55/83 2781/114/83
f 2781/114/83 2777/99/83 2773/100/83
f 2773/100/83 2769/117/83 2765/65/83
f 2765/65/83 2761/118/83 2757/103/83
f 2757/103/83 2753/104/83 2749/113/83
f 2749/113/83 2781/114/83 2773/100/83
f 2773/100/83 2765/65/83 2757/103/83
f 2773/100/83 2757/103/83 2749/113/83
f 2782/52/84 2781/51/84 2783/73/84
f 2782/52/84 2783/73/84 2784/74/84
f 2784/74/85 2783/73/85 2746/75/85
f 2784/74/85 2746/75/85 2745/76/85
f 2784/105/86 2745/78/86 2748/106/86
f 2748/106/86 2750/121/86 2752/122/86
f 2752/122/86 2754/107/86 2756/83/86
f 2756/83/86 2758/108/86 2760/123/86
f 2760/123/86 2762/124/86 2764/109/86
f 2764/109/86 2766/88/86 2768/110/86
f 2768/110/86 2770/125/86 2772/126/86
f 2772/126/86 2774/111/86 2776/93/86
f 2776/93/86 2778/112/86 2780/127/86
f 2780/127/86 2782/128/86 2784/105/86
f 2784/105/86 2748/106/86 2752/122/86
f 2752/122/86 2756/83/86 2760/123/86
f 2760/123/86 2764/109/86 2768/110/86
f 2768/110/86 2772/126/86 2776/93/86
f 2776/93/86 2780/127/86 2784/105/86
f 2784/105/86 2752/122/86 2760/123/86
f 2760/123/86 2768/110/86 2776/93/86
f 2760/123/86 2776/93/86 2784/105/86
f 2785/15/87 2786/16/87 2787/17/87
f 2785/15/87 2787/17/87 2788/18/87
f 2788/18/88 2787/17/88 2789/19/88
f 2788/18/88 2789/19/88 2790/20/88
f 2790/20/89 2789/19/89 2791/21/89
f 2790/20/89 2791/21/89 2792/22/89
f 2792/22/10 2791/21/10 2793/23/10
f 2792/22/10 2793/23/10 2794/24/10
f 2794/24/90 2793/23/90 2795/25/90
f 2794/24/90 2795/25/90 2796/26/90
f 2796/26/91 2795/25/91 2797/27/91
f 2796/26/91 2797/27/91 2798/28/91
f 2798/28/13 2797/27/13 2799/29/13
f 2798/28/13 2799/29/13 2800/30/13
f 2800/30/92 2799/29/92 2801/31/92
f 2800/30/92 2801/31/92 2802/32/92
f 2802/32/93 2801/31/93 2803/33/93
f 2802/32/93 2803/33/93 2804/34/93
f 2804/34/94 2803/33/94 2805/35/94
f 2804/34/94 2805/35/94 2806/36/94
f 2806/36/95 2805/35/95 2807/37/95
f 2806/36/95 2807/37/95 2808/38/95
f 2808/38/96 2807/37/96 2809/39/96
f 2808/38/96 2809/39/96 2810/40/96
f 2810/40/97 2809/39/97 2811/41/97
f 2810/40/97 2811/41/97 2812/42/97
f 2812/42/20 2811/41/20 2813/43/20
f 2812/42/20 2813/43/20 2814/44/20
f 2814/44/98 2813/43/98 2815/45/98
f 2814/44/98 2815/45/98 2816/46/98
f 2816/46/99 2815/45/99 2817/47/99
f 2816/46/99 2817/47/99 2818/48/99
f 2818/48/23 2817/47/23 2819/49/23
f 2818/48/23 2819/49/23 2820/50/23
f 2820/50/100 2819/49/100 2821/51/100
f 2820/50/100 2821/51/100 2822/52/100
f 2789/113/101 2787/97/101 2786/55/101
f 2786/55/101 2823/98/101 2821/114/101
f 2821/114/101 2819/115/101 2817/99/101
f 2817/99/101 2815/60/101 2813/100/101
f 2813/100/101 2811/116/101 2809/117/101
f 2809/117/101 2807/101/101 2805/65/101
f 2805/65/101 2803/102/101 2801/118/101
f 2801/118/101 2799/119/101 2797/103/101
f 2797/103/101 2795/70/101 2793/104/101
f 2793/104/101 2791/120/101 2789/113/101
f 2789/113/101 2786/55/101 2821/114/101
f 2821/114/101 2817/99/101 2813/100/101
f 2813/100/101 2809/117/101 2805/65/101
f 2805/65/101 2801/118/101 2797/103/101
f 2797/103/101 2793/104/101 2789/113/101
f 2789/113/101 2821/114/101 2813/100/101
f 2813/100/101 2805/65/101 2797/103/101
f 2813/100/101 2797/103/101 2789/113/101
f 2822/52/102 2821/51/102 2823/73/102
f 2822/52/102 2823/73/102 2824/74/102
f 2824/74/103 2823/73/103 2786/75/103
f 2824/74/103 2786/75/103 2785/76/103
f 2824/105/104 2785/78/104 2788/106/104
f 2788/106/104 2790/121/104 2792/122/104
f 2792/122/104 2794/107/104 2796/83/104
f 2796/83/104 2798/108/104 2800/123/104
f 2800/123/104 2802/124/104 2804/109/104
f 2804/109/104 2806/88/104 2808/110/104
f 2808/110/104 2810/125/104 2812/126/104
f 2812/126/104 2814/111/104 2816/93/104
f 2816/93/104 2818/112/104 2820/127/104
f 2820/127/104 2822/128/104 2824/105/104
f 2824/105/104 2788/106/104 2792/122/104
f 2792/122/104 2796/83/104 2800/123/104
f 2800/123/104 2804/109/104 2808/110/104
f 2808/110/104 2812/126/104 2816/93/104
f 2816/93/104 2820/127/104 2824/105/104
f 2824/105/104 2792/122/104 2800/123/104
f 2800/123/104 2808/110/104 2816/93/104
f 2800/123/104 2816/93/104 2824/105/104
f 2825/15/47 2826/16/47 2827/17/47
f 2825/15/47 2827/17/47 2828/18/47
f 2828/18/48 2827/17/48 2829/19/48
f 2828/18/48 2829/19/48 2830/20/48
f 2830/20/49 2829/19/49 2831/21/49
f 2830/20/49 2831/21/49 2832/22/49
f 2832/22/50 2831/21/50 2833/23/50
f 2832/22/50 2833/23/50 2834/24/50
f 2834/24/51 2833/23/51 2835/25/51
f 2834/24/51 2835/25/51 2836/26/51
f 2836/26/52 2835/25/52 2837/27/52
f 2836/26/52 2837/27/52 2838/28/52
f 2838/28/53 2837/27/53 2839/29/53
f 2838/28/53 2839/29/53 2840/30/53
f 2840/30/54 2839/29/54 2841/31/54
f 2840/30/54 2841/31/54 2842/32/54
f 2842/32/55 2841/31/55 2843/33/55
f 2842/32/55 2843/33/55 2844/34/55
f 2844/34/56 2843/33/56 2845/35/56
f 2844/34/56 2845/35/56 2846/36/56
f 2846/36/57 2845/35/57 2847/37/57
f 2846/36/57 2847/37/57 2848/38/57
f 2848/38/58 2847/37/58 2849/39/58
f 2848/38/58 2849/39/58 2850/40/58
f 2850/40/59 2849/39/59 2851/41/59
f 2850/40/59 2851/41/59 2852/42/59
f 2852/42/60 2851/41/60 2853/43/60
f 2852/42/60 2853/43/60 2854/44/60
f 2854/44/61 2853/43/61 2855/45/61
f 2854/44/61 2855/45/61 2856/46/61
f 2856/46/62 2855/45/62 2857/47/62
f 2856/46/62 2857/47/62 2858/48/62
f 2858/48/63 2857/47/63 2859/49/63
f 2858/48/63 2859/49/63 2860/50/63
f 2860/50/64 2859/49/64 2861/51/64
f 2860/50/64 2861/51/64 2862/52/64
f 2829/113/65 2827/97/65 2826/55/65
f 2826/55/65 2863/98/65 2861/114/65
f 2861/114/65 2859/115/65 2857/99/65
f 2857/99/65 2855/60/65 2853/100/65
f 2853/100/65 2851/116/65 2849/117/65
f 2849/117/65 2847/101/65 2845/65/65
f 2845/65/65 2843/102/65 2841/118/65
f 2841/118/65 2839/119/65 2837/103/65
f 2837/103/65 2835/70/65 2833/104/65
f 2833/104/65 2831/120/65 2829/113/65
f 2829/113/65 2826/55/65 2861/114/65
f 2861/114/65 2857/99/65 2853/100/65
f 2853/100/65 2849/117/65 2845/65/65
f 2845/65/65 2841/118/65 2837/103/65
f 2837/103/65 2833/104/65 2829/113/65
f 2829/113/65 2861/114/65 2853/100/65
f 2853/100/65 2845/65/65 2837/103/65
f 2853/100/65 2837/103/65 2829/113/65
f 2862/52/66 2861/51/66 2863/73/66
f 2862/52/66 2863/73/66 2864/74/66
f 2864/74/67 2863/73/67 2826/75/67
f 2864/74/67 2826/75/67 2825/76/67
f 2864/105/68 2825/78/68 2828/106/68
f 2828/106/68 2830/121/68 2832/122/68
f 2832/122/68 2834/107/68 2836/83/68
f 2836/83/68 2838/108/68 2840/123/68
f 2840/123/68 2842/124/68 2844/109/68
f 2844/109/68 2846/88/68 2848/110/68
f 2848/110/68 2850/125/68 2852/126/68
f 2852/126/68 2854/111/68 2856/93/68
f 2856/93/68 2858/112/68 2860/127/68
f 2860/127/68 2862/128/68 2864/105/68
f 2864/105/68 2828/106/68 2832/122/68
f 2832/122/68 2836/83/68 2840/123/68
f 2840/123/68 2844/109/68 2848/110/68
f 2848/110/68 2852/126/68 2856/93/68
f 2856/93/68 2860/127/68 2864/105/68
f 2864/105/68 2832/122/68 2840/123/68
f 2840/123/68 2848/110/68 2856/93/68
f 2840/123/68 2856/93/68 2864/105/68
f 2865/15/47 2866/16/47 2867/17/47
f 2865/15/47 2867/17/47 2868/18/47
f 2868/18/48 2867/17/48 2869/19/48
f 2868/18/48 2869/19/48 2870/20/48
f 2870/20/49 2869/19/49 2871/21/49
f 2870/20/49 2871/21/49 2872/22/49
f 2872/22/50 2871/21/50 2873/23/50
f 2872/22/50 2873/23/50 2874/24/50
f 2874/24/51 2873/23/51 2875/25/51
f 2874/24/51 2875/25/51 2876/26/51
f 2876/26/52 2875/25/52 2877/27/52
f 2876/26/52 2877/27/52 2878/28/52
f 2878/28/53 2877/27/53 2879/29/53
f 2878/28/53 2879/29/53 2880/30/53
f 2880/30/54 2879/29/54 2881/31/54
f 2880/30/54 2881/31/54 2882/32/54
f 2882/32/55 2881/31/55 2883/33/55
f 2882/32/55 2883/33/55 2884/34/55
f 2884/34/56 2883/33/56 2885/35/56
f 2884/34/56 2885/35/56 2886/36/56
f 2886/36/57 2885/35/57 2887/37/57
f 2886/36/57 2887/37/57 2888/38/57
f 2888/38/58 2887/37/58 2889/39/58
f 2888/38/58 2889/39/58 2890/40/58
f 2890/40/59 2889/39/59 2891/41/59
f 2890/40/59 2891/41/59 2892/42/59
f 2892/42/60 2891/41/60 2893/43/60
f 2892/42/60 2893/43/60 2894/44/60
f 2894/44/61 2893/43/61 2895/45/61
f 2894/44/61 2895/45/61 2896/46/61
f 2896/46/62 2895/45/62 2897/47/62
f 2896/46/62 2897/47/62 2898/48/62
f 2898/48/63 2897/47/63 2899/49/63
f 2898/48/63 2899/49/63 2900/50/63
f 2900/50/64 2899/49/64 2901/51/64
f 2900/50/64 2901/51/64 2902/52/64
f 2869/113/65 2867/97/65 2866/55/65
f 2866/55/65 2903/98/65 2901/114/65
f 2901/114/65 2899/115/65 2897/99/65
f 2897/99/65 2895/60/65 2893/100/65
f 2893/100/65 2891/116/65 2889/117/65
f 2889/117/65 2887/101/65 2885/65/65
f 2885/65/65 2883/102/65 2881/118/65
f 2881/118/65 2879/119/65 2877/103/65
f 2877/103/65 2875/70/65 2873/104/65
f 2873/104/65 2871/120/65 2869/113/65
f 2869/113/65 2866/55/65 2901/114/65
f 2901/114/65 2897/99/65 2893/100/65
f 2893/100/65 2889/117/65 2885/65/65
f 2885/65/65 2881/118/65 2877/103/65
f 2877/103/65 2873/104/65 2869/113/65
f 2869/113/65 2901/114/65 2893/100/65
f 2893/100/65 2885/65/65 2877/103/65
f 2893/100/65 2877/103/65 2869/113/65
f 2902/52/66 2901/51/66 2903/73/66
f 2902/52/66 2903/73/66 2904/74/66
f 2904/74/67 2903/73/67 2866/75/67
f 2904/74/67 2866/75/67 2865/76/67
f 2904/105/68 2865/78/68 2868/106/68
f 2868/106/68 2870/121/68 2872/122/68
f 2872/122/68 2874/107/68 2876/83/68
f 2876/83/68 2878/108/68 2880/123/68
f 2880/123/68 2882/124/68 2884/109/68
f 2884/109/68 2886/88/68 2888/110/68
f 2888/110/68 2890/125/68 2892/126/68
f 2892/126/68 2894/111/68 2896/93/68
f 2896/93/68 2898/112/68 2900/127/68
f 2900/127/68 2902/128/68 2904/105/68
f 2904/105/68 2868/106/68 2872/122/68
f 2872/122/68 2876/83/68 2880/123/68
f 2880/123/68 2884/109/68 2888/110/68
f 2888/110/68 2892/126/68 2896/93/68
f 2896/93/68 2900/127/68 2904/105/68
f 2904/105/68 2872/122/68 2880/123/68
f 2880/123/68 2888/110/68 2896/93/68
f 2880/123/68 2896/93/68 2904/105/68
f 2905/15/47 2906/16/47 2907/17/47
f 2905/15/47 2907/17/47 2908/18/47
f 2908/18/48 2907/17/48 2909/19/48
f 2908/18/48 2909/19/48 2910/20/48
f 2910/20/49 2909/19/49 2911/21/49
f 2910/20/49 2911/21/49 2912/22/49
f 2912/22/50 2911/21/50 2913/23/50
f 2912/22/50 2913/23/50 2914/24/50
f 2914/24/51 2913/23/51 2915/25/51
f 2914/24/51 2915/25/51 2916/26/51
f 2916/26/52 2915/25/52 2917/27/52
f 2916/26/52 2917/27/52 2918/28/52
f 2918/28/53 2917/27/53 2919/29/53
f 2918/28/53 2919/29/53 2920/30/53
f 2920/30/54 2919/29/54 2921/31/54
f 2920/30/54 2921/31/54 2922/32/54
f 2922/32/55 2921/31/55 2923/33/55
f 2922/32/55 2923/33/55 2924/34/55
f 2924/34/56 2923/33/56 2925/35/56
f 2924/34/56 2925/35/56 2926/36/56
f 2926/36/57 2925/35/57 2927/37/57
f 2926/36/57 2927/37/57 2928/38/57
f 2928/38/58 2927/37/58 2929/39/58
f 2928/38/58 2929/39/58 2930/40/58
f 2930/40/59 2929/39/59 2931/41/59
f 2930/40/59 2931/41/59 2932/42/59
f 2932/42/60 2931/41/60 2933/43/60
f 2932/42/60 2933/43/60 2934/44/60
f 2934/44/61 2933/43/61 2935/45/61
f 2934/44/61 2935/45/61 2936/46/61
f 2936/46/62 2935/45/62 2937/47/62
f 2936/46/62 2937/47/62 2938/48/62
f 2938/48/63 2937/47/63 2939/49/63
f 2938/48/63 2939/49/63 2940/50/63
f 2940/50/64 2939/49/64 2941/51/64
f 2940/50/64 2941/51/64 2942/52/64
f 2909/113/65 2907/97/65 2906/55/65
f 2906/55/65 2943/98/65 2941/114/65
f 2941/114/65 2939/115/65 2937/99/65
f 2937/99/65 2935/60/65 2933/100/65
f 2933/100/65 2931/116/65 2929/117/65
f 2929/117/65 2927/101/65 2925/65/65
f 2925/65/65 2923/102/65 2921/118/65
f 2921/118/65 2919/119/65 2917/103/65
f 2917/103/65 2915/70/65 2913/104/65
f 2913/104/65 2911/120/65 2909/113/65
f 2909/113/65 2906/55/65 2941/114/65
f 2941/114/65 2937/99/65 2933/100/65
f 2933/100/65 2929/117/65 2925/65/65
f 2925/65/65 2921/118/65 2917/103/65
f 2917/103/65 2913/104/65 2909/113/65
f 2909/113/65 2941/114/65 2933/100/65
f 2933/100/65 2925/65/65 2917/103/65
f 2933/100/65 2917/103/65 2909/113/65
f 2942/52/66 2941/51/66 2943/73/66
f 2942/52/66 2943/73/66 2944/74/66
f 2944/74/67 2943/73/67 2906/75/67
f 2944/74/67 2906/75/67 2905/76/67
f 2944/105/68 2905/78/68 2908/106/68
f 2908/106/68 2910/121/68 2912/122/68
f 2912/122/68 2914/107/68 2916/83/68
f 2916/83/68 2918/108/68 2920/123/68
f 2920/123/68 2922/124/68 2924/109/68
f 2924/109/68 2926/88/68 2928/110/68
f 2928/110/68 2930/125/68 2932/126/68
f 2932/126/68 2934/111/68 2936/93/68
f 2936/93/68 2938/112/68 2940/127/68
f 2940/127/68 2942/128/68 2944/105/68
f 2944/105/68 2908/106/68 2912/122/68
f 2912/122/68 2916/83/68 2920/123/68
f 2920/123/68 2924/109/68 2928/110/68
f 2928/110/68 2932/126/68 2936/93/68
f 2936/93/68 2940/127/68 2944/105/68
f 2944/105/68 2912/122/68 2920/123/68
f 2920/123/68 2928/110/68 2936/93/68
f 2920/123/68 2936/93/68 2944/105/68
f 2945/15/69 2946/16/69 2947/17/69
f 2945/15/69 2947/17/69 2948/18/69
f 2948/18/70 2947/17/70 2949/19/70
f 2948/18/70 2949/19/70 2950/20/70
f 2950/20/71 2949/19/71 2951/21/71
f 2950/20/71 2951/21/71 2952/22/71
f 2952/22/50 2951/21/50 2953/23/50
f 2952/22/50 2953/23/50 2954/24/50
f 2954/24/72 2953/23/72 2955/25/72
f 2954/24/72 2955/25/72 2956/26/72
f 2956/26/73 2955/25/73 2957/27/73
f 2956/26/73 2957/27/73 2958/28/73
f 2958/28/53 2957/27/53 2959/29/53
f 2958/28/53 2959/29/53 2960/30/53
f 2960/30/74 2959/29/74 2961/31/74
f 2960/30/74 2961/31/74 2962/32/74
f 2962/32/75 2961/31/75 2963/33/75
f 2962/32/75 2963/33/75 2964/34/75
f 2964/34/76 2963/33/76 2965/35/76
f 2964/34/76 2965/35/76 2966/36/76
f 2966/36/77 2965/35/77 2967/37/77
f 2966/36/77 2967/37/77 2968/38/77
f 2968/38/78 2967/37/78 2969/39/78
f 2968/38/78 2969/39/78 2970/40/78
f 2970/40/79 2969/39/79 2971/41/79
f 2970/40/79 2971/41/79 2972/42/79
f 2972/42/60 2971/41/60 2973/43/60
f 2972/42/60 2973/43/60 2974/44/60
f 2974/44/80 2973/43/80 2975/45/80
f 2974/44/80 2975/45/80 2976/46/80
f 2976/46/81 2975/45/81 2977/47/81
f 2976/46/81 2977/47/81 2978/48/81
f 2978/48/63 2977/47/63 2979/49/63
f 2978/48/63 2979/49/63 2980/50/63
f 2980/50/82 2979/49/82 2981/51/82
f 2980/50/82 2981/51/82 2982/52/82
f 2949/113/83 2947/97/83 2946/55/83
f 2946/55/83 2983/98/83 2981/114/83
f 2981/114/83 2979/115/83 2977/99/83
f 2977/99/83 2975/60/83 2973/100/83
f 2973/100/83 2971/116/83 2969/117/83
f 2969/117/83 2967/101/83 2965/65/83
f 2965/65/83 2963/102/83 2961/118/83
f 2961/118/83 2959/119/83 2957/103/83
f 2957/103/83 2955/70/83 2953/104/83
f 2953/104/83 2951/120/83 2949/113/83
f 2949/113/83 2946/55/83 2981/114/83
f 2981/114/83 2977/99/83 2973/100/83
f 2973/100/83 2969/117/83 2965/65/83
f 2965/65/83 2961/118/83 2957/103/83
f 2957/103/83 2953/104/83 2949/113/83
f 2949/113/83 2981/114/83 2973/100/83
f 2973/100/83 2965/65/83 2957/103/83
f 2973/100/83 2957/103/83 2949/113/83
f 2982/52/84 2981/51/84 2983/73/84
f 2982/52/84 2983/73/84 2984/74/84
f 2984/74/85 2983/73/85 2946/75/85
f 2984/74/85 2946/75/85 2945/76/85
f 2984/105/86 2945/78/86 2948/106/86
f 2948/106/86 2950/121/86 2952/122/86
f 2952/122/86 2954/107/86 2956/83/86
f 2956/83/86 2958/108/86 2960/123/86
f 2960/123/86 2962/124/86 2964/109/86
f 2964/109/86 2966/88/86 2968/110/86
f 2968/110/86 2970/125/86 2972/126/86
f 2972/126/86 2974/111/86 2976/93/86
f 2976/93/86 2978/112/86 2980/127/86
f 2980/127/86 2982/128/86 2984/105/86
f 2984/105/86 2948/106/86 2952/122/86
f 2952/122/86 2956/83/86 2960/123/86
f 2960/123/86 2964/109/86 2968/110/86
f 2968/110/86 2972/126/86 2976/93/86
f 2976/93/86 2980/127/86 2984/105/86
f 2984/105/86 2952/122/86 2960/123/86
f 2960/123/86 2968/110/86 2976/93/86
f 2960/123/86 2976/93/86 2984/105/86
f 2985/15/87 2986/16/87 2987/17/87
f 2985/15/87 2987/17/87 2988/18/87
f 2988/18/88 2987/17/88 2989/19/88
f 2988/18/88 2989/19/88 2990/20/88
f 2990/20/89 2989/19/89 2991/21/89
f 2990/20/89 2991/21/89 2992/22/89
f 2992/22/10 2991/21/10 2993/23/10
f 2992/22/10 2993/23/10 2994/24/10
f 2994/24/90 2993/23/90 2995/25/90
f 2994/24/90 2995/25/90 2996/26/90
f 2996/26/91 2995/25/91 2997/27/91
f 2996/26/91 2997/27/91 2998/28/91
f 2998/28/13 2997/27/13 2999/29/13
f 2998/28/13 2999/29/13 3000/30/13
f 3000/30/92 2999/29/92 3001/31/92
f 3000/30/92 3001/31/92 3002/32/92
f 3002/32/93 3001/31/93 3003/33/93
f 3002/32/93 3003/33/93 3004/34/93
f 3004/34/94 3003/33/94 3005/35/94
f 3004/34/94 3005/35/94 3006/36/94
f 3006/36/95 3005/35/95 3007/37/95
f 3006/36/95 3007/37/95 3008/38/95
f 3008/38/96 3007/37/96 3009/39/96
f 3008/38/96 3009/39/96 3010/40/96
f 3010/40/97 3009/39/97 3011/41/97
f 3010/40/97 3011/41/97 3012/42/97
f 3012/42/20 3011/41/20 3013/43/20
f 3012/42/20 3013/43/20 3014/44/20
f 3014/44/98 3013/43/98 3015/45/98
f 3014/44/98 3015/45/98 3016/46/98
f 3016/46/99 3015/45/99 3017/47/99
f 3016/46/99 3017/47/99 3018/48/99
f 3018/48/23 3017/47/23 3019/49/23
f 3018/48/23 3019/49/23 3020/50/23
f 3020/50/100 3019/49/100 3021/51/100
f 3020/50/100 3021/51/100 3022/52/100
f 2989/113/101 2987/97/101 2986/55/101
f 2986/55/101 3023/98/101 3021/114/101
f 3021/114/101 3019/115/101 3017/99/101
f 3017/99/101 3015/60/101 3013/100/101
f 3013/100/101 3011/116/101 3009/117/101
f 3009/117/101 3007/101/101 3005/65/101
f 3005/65/101 3003/102/101 3001/118/101
f 3001/118/101 2999/119/101 2997/103/101
f 2997/103/101 2995/70/101 2993/104/101
f 2993/104/101 2991/120/101 2989/113/101
f 2989/113/101 2986/55/101 3021/114/101
f 3021/114/101 3017/99/101 3013/100/101
f 3013/100/101 3009/117/101 3005/65/101
f 3005/65/101 3001/118/101 2997/103/101
f 2997/103/101 2993/104/101 2989/113/101
f 2989/113/101 3021/114/101 3013/100/101
f 3013/100/101 3005/65/101 2997/103/101
f 3013/100/101 2997/103/101 2989/113/101
f 3022/52/102 3021/51/102 3023/73/102
f 3022/52/102 3023/73/102 3024/74/102
f 3024/74/103 3023/73/103 2986/75/103
f 3024/74/103 2986/75/103 2985/76/103
f 3024/105/104 2985/78/104 2988/106/104
f 2988/106/104 2990/121/104 2992/122/104
f 2992/122/104 2994/107/104 2996/83/104
f 2996/83/104 2998/108/104 3000/123/104
f 3000/123/104 3002/124/104 3004/109/104
f 3004/109/104 3006/88/104 3008/110/104
f 3008/110/104 3010/125/104 3012/126/104
f 3012/126/104 3014/111/104 3016/93/104
f 3016/93/104 3018/112/104 3020/127/104
f 3020/127/104 3022/128/104 3024/105/104
f 3024/105/104 2988/106/104 2992/122/104
f 2992/122/104 2996/83/104 3000/123/104
f 3000/123/104 3004/109/104 3008/110/104
f 3008/110/104 3012/126/104 3016/93/104
f 3016/93/104 3020/127/104 3024/105/104
f 3024/105/104 2992/122/104 3000/123/104
f 3000/123/104 3008/110/104 3016/93/104
f 3000/123/104 3016/93/104 3024/105/104
