# Generated from the accepted BlenderMCP scene.
v 20.05 -20.05 0
v 20.05 -20.05 2
v 19.95 -20.05 2
v 19.95 -20.05 0
v 19.95 -19.95 2
v 19.95 -19.95 0
v 20.05 -19.95 2
v 20.05 -19.95 0
v 20.05 -15.05 0
v 20.05 -15.05 2
v 19.95 -15.05 2
v 19.95 -15.05 0
v 19.95 -14.95 2
v 19.95 -14.95 0
v 20.05 -14.95 2
v 20.05 -14.95 0
v 20.05 -10.05 0
v 20.05 -10.05 2
v 19.95 -10.05 2
v 19.95 -10.05 0
v 19.95 -9.95 2
v 19.95 -9.95 0
v 20.05 -9.95 2
v 20.05 -9.95 0
v 20.05 -5.05 0
v 20.05 -5.05 2
v 19.95 -5.05 2
v 19.95 -5.05 0
v 19.95 -4.95 2
v 19.95 -4.95 0
v 20.05 -4.95 2
v 20.05 -4.95 0
v 20.05 -0.05 0
v 20.05 -0.05 2
v 19.95 -0.05 2
v 19.95 -0.05 0
v 19.95 0.05 2
v 19.95 0.05 0
v 20.05 0.05 2
v 20.05 0.05 0
v 20.05 4.95 0
v 20.05 4.95 2
v 19.95 4.95 2
v 19.95 4.95 0
v 19.95 5.05 2
v 19.95 5.05 0
v 20.05 5.05 2
v 20.05 5.05 0
v 20.05 9.95 0
v 20.05 9.95 2
v 19.95 9.95 2
v 19.95 9.95 0
v 19.95 10.05 2
v 19.95 10.05 0
v 20.05 10.05 2
v 20.05 10.05 0
v 20.05 14.95 0
v 20.05 14.95 2
v 19.95 14.95 2
v 19.95 14.95 0
v 19.95 15.05 2
v 19.95 15.05 0
v 20.05 15.05 2
v 20.05 15.05 0
v 20.05 19.95 0
v 20.05 19.95 2
v 19.95 19.95 2
v 19.95 19.95 0
v 19.95 20.05 2
v 19.95 20.05 0
v 20.05 20.05 2
v 20.05 20.05 0
v 20.03 -20 0.47
v 20.03 -20 0.53
v 19.97 -20 0.53
v 19.97 -20 0.47
v 19.97 20 0.53
v 19.97 20 0.47
v 20.03 20 0.53
v 20.03 20 0.47
v 20.03 -20 1.57
v 20.03 -20 1.63
v 19.97 -20 1.63
v 19.97 -20 1.57
v 19.97 20 1.63
v 19.97 20 1.57
v 20.03 20 1.63
v 20.03 20 1.57
v 20.01 -20 0.4999999
v 20.01 -20 1.6
v 19.99 -20 1.6
v 19.99 -20 0.4999999
v 19.99 20 1.6
v 19.99 20 0.4999999
v 20.01 20 1.6
v 20.01 20 0.4999999
v -20.05 19.95 0
v -20.05 19.95 2
v -20.05 20.05 2
v -20.05 20.05 0
v -19.95 20.05 2
v -19.95 20.05 0
v -19.95 19.95 2
v -19.95 19.95 0
v -15.05 19.95 0
v -15.05 19.95 2
v -15.05 20.05 2
v -15.05 20.05 0
v -14.95 20.05 2
v -14.95 20.05 0
v -14.95 19.95 2
v -14.95 19.95 0
v -10.05 19.95 0
v -10.05 19.95 2
v -10.05 20.05 2
v -10.05 20.05 0
v -9.95 20.05 2
v -9.95 20.05 0
v -9.95 19.95 2
v -9.95 19.95 0
v -5.05 19.95 0
v -5.05 19.95 2
v -5.05 20.05 2
v -5.05 20.05 0
v -4.95 20.05 2
v -4.95 20.05 0
v -4.95 19.95 2
v -4.95 19.95 0
v -0.05 19.95 0
v -0.05 19.95 2
v -0.05 20.05 2
v -0.05 20.05 0
v 0.05 20.05 2
v 0.05 20.05 0
v 0.05 19.95 2
v 0.05 19.95 0
v 4.95 19.95 0
v 4.95 19.95 2
v 4.95 20.05 2
v 4.95 20.05 0
v 5.05 20.05 2
v 5.05 20.05 0
v 5.05 19.95 2
v 5.05 19.95 0
v 9.95 19.95 0
v 9.95 19.95 2
v 9.95 20.05 2
v 9.95 20.05 0
v 10.05 20.05 2
v 10.05 20.05 0
v 10.05 19.95 2
v 10.05 19.95 0
v 14.95 19.95 0
v 14.95 19.95 2
v 14.95 20.05 2
v 14.95 20.05 0
v 15.05 20.05 2
v 15.05 20.05 0
v 15.05 19.95 2
v 15.05 19.95 0
v 19.95 19.95 0
v 19.95 19.95 2
v 19.95 20.05 2
v 19.95 20.05 0
v 20.05 20.05 2
v 20.05 20.05 0
v 20.05 19.95 2
v 20.05 19.95 0
v -20 19.97 0.47
v -20 19.97 0.53
v -20 20.03 0.53
v -20 20.03 0.47
v 20 20.03 0.53
v 20 20.03 0.47
v 20 19.97 0.53
v 20 19.97 0.47
v -20 19.97 1.57
v -20 19.97 1.63
v -20 20.03 1.63
v -20 20.03 1.57
v 20 20.03 1.63
v 20 20.03 1.57
v 20 19.97 1.63
v 20 19.97 1.57
v -20 19.99 0.4999999
v -20 19.99 1.6
v -20 20.01 1.6
v -20 20.01 0.4999999
v 20 20.01 1.6
v 20 20.01 0.4999999
v 20 19.99 1.6
v 20 19.99 0.4999999
v -7.05 -20.05 0
v -7.05 -20.05 2
v -7.05 -19.95 2
v -7.05 -19.95 0
v -6.95 -19.95 2
v -6.95 -19.95 0
v -6.95 -20.05 2
v -6.95 -20.05 0
v -1.65 -20.05 0
v -1.65 -20.05 2
v -1.65 -19.95 2
v -1.65 -19.95 0
v -1.55 -19.95 2
v -1.55 -19.95 0
v -1.55 -20.05 2
v -1.55 -20.05 0
v 3.75 -20.05 0
v 3.75 -20.05 2
v 3.75 -19.95 2
v 3.75 -19.95 0
v 3.85 -19.95 2
v 3.85 -19.95 0
v 3.85 -20.05 2
v 3.85 -20.05 0
v 9.15 -20.05 0
v 9.15 -20.05 2
v 9.15 -19.95 2
v 9.15 -19.95 0
v 9.25 -19.95 2
v 9.25 -19.95 0
v 9.25 -20.05 2
v 9.25 -20.05 0
v 14.55 -20.05 0
v 14.55 -20.05 2
v 14.55 -19.95 2
v 14.55 -19.95 0
v 14.65 -19.95 2
v 14.65 -19.95 0
v 14.65 -20.05 2
v 14.65 -20.05 0
v 19.95 -20.05 0
v 19.95 -20.05 2
v 19.95 -19.95 2
v 19.95 -19.95 0
v 20.05 -19.95 2
v 20.05 -19.95 0
v 20.05 -20.05 2
v 20.05 -20.05 0
v -7 -20.03 0.47
v -7 -20.03 0.53
v -7 -19.97 0.53
v -7 -19.97 0.47
v 20 -19.97 0.53
v 20 -19.97 0.47
v 20 -20.03 0.53
v 20 -20.03 0.47
v -7 -20.03 1.57
v -7 -20.03 1.63
v -7 -19.97 1.63
v -7 -19.97 1.57
v 20 -19.97 1.63
v 20 -19.97 1.57
v 20 -20.03 1.63
v 20 -20.03 1.57
v -7 -20.01 0.4999999
v -7 -20.01 1.6
v -7 -19.99 1.6
v -7 -19.99 0.4999999
v 20 -19.99 1.6
v 20 -19.99 0.4999999
v 20 -20.01 1.6
v 20 -20.01 0.4999999
v -20.05 -20.05 0
v -20.05 -20.05 2
v -20.05 -19.95 2
v -20.05 -19.95 0
v -19.95 -19.95 2
v -19.95 -19.95 0
v -19.95 -20.05 2
v -19.95 -20.05 0
v -11.05 -20.05 0
v -11.05 -20.05 2
v -11.05 -19.95 2
v -11.05 -19.95 0
v -10.95 -19.95 2
v -10.95 -19.95 0
v -10.95 -20.05 2
v -10.95 -20.05 0
v -20 -20.03 0.47
v -20 -20.03 0.53
v -20 -19.97 0.53
v -20 -19.97 0.47
v -11 -19.97 0.53
v -11 -19.97 0.47
v -11 -20.03 0.53
v -11 -20.03 0.47
v -20 -20.03 1.57
v -20 -20.03 1.63
v -20 -19.97 1.63
v -20 -19.97 1.57
v -11 -19.97 1.63
v -11 -19.97 1.57
v -11 -20.03 1.63
v -11 -20.03 1.57
v -20 -20.01 0.4999999
v -20 -20.01 1.6
v -20 -19.99 1.6
v -20 -19.99 0.4999999
v -11 -19.99 1.6
v -11 -19.99 0.4999999
v -11 -20.01 1.6
v -11 -20.01 0.4999999
v -19.95 -20.05 0
v -19.95 -20.05 2
v -20.05 -20.05 2
v -20.05 -20.05 0
v -20.05 -19.95 2
v -20.05 -19.95 0
v -19.95 -19.95 2
v -19.95 -19.95 0
v -19.95 -15.05 0
v -19.95 -15.05 2
v -20.05 -15.05 2
v -20.05 -15.05 0
v -20.05 -14.95 2
v -20.05 -14.95 0
v -19.95 -14.95 2
v -19.95 -14.95 0
v -19.95 -10.05 0
v -19.95 -10.05 2
v -20.05 -10.05 2
v -20.05 -10.05 0
v -20.05 -9.95 2
v -20.05 -9.95 0
v -19.95 -9.95 2
v -19.95 -9.95 0
v -19.95 -5.05 0
v -19.95 -5.05 2
v -20.05 -5.05 2
v -20.05 -5.05 0
v -20.05 -4.95 2
v -20.05 -4.95 0
v -19.95 -4.95 2
v -19.95 -4.95 0
v -19.95 -0.05 0
v -19.95 -0.05 2
v -20.05 -0.05 2
v -20.05 -0.05 0
v -20.05 0.05 2
v -20.05 0.05 0
v -19.95 0.05 2
v -19.95 0.05 0
v -19.95 4.95 0
v -19.95 4.95 2
v -20.05 4.95 2
v -20.05 4.95 0
v -20.05 5.05 2
v -20.05 5.05 0
v -19.95 5.05 2
v -19.95 5.05 0
v -19.95 9.95 0
v -19.95 9.95 2
v -20.05 9.95 2
v -20.05 9.95 0
v -20.05 10.05 2
v -20.05 10.05 0
v -19.95 10.05 2
v -19.95 10.05 0
v -19.95 14.95 0
v -19.95 14.95 2
v -20.05 14.95 2
v -20.05 14.95 0
v -20.05 15.05 2
v -20.05 15.05 0
v -19.95 15.05 2
v -19.95 15.05 0
v -19.95 19.95 0
v -19.95 19.95 2
v -20.05 19.95 2
v -20.05 19.95 0
v -20.05 20.05 2
v -20.05 20.05 0
v -19.95 20.05 2
v -19.95 20.05 0
v -19.97 -20 0.47
v -19.97 -20 0.53
v -20.03 -20 0.53
v -20.03 -20 0.47
v -20.03 20 0.53
v -20.03 20 0.47
v -19.97 20 0.53
v -19.97 20 0.47
v -19.97 -20 1.57
v -19.97 -20 1.63
v -20.03 -20 1.63
v -20.03 -20 1.57
v -20.03 20 1.63
v -20.03 20 1.57
v -19.97 20 1.63
v -19.97 20 1.57
v -19.99 -20 0.4999999
v -19.99 -20 1.6
v -20.01 -20 1.6
v -20.01 -20 0.4999999
v -20.01 20 1.6
v -20.01 20 0.4999999
v -19.99 20 1.6
v -19.99 20 0.4999999
v 14.25 15.5 0
v 14.25 15.5 2.5
v 14.25 15.42 2.5
v 14.25 15.42 0
v 14.17 15.42 2.5
v 14.17 15.42 0
v 14.17 15.5 2.5
v 14.17 15.5 0
v 14.25 14.58 0
v 14.25 14.58 2.5
v 14.25 14.5 2.5
v 14.25 14.5 0
v 14.17 14.5 2.5
v 14.17 14.5 0
v 14.17 14.58 2.5
v 14.17 14.58 0
v 11.83 15.5 0
v 11.83 15.5 2.5
v 11.83 15.42 2.5
v 11.83 15.42 0
v 11.75 15.42 2.5
v 11.75 15.42 0
v 11.75 15.5 2.5
v 11.75 15.5 0
v 11.83 14.58 0
v 11.83 14.58 2.5
v 11.83 14.5 2.5
v 11.83 14.5 0
v 11.75 14.5 2.5
v 11.75 14.5 0
v 11.75 14.58 2.5
v 11.75 14.58 0
v 14.21 15.46 0.035
v 14.21 15.46 0.085
v 14.21 14.54 0.085
v 14.21 14.54 0.035
v 11.79 14.54 0.085
v 11.79 14.54 0.035
v 11.79 15.46 0.085
v 11.79 15.46 0.035
v 14.21 15.48 0.03
v 14.21 15.48 0.09
v 14.21 15.42 0.09
v 14.21 15.42 0.03
v 11.79 15.42 0.09
v 11.79 15.42 0.03
v 11.79 15.48 0.09
v 11.79 15.48 0.03
v 14.21 14.58 0.03
v 14.21 14.58 0.09
v 14.21 14.52 0.09
v 14.21 14.52 0.03
v 11.79 14.52 0.09
v 11.79 14.52 0.03
v 11.79 14.58 0.09
v 11.79 14.58 0.03
v 14.21 15.46 1.1
v 14.21 15.46 1.15
v 14.21 14.54 1.15
v 14.21 14.54 1.1
v 11.79 14.54 1.15
v 11.79 14.54 1.1
v 11.79 15.46 1.15
v 11.79 15.46 1.1
v 14.21 15.48 1.095
v 14.21 15.48 1.155
v 14.21 15.42 1.155
v 14.21 15.42 1.095
v 11.79 15.42 1.155
v 11.79 15.42 1.095
v 11.79 15.48 1.155
v 11.79 15.48 1.095
v 14.21 14.58 1.095
v 14.21 14.58 1.155
v 14.21 14.52 1.155
v 14.21 14.52 1.095
v 11.79 14.52 1.155
v 11.79 14.52 1.095
v 11.79 14.58 1.155
v 11.79 14.58 1.095
v 14.21 15.46 2.025
v 14.21 15.46 2.075
v 14.21 14.54 2.075
v 14.21 14.54 2.025
v 11.79 14.54 2.075
v 11.79 14.54 2.025
v 11.79 15.46 2.075
v 11.79 15.46 2.025
v 14.21 15.48 2.02
v 14.21 15.48 2.08
v 14.21 15.42 2.08
v 14.21 15.42 2.02
v 11.79 15.42 2.08
v 11.79 15.42 2.02
v 11.79 15.48 2.08
v 11.79 15.48 2.02
v 14.21 14.58 2.02
v 14.21 14.58 2.08
v 14.21 14.52 2.08
v 14.21 14.52 2.02
v 11.79 14.52 2.08
v 11.79 14.52 2.02
v 11.79 14.58 2.08
v 11.79 14.58 2.02
v 13.975 15.35625 0.205
v 13.975 15.35625 0.655
v 13.975 14.64375 0.655
v 13.975 14.64375 0.205
v 13.025 14.64375 0.655
v 13.025 14.64375 0.205
v 13.025 15.35625 0.655
v 13.025 15.35625 0.205
v 12.925 15.35625 0.205
v 12.925 15.35625 0.655
v 12.925 14.64375 0.655
v 12.925 14.64375 0.205
v 11.975 14.64375 0.655
v 11.975 14.64375 0.205
v 11.975 15.35625 0.655
v 11.975 15.35625 0.205
v 13.975 15.35625 1.27
v 13.975 15.35625 1.72
v 13.975 14.64375 1.72
v 13.975 14.64375 1.27
v 13.025 14.64375 1.72
v 13.025 14.64375 1.27
v 13.025 15.35625 1.72
v 13.025 15.35625 1.27
v 12.925 15.35625 1.27
v 12.925 15.35625 1.72
v 12.925 14.64375 1.72
v 12.925 14.64375 1.27
v 11.975 14.64375 1.72
v 11.975 14.64375 1.27
v 11.975 15.35625 1.72
v 11.975 15.35625 1.27
v 11.25 15.5 0
v 11.25 15.5 2.5
v 11.25 15.42 2.5
v 11.25 15.42 0
v 11.17 15.42 2.5
v 11.17 15.42 0
v 11.17 15.5 2.5
v 11.17 15.5 0
v 11.25 14.58 0
v 11.25 14.58 2.5
v 11.25 14.5 2.5
v 11.25 14.5 0
v 11.17 14.5 2.5
v 11.17 14.5 0
v 11.17 14.58 2.5
v 11.17 14.58 0
v 8.83 15.5 0
v 8.83 15.5 2.5
v 8.83 15.42 2.5
v 8.83 15.42 0
v 8.75 15.42 2.5
v 8.75 15.42 0
v 8.75 15.5 2.5
v 8.75 15.5 0
v 8.83 14.58 0
v 8.83 14.58 2.5
v 8.83 14.5 2.5
v 8.83 14.5 0
v 8.75 14.5 2.5
v 8.75 14.5 0
v 8.75 14.58 2.5
v 8.75 14.58 0
v 11.21 15.46 0.035
v 11.21 15.46 0.085
v 11.21 14.54 0.085
v 11.21 14.54 0.035
v 8.79 14.54 0.085
v 8.79 14.54 0.035
v 8.79 15.46 0.085
v 8.79 15.46 0.035
v 11.21 15.48 0.03
v 11.21 15.48 0.09
v 11.21 15.42 0.09
v 11.21 15.42 0.03
v 8.79 15.42 0.09
v 8.79 15.42 0.03
v 8.79 15.48 0.09
v 8.79 15.48 0.03
v 11.21 14.58 0.03
v 11.21 14.58 0.09
v 11.21 14.52 0.09
v 11.21 14.52 0.03
v 8.79 14.52 0.09
v 8.79 14.52 0.03
v 8.79 14.58 0.09
v 8.79 14.58 0.03
v 11.21 15.46 1.1
v 11.21 15.46 1.15
v 11.21 14.54 1.15
v 11.21 14.54 1.1
v 8.79 14.54 1.15
v 8.79 14.54 1.1
v 8.79 15.46 1.15
v 8.79 15.46 1.1
v 11.21 15.48 1.095
v 11.21 15.48 1.155
v 11.21 15.42 1.155
v 11.21 15.42 1.095
v 8.79 15.42 1.155
v 8.79 15.42 1.095
v 8.79 15.48 1.155
v 8.79 15.48 1.095
v 11.21 14.58 1.095
v 11.21 14.58 1.155
v 11.21 14.52 1.155
v 11.21 14.52 1.095
v 8.79 14.52 1.155
v 8.79 14.52 1.095
v 8.79 14.58 1.155
v 8.79 14.58 1.095
v 11.21 15.46 2.025
v 11.21 15.46 2.075
v 11.21 14.54 2.075
v 11.21 14.54 2.025
v 8.79 14.54 2.075
v 8.79 14.54 2.025
v 8.79 15.46 2.075
v 8.79 15.46 2.025
v 11.21 15.48 2.02
v 11.21 15.48 2.08
v 11.21 15.42 2.08
v 11.21 15.42 2.02
v 8.79 15.42 2.08
v 8.79 15.42 2.02
v 8.79 15.48 2.08
v 8.79 15.48 2.02
v 11.21 14.58 2.02
v 11.21 14.58 2.08
v 11.21 14.52 2.08
v 11.21 14.52 2.02
v 8.79 14.52 2.08
v 8.79 14.52 2.02
v 8.79 14.58 2.08
v 8.79 14.58 2.02
v 8.25 15.5 0
v 8.25 15.5 2.5
v 8.25 15.42 2.5
v 8.25 15.42 0
v 8.17 15.42 2.5
v 8.17 15.42 0
v 8.17 15.5 2.5
v 8.17 15.5 0
v 8.25 14.58 0
v 8.25 14.58 2.5
v 8.25 14.5 2.5
v 8.25 14.5 0
v 8.17 14.5 2.5
v 8.17 14.5 0
v 8.17 14.58 2.5
v 8.17 14.58 0
v 5.83 15.5 0
v 5.83 15.5 2.5
v 5.83 15.42 2.5
v 5.83 15.42 0
v 5.75 15.42 2.5
v 5.75 15.42 0
v 5.75 15.5 2.5
v 5.75 15.5 0
v 5.83 14.58 0
v 5.83 14.58 2.5
v 5.83 14.5 2.5
v 5.83 14.5 0
v 5.75 14.5 2.5
v 5.75 14.5 0
v 5.75 14.58 2.5
v 5.75 14.58 0
v 8.21 15.46 0.035
v 8.21 15.46 0.085
v 8.21 14.54 0.085
v 8.21 14.54 0.035
v 5.79 14.54 0.085
v 5.79 14.54 0.035
v 5.79 15.46 0.085
v 5.79 15.46 0.035
v 8.21 15.48 0.03
v 8.21 15.48 0.09
v 8.21 15.42 0.09
v 8.21 15.42 0.03
v 5.79 15.42 0.09
v 5.79 15.42 0.03
v 5.79 15.48 0.09
v 5.79 15.48 0.03
v 8.21 14.58 0.03
v 8.21 14.58 0.09
v 8.21 14.52 0.09
v 8.21 14.52 0.03
v 5.79 14.52 0.09
v 5.79 14.52 0.03
v 5.79 14.58 0.09
v 5.79 14.58 0.03
v 8.21 15.46 1.1
v 8.21 15.46 1.15
v 8.21 14.54 1.15
v 8.21 14.54 1.1
v 5.79 14.54 1.15
v 5.79 14.54 1.1
v 5.79 15.46 1.15
v 5.79 15.46 1.1
v 8.21 15.48 1.095
v 8.21 15.48 1.155
v 8.21 15.42 1.155
v 8.21 15.42 1.095
v 5.79 15.42 1.155
v 5.79 15.42 1.095
v 5.79 15.48 1.155
v 5.79 15.48 1.095
v 8.21 14.58 1.095
v 8.21 14.58 1.155
v 8.21 14.52 1.155
v 8.21 14.52 1.095
v 5.79 14.52 1.155
v 5.79 14.52 1.095
v 5.79 14.58 1.155
v 5.79 14.58 1.095
v 8.21 15.46 2.025
v 8.21 15.46 2.075
v 8.21 14.54 2.075
v 8.21 14.54 2.025
v 5.79 14.54 2.075
v 5.79 14.54 2.025
v 5.79 15.46 2.075
v 5.79 15.46 2.025
v 8.21 15.48 2.02
v 8.21 15.48 2.08
v 8.21 15.42 2.08
v 8.21 15.42 2.02
v 5.79 15.42 2.08
v 5.79 15.42 2.02
v 5.79 15.48 2.08
v 5.79 15.48 2.02
v 8.21 14.58 2.02
v 8.21 14.58 2.08
v 8.21 14.52 2.08
v 8.21 14.52 2.02
v 5.79 14.52 2.08
v 5.79 14.52 2.02
v 5.79 14.58 2.08
v 5.79 14.58 2.02
v 7.975 15.35625 0.205
v 7.975 15.35625 0.655
v 7.975 14.64375 0.655
v 7.975 14.64375 0.205
v 7.025 14.64375 0.655
v 7.025 14.64375 0.205
v 7.025 15.35625 0.655
v 7.025 15.35625 0.205
v 6.925 15.35625 0.205
v 6.925 15.35625 0.655
v 6.925 14.64375 0.655
v 6.925 14.64375 0.205
v 5.975 14.64375 0.655
v 5.975 14.64375 0.205
v 5.975 15.35625 0.655
v 5.975 15.35625 0.205
v 7.975 15.35625 1.27
v 7.975 15.35625 1.72
v 7.975 14.64375 1.72
v 7.975 14.64375 1.27
v 7.025 14.64375 1.72
v 7.025 14.64375 1.27
v 7.025 15.35625 1.72
v 7.025 15.35625 1.27
v 6.925 15.35625 1.27
v 6.925 15.35625 1.72
v 6.925 14.64375 1.72
v 6.925 14.64375 1.27
v 5.975 14.64375 1.72
v 5.975 14.64375 1.27
v 5.975 15.35625 1.72
v 5.975 15.35625 1.27
v -14.25 14.5 0
v -14.25 14.5 2.5
v -14.25 14.58 2.5
v -14.25 14.58 0
v -14.17 14.58 2.5
v -14.17 14.58 0
v -14.17 14.5 2.5
v -14.17 14.5 0
v -14.25 15.42 0
v -14.25 15.42 2.5
v -14.25 15.5 2.5
v -14.25 15.5 0
v -14.17 15.5 2.5
v -14.17 15.5 0
v -14.17 15.42 2.5
v -14.17 15.42 0
v -11.83 14.5 0
v -11.83 14.5 2.5
v -11.83 14.58 2.5
v -11.83 14.58 0
v -11.75 14.58 2.5
v -11.75 14.58 0
v -11.75 14.5 2.5
v -11.75 14.5 0
v -11.83 15.42 0
v -11.83 15.42 2.5
v -11.83 15.5 2.5
v -11.83 15.5 0
v -11.75 15.5 2.5
v -11.75 15.5 0
v -11.75 15.42 2.5
v -11.75 15.42 0
v -14.21 14.54 0.035
v -14.21 14.54 0.085
v -14.21 15.46 0.085
v -14.21 15.46 0.035
v -11.79 15.46 0.085
v -11.79 15.46 0.035
v -11.79 14.54 0.085
v -11.79 14.54 0.035
v -14.21 14.52 0.03
v -14.21 14.52 0.09
v -14.21 14.58 0.09
v -14.21 14.58 0.03
v -11.79 14.58 0.09
v -11.79 14.58 0.03
v -11.79 14.52 0.09
v -11.79 14.52 0.03
v -14.21 15.42 0.03
v -14.21 15.42 0.09
v -14.21 15.48 0.09
v -14.21 15.48 0.03
v -11.79 15.48 0.09
v -11.79 15.48 0.03
v -11.79 15.42 0.09
v -11.79 15.42 0.03
v -14.21 14.54 1.1
v -14.21 14.54 1.15
v -14.21 15.46 1.15
v -14.21 15.46 1.1
v -11.79 15.46 1.15
v -11.79 15.46 1.1
v -11.79 14.54 1.15
v -11.79 14.54 1.1
v -14.21 14.52 1.095
v -14.21 14.52 1.155
v -14.21 14.58 1.155
v -14.21 14.58 1.095
v -11.79 14.58 1.155
v -11.79 14.58 1.095
v -11.79 14.52 1.155
v -11.79 14.52 1.095
v -14.21 15.42 1.095
v -14.21 15.42 1.155
v -14.21 15.48 1.155
v -14.21 15.48 1.095
v -11.79 15.48 1.155
v -11.79 15.48 1.095
v -11.79 15.42 1.155
v -11.79 15.42 1.095
v -14.21 14.54 2.025
v -14.21 14.54 2.075
v -14.21 15.46 2.075
v -14.21 15.46 2.025
v -11.79 15.46 2.075
v -11.79 15.46 2.025
v -11.79 14.54 2.075
v -11.79 14.54 2.025
v -14.21 14.52 2.02
v -14.21 14.52 2.08
v -14.21 14.58 2.08
v -14.21 14.58 2.02
v -11.79 14.58 2.08
v -11.79 14.58 2.02
v -11.79 14.52 2.08
v -11.79 14.52 2.02
v -14.21 15.42 2.02
v -14.21 15.42 2.08
v -14.21 15.48 2.08
v -14.21 15.48 2.02
v -11.79 15.48 2.08
v -11.79 15.48 2.02
v -11.79 15.42 2.08
v -11.79 15.42 2.02
v -11.25 14.5 0
v -11.25 14.5 2.5
v -11.25 14.58 2.5
v -11.25 14.58 0
v -11.17 14.58 2.5
v -11.17 14.58 0
v -11.17 14.5 2.5
v -11.17 14.5 0
v -11.25 15.42 0
v -11.25 15.42 2.5
v -11.25 15.5 2.5
v -11.25 15.5 0
v -11.17 15.5 2.5
v -11.17 15.5 0
v -11.17 15.42 2.5
v -11.17 15.42 0
v -8.83 14.5 0
v -8.83 14.5 2.5
v -8.83 14.58 2.5
v -8.83 14.58 0
v -8.75 14.58 2.5
v -8.75 14.58 0
v -8.75 14.5 2.5
v -8.75 14.5 0
v -8.83 15.42 0
v -8.83 15.42 2.5
v -8.83 15.5 2.5
v -8.83 15.5 0
v -8.75 15.5 2.5
v -8.75 15.5 0
v -8.75 15.42 2.5
v -8.75 15.42 0
v -11.21 14.54 0.035
v -11.21 14.54 0.085
v -11.21 15.46 0.085
v -11.21 15.46 0.035
v -8.79 15.46 0.085
v -8.79 15.46 0.035
v -8.79 14.54 0.085
v -8.79 14.54 0.035
v -11.21 14.52 0.03
v -11.21 14.52 0.09
v -11.21 14.58 0.09
v -11.21 14.58 0.03
v -8.79 14.58 0.09
v -8.79 14.58 0.03
v -8.79 14.52 0.09
v -8.79 14.52 0.03
v -11.21 15.42 0.03
v -11.21 15.42 0.09
v -11.21 15.48 0.09
v -11.21 15.48 0.03
v -8.79 15.48 0.09
v -8.79 15.48 0.03
v -8.79 15.42 0.09
v -8.79 15.42 0.03
v -11.21 14.54 1.1
v -11.21 14.54 1.15
v -11.21 15.46 1.15
v -11.21 15.46 1.1
v -8.79 15.46 1.15
v -8.79 15.46 1.1
v -8.79 14.54 1.15
v -8.79 14.54 1.1
v -11.21 14.52 1.095
v -11.21 14.52 1.155
v -11.21 14.58 1.155
v -11.21 14.58 1.095
v -8.79 14.58 1.155
v -8.79 14.58 1.095
v -8.79 14.52 1.155
v -8.79 14.52 1.095
v -11.21 15.42 1.095
v -11.21 15.42 1.155
v -11.21 15.48 1.155
v -11.21 15.48 1.095
v -8.79 15.48 1.155
v -8.79 15.48 1.095
v -8.79 15.42 1.155
v -8.79 15.42 1.095
v -11.21 14.54 2.025
v -11.21 14.54 2.075
v -11.21 15.46 2.075
v -11.21 15.46 2.025
v -8.79 15.46 2.075
v -8.79 15.46 2.025
v -8.79 14.54 2.075
v -8.79 14.54 2.025
v -11.21 14.52 2.02
v -11.21 14.52 2.08
v -11.21 14.58 2.08
v -11.21 14.58 2.02
v -8.79 14.58 2.08
v -8.79 14.58 2.02
v -8.79 14.52 2.08
v -8.79 14.52 2.02
v -11.21 15.42 2.02
v -11.21 15.42 2.08
v -11.21 15.48 2.08
v -11.21 15.48 2.02
v -8.79 15.48 2.08
v -8.79 15.48 2.02
v -8.79 15.42 2.08
v -8.79 15.42 2.02
v -10.975 14.64375 0.205
v -10.975 14.64375 0.655
v -10.975 15.35625 0.655
v -10.975 15.35625 0.205
v -10.025 15.35625 0.655
v -10.025 15.35625 0.205
v -10.025 14.64375 0.655
v -10.025 14.64375 0.205
v -9.925 14.64375 0.205
v -9.925 14.64375 0.655
v -9.925 15.35625 0.655
v -9.925 15.35625 0.205
v -8.974999 15.35625 0.655
v -8.974999 15.35625 0.205
v -8.974999 14.64375 0.655
v -8.974999 14.64375 0.205
v -10.975 14.64375 1.27
v -10.975 14.64375 1.72
v -10.975 15.35625 1.72
v -10.975 15.35625 1.27
v -10.025 15.35625 1.72
v -10.025 15.35625 1.27
v -10.025 14.64375 1.72
v -10.025 14.64375 1.27
v -9.925 14.64375 1.27
v -9.925 14.64375 1.72
v -9.925 15.35625 1.72
v -9.925 15.35625 1.27
v -8.974999 15.35625 1.72
v -8.974999 15.35625 1.27
v -8.974999 14.64375 1.72
v -8.974999 14.64375 1.27
v -8.25 14.5 0
v -8.25 14.5 2.5
v -8.25 14.58 2.5
v -8.25 14.58 0
v -8.17 14.58 2.5
v -8.17 14.58 0
v -8.17 14.5 2.5
v -8.17 14.5 0
v -8.25 15.42 0
v -8.25 15.42 2.5
v -8.25 15.5 2.5
v -8.25 15.5 0
v -8.17 15.5 2.5
v -8.17 15.5 0
v -8.17 15.42 2.5
v -8.17 15.42 0
v -5.83 14.5 0
v -5.83 14.5 2.5
v -5.83 14.58 2.5
v -5.83 14.58 0
v -5.75 14.58 2.5
v -5.75 14.58 0
v -5.75 14.5 2.5
v -5.75 14.5 0
v -5.83 15.42 0
v -5.83 15.42 2.5
v -5.83 15.5 2.5
v -5.83 15.5 0
v -5.75 15.5 2.5
v -5.75 15.5 0
v -5.75 15.42 2.5
v -5.75 15.42 0
v -8.21 14.54 0.035
v -8.21 14.54 0.085
v -8.21 15.46 0.085
v -8.21 15.46 0.035
v -5.79 15.46 0.085
v -5.79 15.46 0.035
v -5.79 14.54 0.085
v -5.79 14.54 0.035
v -8.21 14.52 0.03
v -8.21 14.52 0.09
v -8.21 14.58 0.09
v -8.21 14.58 0.03
v -5.79 14.58 0.09
v -5.79 14.58 0.03
v -5.79 14.52 0.09
v -5.79 14.52 0.03
v -8.21 15.42 0.03
v -8.21 15.42 0.09
v -8.21 15.48 0.09
v -8.21 15.48 0.03
v -5.79 15.48 0.09
v -5.79 15.48 0.03
v -5.79 15.42 0.09
v -5.79 15.42 0.03
v -8.21 14.54 1.1
v -8.21 14.54 1.15
v -8.21 15.46 1.15
v -8.21 15.46 1.1
v -5.79 15.46 1.15
v -5.79 15.46 1.1
v -5.79 14.54 1.15
v -5.79 14.54 1.1
v -8.21 14.52 1.095
v -8.21 14.52 1.155
v -8.21 14.58 1.155
v -8.21 14.58 1.095
v -5.79 14.58 1.155
v -5.79 14.58 1.095
v -5.79 14.52 1.155
v -5.79 14.52 1.095
v -8.21 15.42 1.095
v -8.21 15.42 1.155
v -8.21 15.48 1.155
v -8.21 15.48 1.095
v -5.79 15.48 1.155
v -5.79 15.48 1.095
v -5.79 15.42 1.155
v -5.79 15.42 1.095
v -8.21 14.54 2.025
v -8.21 14.54 2.075
v -8.21 15.46 2.075
v -8.21 15.46 2.025
v -5.79 15.46 2.075
v -5.79 15.46 2.025
v -5.79 14.54 2.075
v -5.79 14.54 2.025
v -8.21 14.52 2.02
v -8.21 14.52 2.08
v -8.21 14.58 2.08
v -8.21 14.58 2.02
v -5.79 14.58 2.08
v -5.79 14.58 2.02
v -5.79 14.52 2.08
v -5.79 14.52 2.02
v -8.21 15.42 2.02
v -8.21 15.42 2.08
v -8.21 15.48 2.08
v -8.21 15.48 2.02
v -5.79 15.48 2.08
v -5.79 15.48 2.02
v -5.79 15.42 2.08
v -5.79 15.42 2.02
v 19.95 -0.5 0
v 19.95 -0.5 1
v 19.95245 -0.4845491 1
v 19.95245 -0.4845491 0
v 19.95955 -0.4706107 1
v 19.95955 -0.4706107 0
v 19.97061 -0.4595492 1
v 19.97061 -0.4595492 0
v 19.98455 -0.4524472 1
v 19.98455 -0.4524472 0
v 20 -0.45 1
v 20 -0.45 0
v 20.01545 -0.4524472 1
v 20.01545 -0.4524472 0
v 20.02939 -0.4595492 1
v 20.02939 -0.4595492 0
v 20.04045 -0.4706107 1
v 20.04045 -0.4706107 0
v 20.04755 -0.4845492 1
v 20.04755 -0.4845492 0
v 20.05 -0.5 1
v 20.05 -0.5 0
v 20.04755 -0.5154508 1
v 20.04755 -0.5154508 0
v 20.04045 -0.5293893 1
v 20.04045 -0.5293893 0
v 20.02939 -0.5404509 1
v 20.02939 -0.5404509 0
v 20.01545 -0.5475528 1
v 20.01545 -0.5475528 0
v 20 -0.55 1
v 20 -0.55 0
v 19.98455 -0.5475528 1
v 19.98455 -0.5475528 0
v 19.97061 -0.5404509 1
v 19.97061 -0.5404509 0
v 19.95955 -0.5293893 1
v 19.95955 -0.5293893 0
v 19.95245 -0.5154508 1
v 19.95245 -0.5154508 0
v 19.95 0.5 0
v 19.95 0.5 1
v 19.95245 0.5154508 1
v 19.95245 0.5154508 0
v 19.95955 0.5293893 1
v 19.95955 0.5293893 0
v 19.97061 0.5404509 1
v 19.97061 0.5404509 0
v 19.98455 0.5475528 1
v 19.98455 0.5475528 0
v 20 0.55 1
v 20 0.55 0
v 20.01545 0.5475528 1
v 20.01545 0.5475528 0
v 20.02939 0.5404509 1
v 20.02939 0.5404509 0
v 20.04045 0.5293893 1
v 20.04045 0.5293893 0
v 20.04755 0.5154508 1
v 20.04755 0.5154508 0
v 20.05 0.5 1
v 20.05 0.5 0
v 20.04755 0.4845491 1
v 20.04755 0.4845491 0
v 20.04045 0.4706107 1
v 20.04045 0.4706107 0
v 20.02939 0.4595492 1
v 20.02939 0.4595492 0
v 20.01545 0.4524472 1
v 20.01545 0.4524472 0
v 20 0.45 1
v 20 0.45 0
v 19.98455 0.4524472 1
v 19.98455 0.4524472 0
v 19.97061 0.4595492 1
v 19.97061 0.4595492 0
v 19.95955 0.4706107 1
v 19.95955 0.4706107 0
v 19.95245 0.4845492 1
v 19.95245 0.4845492 0
v 20.3 -0.5 0.65
v 20.3 -0.5 1.25
v 19.7 -0.5 1.25
v 19.7 -0.5 0.65
v 19.7 0.5 1.25
v 19.7 0.5 0.65
v 20.3 0.5 1.25
v 20.3 0.5 0.65
v 20.3 -0.5 -0.25
v 20.3 -0.5 0.35
v 19.7 -0.5 0.35
v 19.7 -0.5 -0.25
v 19.7 0.5 0.35
v 19.7 0.5 -0.25
v 20.3 0.5 0.35
v 20.3 0.5 -0.25
v 20.075 -0.5 0.06
v 20.075 -0.5 0.94
v 19.925 -0.5 0.94
v 19.925 -0.5 0.06
v 19.925 0.5 0.94
v 19.925 0.5 0.06
v 20.075 0.5 0.94
v 20.075 0.5 0.06
v -0.5 20.05 0
v -0.5 20.05 1
v -0.4845492 20.04755 1
v -0.4845492 20.04755 0
v -0.4706107 20.04045 1
v -0.4706107 20.04045 0
v -0.4595492 20.02939 1
v -0.4595492 20.02939 0
v -0.4524472 20.01545 1
v -0.4524472 20.01545 0
v -0.45 20 1
v -0.45 20 0
v -0.4524472 19.98455 1
v -0.4524472 19.98455 0
v -0.4595492 19.97061 1
v -0.4595492 19.97061 0
v -0.4706107 19.95955 1
v -0.4706107 19.95955 0
v -0.4845492 19.95245 1
v -0.4845492 19.95245 0
v -0.5 19.95 1
v -0.5 19.95 0
v -0.5154508 19.95245 1
v -0.5154508 19.95245 0
v -0.5293893 19.95955 1
v -0.5293893 19.95955 0
v -0.5404509 19.97061 1
v -0.5404509 19.97061 0
v -0.5475528 19.98455 1
v -0.5475528 19.98455 0
v -0.55 20 1
v -0.55 20 0
v -0.5475528 20.01545 1
v -0.5475528 20.01545 0
v -0.5404509 20.02939 1
v -0.5404509 20.02939 0
v -0.5293893 20.04045 1
v -0.5293893 20.04045 0
v -0.5154508 20.04755 1
v -0.5154508 20.04755 0
v 0.5 20.05 0
v 0.5 20.05 1
v 0.5154508 20.04755 1
v 0.5154508 20.04755 0
v 0.5293893 20.04045 1
v 0.5293893 20.04045 0
v 0.5404509 20.02939 1
v 0.5404509 20.02939 0
v 0.5475528 20.01545 1
v 0.5475528 20.01545 0
v 0.55 20 1
v 0.55 20 0
v 0.5475528 19.98455 1
v 0.5475528 19.98455 0
v 0.5404509 19.97061 1
v 0.5404509 19.97061 0
v 0.5293893 19.95955 1
v 0.5293893 19.95955 0
v 0.5154508 19.95245 1
v 0.5154508 19.95245 0
v 0.5 19.95 1
v 0.5 19.95 0
v 0.4845492 19.95245 1
v 0.4845492 19.95245 0
v 0.4706107 19.95955 1
v 0.4706107 19.95955 0
v 0.4595492 19.97061 1
v 0.4595492 19.97061 0
v 0.4524472 19.98455 1
v 0.4524472 19.98455 0
v 0.45 20 1
v 0.45 20 0
v 0.4524472 20.01545 1
v 0.4524472 20.01545 0
v 0.4595492 20.02939 1
v 0.4595492 20.02939 0
v 0.4706107 20.04045 1
v 0.4706107 20.04045 0
v 0.4845492 20.04755 1
v 0.4845492 20.04755 0
v -0.5 19.7 0.65
v -0.5 19.7 1.25
v -0.5 20.3 1.25
v -0.5 20.3 0.65
v 0.5 20.3 1.25
v 0.5 20.3 0.65
v 0.5 19.7 1.25
v 0.5 19.7 0.65
v -0.5 19.7 -0.25
v -0.5 19.7 0.35
v -0.5 20.3 0.35
v -0.5 20.3 -0.25
v 0.5 20.3 0.35
v 0.5 20.3 -0.25
v 0.5 19.7 0.35
v 0.5 19.7 -0.25
v -0.5 19.925 0.06
v -0.5 19.925 0.94
v -0.5 20.075 0.94
v -0.5 20.075 0.06
v 0.5 20.075 0.94
v 0.5 20.075 0.06
v 0.5 19.925 0.94
v 0.5 19.925 0.06
v 6 -19.95 0
v 6 -19.95 1
v 6.015451 -19.95245 1
v 6.015451 -19.95245 0
v 6.029389 -19.95955 1
v 6.029389 -19.95955 0
v 6.040451 -19.97061 1
v 6.040451 -19.97061 0
v 6.047553 -19.98455 1
v 6.047553 -19.98455 0
v 6.05 -20 1
v 6.05 -20 0
v 6.047553 -20.01545 1
v 6.047553 -20.01545 0
v 6.040451 -20.02939 1
v 6.040451 -20.02939 0
v 6.029389 -20.04045 1
v 6.029389 -20.04045 0
v 6.015451 -20.04755 1
v 6.015451 -20.04755 0
v 6 -20.05 1
v 6 -20.05 0
v 5.984549 -20.04755 1
v 5.984549 -20.04755 0
v 5.970611 -20.04045 1
v 5.970611 -20.04045 0
v 5.959549 -20.02939 1
v 5.959549 -20.02939 0
v 5.952447 -20.01545 1
v 5.952447 -20.01545 0
v 5.95 -20 1
v 5.95 -20 0
v 5.952447 -19.98455 1
v 5.952447 -19.98455 0
v 5.959549 -19.97061 1
v 5.959549 -19.97061 0
v 5.970611 -19.95955 1
v 5.970611 -19.95955 0
v 5.984549 -19.95245 1
v 5.984549 -19.95245 0
v 7 -19.95 0
v 7 -19.95 1
v 7.015451 -19.95245 1
v 7.015451 -19.95245 0
v 7.029389 -19.95955 1
v 7.029389 -19.95955 0
v 7.040451 -19.97061 1
v 7.040451 -19.97061 0
v 7.047553 -19.98455 1
v 7.047553 -19.98455 0
v 7.05 -20 1
v 7.05 -20 0
v 7.047553 -20.01545 1
v 7.047553 -20.01545 0
v 7.040451 -20.02939 1
v 7.040451 -20.02939 0
v 7.029389 -20.04045 1
v 7.029389 -20.04045 0
v 7.015451 -20.04755 1
v 7.015451 -20.04755 0
v 7 -20.05 1
v 7 -20.05 0
v 6.984549 -20.04755 1
v 6.984549 -20.04755 0
v 6.970611 -20.04045 1
v 6.970611 -20.04045 0
v 6.959549 -20.02939 1
v 6.959549 -20.02939 0
v 6.952447 -20.01545 1
v 6.952447 -20.01545 0
v 6.95 -20 1
v 6.95 -20 0
v 6.952447 -19.98455 1
v 6.952447 -19.98455 0
v 6.959549 -19.97061 1
v 6.959549 -19.97061 0
v 6.970611 -19.95955 1
v 6.970611 -19.95955 0
v 6.984549 -19.95245 1
v 6.984549 -19.95245 0
v 6 -20.3 0.65
v 6 -20.3 1.25
v 6 -19.7 1.25
v 6 -19.7 0.65
v 7 -19.7 1.25
v 7 -19.7 0.65
v 7 -20.3 1.25
v 7 -20.3 0.65
v 6 -20.3 -0.25
v 6 -20.3 0.35
v 6 -19.7 0.35
v 6 -19.7 -0.25
v 7 -19.7 0.35
v 7 -19.7 -0.25
v 7 -20.3 0.35
v 7 -20.3 -0.25
v 6 -20.075 0.06
v 6 -20.075 0.94
v 6 -19.925 0.94
v 6 -19.925 0.06
v 7 -19.925 0.94
v 7 -19.925 0.06
v 7 -20.075 0.94
v 7 -20.075 0.06
v -16 -19.95 0
v -16 -19.95 1
v -15.98455 -19.95245 1
v -15.98455 -19.95245 0
v -15.97061 -19.95955 1
v -15.97061 -19.95955 0
v -15.95955 -19.97061 1
v -15.95955 -19.97061 0
v -15.95245 -19.98455 1
v -15.95245 -19.98455 0
v -15.95 -20 1
v -15.95 -20 0
v -15.95245 -20.01545 1
v -15.95245 -20.01545 0
v -15.95955 -20.02939 1
v -15.95955 -20.02939 0
v -15.97061 -20.04045 1
v -15.97061 -20.04045 0
v -15.98455 -20.04755 1
v -15.98455 -20.04755 0
v -16 -20.05 1
v -16 -20.05 0
v -16.01545 -20.04755 1
v -16.01545 -20.04755 0
v -16.02939 -20.04045 1
v -16.02939 -20.04045 0
v -16.04045 -20.02939 1
v -16.04045 -20.02939 0
v -16.04755 -20.01545 1
v -16.04755 -20.01545 0
v -16.05 -20 1
v -16.05 -20 0
v -16.04755 -19.98455 1
v -16.04755 -19.98455 0
v -16.04045 -19.97061 1
v -16.04045 -19.97061 0
v -16.02939 -19.95955 1
v -16.02939 -19.95955 0
v -16.01545 -19.95245 1
v -16.01545 -19.95245 0
v -15 -19.95 0
v -15 -19.95 1
v -14.98455 -19.95245 1
v -14.98455 -19.95245 0
v -14.97061 -19.95955 1
v -14.97061 -19.95955 0
v -14.95955 -19.97061 1
v -14.95955 -19.97061 0
v -14.95245 -19.98455 1
v -14.95245 -19.98455 0
v -14.95 -20 1
v -14.95 -20 0
v -14.95245 -20.01545 1
v -14.95245 -20.01545 0
v -14.95955 -20.02939 1
v -14.95955 -20.02939 0
v -14.97061 -20.04045 1
v -14.97061 -20.04045 0
v -14.98455 -20.04755 1
v -14.98455 -20.04755 0
v -15 -20.05 1
v -15 -20.05 0
v -15.01545 -20.04755 1
v -15.01545 -20.04755 0
v -15.02939 -20.04045 1
v -15.02939 -20.04045 0
v -15.04045 -20.02939 1
v -15.04045 -20.02939 0
v -15.04755 -20.01545 1
v -15.04755 -20.01545 0
v -15.05 -20 1
v -15.05 -20 0
v -15.04755 -19.98455 1
v -15.04755 -19.98455 0
v -15.04045 -19.97061 1
v -15.04045 -19.97061 0
v -15.02939 -19.95955 1
v -15.02939 -19.95955 0
v -15.01545 -19.95245 1
v -15.01545 -19.95245 0
v -16 -20.3 0.65
v -16 -20.3 1.25
v -16 -19.7 1.25
v -16 -19.7 0.65
v -15 -19.7 1.25
v -15 -19.7 0.65
v -15 -20.3 1.25
v -15 -20.3 0.65
v -16 -20.3 -0.25
v -16 -20.3 0.35
v -16 -19.7 0.35
v -16 -19.7 -0.25
v -15 -19.7 0.35
v -15 -19.7 -0.25
v -15 -20.3 0.35
v -15 -20.3 -0.25
v -16 -20.075 0.06
v -16 -20.075 0.94
v -16 -19.925 0.94
v -16 -19.925 0.06
v -15 -19.925 0.94
v -15 -19.925 0.06
v -15 -20.075 0.94
v -15 -20.075 0.06
v -20.05 -0.5 0
v -20.05 -0.5 1
v -20.04755 -0.4845491 1
v -20.04755 -0.4845491 0
v -20.04045 -0.4706107 1
v -20.04045 -0.4706107 0
v -20.02939 -0.4595492 1
v -20.02939 -0.4595492 0
v -20.01545 -0.4524472 1
v -20.01545 -0.4524472 0
v -20 -0.45 1
v -20 -0.45 0
v -19.98455 -0.4524472 1
v -19.98455 -0.4524472 0
v -19.97061 -0.4595492 1
v -19.97061 -0.4595492 0
v -19.95955 -0.4706107 1
v -19.95955 -0.4706107 0
v -19.95245 -0.4845492 1
v -19.95245 -0.4845492 0
v -19.95 -0.5 1
v -19.95 -0.5 0
v -19.95245 -0.5154508 1
v -19.95245 -0.5154508 0
v -19.95955 -0.5293893 1
v -19.95955 -0.5293893 0
v -19.97061 -0.5404509 1
v -19.97061 -0.5404509 0
v -19.98455 -0.5475528 1
v -19.98455 -0.5475528 0
v -20 -0.55 1
v -20 -0.55 0
v -20.01545 -0.5475528 1
v -20.01545 -0.5475528 0
v -20.02939 -0.5404509 1
v -20.02939 -0.5404509 0
v -20.04045 -0.5293893 1
v -20.04045 -0.5293893 0
v -20.04755 -0.5154508 1
v -20.04755 -0.5154508 0
v -20.05 0.5 0
v -20.05 0.5 1
v -20.04755 0.5154508 1
v -20.04755 0.5154508 0
v -20.04045 0.5293893 1
v -20.04045 0.5293893 0
v -20.02939 0.5404509 1
v -20.02939 0.5404509 0
v -20.01545 0.5475528 1
v -20.01545 0.5475528 0
v -20 0.55 1
v -20 0.55 0
v -19.98455 0.5475528 1
v -19.98455 0.5475528 0
v -19.97061 0.5404509 1
v -19.97061 0.5404509 0
v -19.95955 0.5293893 1
v -19.95955 0.5293893 0
v -19.95245 0.5154508 1
v -19.95245 0.5154508 0
v -19.95 0.5 1
v -19.95 0.5 0
v -19.95245 0.4845491 1
v -19.95245 0.4845491 0
v -19.95955 0.4706107 1
v -19.95955 0.4706107 0
v -19.97061 0.4595492 1
v -19.97061 0.4595492 0
v -19.98455 0.4524472 1
v -19.98455 0.4524472 0
v -20 0.45 1
v -20 0.45 0
v -20.01545 0.4524472 1
v -20.01545 0.4524472 0
v -20.02939 0.4595492 1
v -20.02939 0.4595492 0
v -20.04045 0.4706107 1
v -20.04045 0.4706107 0
v -20.04755 0.4845492 1
v -20.04755 0.4845492 0
v -19.7 -0.5 0.65
v -19.7 -0.5 1.25
v -20.3 -0.5 1.25
v -20.3 -0.5 0.65
v -20.3 0.5 1.25
v -20.3 0.5 0.65
v -19.7 0.5 1.25
v -19.7 0.5 0.65
v -19.7 -0.5 -0.25
v -19.7 -0.5 0.35
v -20.3 -0.5 0.35
v -20.3 -0.5 -0.25
v -20.3 0.5 0.35
v -20.3 0.5 -0.25
v -19.7 0.5 0.35
v -19.7 0.5 -0.25
v -19.925 -0.5 0.06
v -19.925 -0.5 0.94
v -20.075 -0.5 0.94
v -20.075 -0.5 0.06
v -20.075 0.5 0.94
v -20.075 0.5 0.06
v -19.925 0.5 0.94
v -19.925 0.5 0.06
v 13.48232 15.515 -0.01767764
v 13.51768 15.515 0.0176777
v 13.51768 15.485 0.0176777
v 13.48232 15.485 -0.01767764
v 12.51768 15.485 1.017678
v 12.48232 15.485 0.9823223
v 12.51768 15.515 1.017678
v 12.48232 15.515 0.9823223
v 13.51768 15.515 0.9823223
v 13.48232 15.515 1.017678
v 13.48232 15.485 1.017678
v 13.51768 15.485 0.9823223
v 12.48232 15.485 0.0176777
v 12.51768 15.485 -0.01767764
v 12.48232 15.515 0.0176777
v 12.51768 15.515 -0.01767764
v 13.45 15.36 0.21
v 13.45 15.36 0.35
v 13.45 14.64 0.35
v 13.45 14.64 0.21
v 13.05 14.64 0.35
v 13.05 14.64 0.21
v 13.05 15.36 0.35
v 13.05 15.36 0.21
v 12.95 15.36 0.21
v 12.95 15.36 0.35
v 12.95 14.64 0.35
v 12.95 14.64 0.21
v 12.55 14.64 0.35
v 12.55 14.64 0.21
v 12.55 15.36 0.35
v 12.55 15.36 0.21
v 13.45 15.36 0.51
v 13.45 15.36 0.65
v 13.45 14.64 0.65
v 13.45 14.64 0.51
v 13.05 14.64 0.65
v 13.05 14.64 0.51
v 13.05 15.36 0.65
v 13.05 15.36 0.51
v 12.95 15.36 0.51
v 12.95 15.36 0.65
v 12.95 14.64 0.65
v 12.95 14.64 0.51
v 12.55 14.64 0.65
v 12.55 14.64 0.51
v 12.55 15.36 0.65
v 12.55 15.36 0.51
v 13.45 15.36 0.81
v 13.45 15.36 0.95
v 13.45 14.64 0.95
v 13.45 14.64 0.81
v 13.05 14.64 0.95
v 13.05 14.64 0.81
v 13.05 15.36 0.95
v 13.05 15.36 0.81
v 12.95 15.36 0.81
v 12.95 15.36 0.95
v 12.95 14.64 0.95
v 12.95 14.64 0.81
v 12.55 14.64 0.95
v 12.55 14.64 0.81
v 12.55 15.36 0.95
v 12.55 15.36 0.81
v 10.48232 15.515 -0.01767764
v 10.51768 15.515 0.0176777
v 10.51768 15.485 0.0176777
v 10.48232 15.485 -0.01767764
v 9.517677 15.485 1.017678
v 9.482323 15.485 0.9823223
v 9.517677 15.515 1.017678
v 9.482323 15.515 0.9823223
v 10.51768 15.515 0.9823223
v 10.48232 15.515 1.017678
v 10.48232 15.485 1.017678
v 10.51768 15.485 0.9823223
v 9.482323 15.485 0.0176777
v 9.517677 15.485 -0.01767764
v 9.482323 15.515 0.0176777
v 9.517677 15.515 -0.01767764
v 10.45 15.36 0.21
v 10.45 15.36 0.35
v 10.45 14.64 0.35
v 10.45 14.64 0.21
v 10.05 14.64 0.35
v 10.05 14.64 0.21
v 10.05 15.36 0.35
v 10.05 15.36 0.21
v 9.95 15.36 0.21
v 9.95 15.36 0.35
v 9.95 14.64 0.35
v 9.95 14.64 0.21
v 9.55 14.64 0.35
v 9.55 14.64 0.21
v 9.55 15.36 0.35
v 9.55 15.36 0.21
v 10.45 15.36 0.51
v 10.45 15.36 0.65
v 10.45 14.64 0.65
v 10.45 14.64 0.51
v 10.05 14.64 0.65
v 10.05 14.64 0.51
v 10.05 15.36 0.65
v 10.05 15.36 0.51
v 9.95 15.36 0.51
v 9.95 15.36 0.65
v 9.95 14.64 0.65
v 9.95 14.64 0.51
v 9.55 14.64 0.65
v 9.55 14.64 0.51
v 9.55 15.36 0.65
v 9.55 15.36 0.51
v 10.45 15.36 0.81
v 10.45 15.36 0.95
v 10.45 14.64 0.95
v 10.45 14.64 0.81
v 10.05 14.64 0.95
v 10.05 14.64 0.81
v 10.05 15.36 0.95
v 10.05 15.36 0.81
v 9.95 15.36 0.81
v 9.95 15.36 0.95
v 9.95 14.64 0.95
v 9.95 14.64 0.81
v 9.55 14.64 0.95
v 9.55 14.64 0.81
v 9.55 15.36 0.95
v 9.55 15.36 0.81
v 7.482322 15.515 -0.01767764
v 7.517678 15.515 0.0176777
v 7.517678 15.485 0.0176777
v 7.482322 15.485 -0.01767764
v 6.517678 15.485 1.017678
v 6.482322 15.485 0.9823223
v 6.517678 15.515 1.017678
v 6.482322 15.515 0.9823223
v 7.517678 15.515 0.9823223
v 7.482322 15.515 1.017678
v 7.482322 15.485 1.017678
v 7.517678 15.485 0.9823223
v 6.482322 15.485 0.0176777
v 6.517678 15.485 -0.01767764
v 6.482322 15.515 0.0176777
v 6.517678 15.515 -0.01767764
v 7.45 15.36 0.21
v 7.45 15.36 0.35
v 7.45 14.64 0.35
v 7.45 14.64 0.21
v 7.05 14.64 0.35
v 7.05 14.64 0.21
v 7.05 15.36 0.35
v 7.05 15.36 0.21
v 6.95 15.36 0.21
v 6.95 15.36 0.35
v 6.95 14.64 0.35
v 6.95 14.64 0.21
v 6.55 14.64 0.35
v 6.55 14.64 0.21
v 6.55 15.36 0.35
v 6.55 15.36 0.21
v 7.45 15.36 0.51
v 7.45 15.36 0.65
v 7.45 14.64 0.65
v 7.45 14.64 0.51
v 7.05 14.64 0.65
v 7.05 14.64 0.51
v 7.05 15.36 0.65
v 7.05 15.36 0.51
v 6.95 15.36 0.51
v 6.95 15.36 0.65
v 6.95 14.64 0.65
v 6.95 14.64 0.51
v 6.55 14.64 0.65
v 6.55 14.64 0.51
v 6.55 15.36 0.65
v 6.55 15.36 0.51
v 7.45 15.36 0.81
v 7.45 15.36 0.95
v 7.45 14.64 0.95
v 7.45 14.64 0.81
v 7.05 14.64 0.95
v 7.05 14.64 0.81
v 7.05 15.36 0.95
v 7.05 15.36 0.81
v 6.95 15.36 0.81
v 6.95 15.36 0.95
v 6.95 14.64 0.95
v 6.95 14.64 0.81
v 6.55 14.64 0.95
v 6.55 14.64 0.81
v 6.55 15.36 0.95
v 6.55 15.36 0.81
v -13.48232 14.485 -0.01767764
v -13.51768 14.485 0.0176777
v -13.51768 14.515 0.0176777
v -13.48232 14.515 -0.01767764
v -12.51768 14.515 1.017678
v -12.48232 14.515 0.9823223
v -12.51768 14.485 1.017678
v -12.48232 14.485 0.9823223
v -13.51768 14.485 0.9823223
v -13.48232 14.485 1.017678
v -13.48232 14.515 1.017678
v -13.51768 14.515 0.9823223
v -12.48232 14.515 0.0176777
v -12.51768 14.515 -0.01767764
v -12.48232 14.485 0.0176777
v -12.51768 14.485 -0.01767764
v -13.45 14.64 0.21
v -13.45 14.64 0.35
v -13.45 15.36 0.35
v -13.45 15.36 0.21
v -13.05 15.36 0.35
v -13.05 15.36 0.21
v -13.05 14.64 0.35
v -13.05 14.64 0.21
v -12.95 14.64 0.21
v -12.95 14.64 0.35
v -12.95 15.36 0.35
v -12.95 15.36 0.21
v -12.55 15.36 0.35
v -12.55 15.36 0.21
v -12.55 14.64 0.35
v -12.55 14.64 0.21
v -13.45 14.64 0.51
v -13.45 14.64 0.65
v -13.45 15.36 0.65
v -13.45 15.36 0.51
v -13.05 15.36 0.65
v -13.05 15.36 0.51
v -13.05 14.64 0.65
v -13.05 14.64 0.51
v -12.95 14.64 0.51
v -12.95 14.64 0.65
v -12.95 15.36 0.65
v -12.95 15.36 0.51
v -12.55 15.36 0.65
v -12.55 15.36 0.51
v -12.55 14.64 0.65
v -12.55 14.64 0.51
v -13.45 14.64 0.81
v -13.45 14.64 0.95
v -13.45 15.36 0.95
v -13.45 15.36 0.81
v -13.05 15.36 0.95
v -13.05 15.36 0.81
v -13.05 14.64 0.95
v -13.05 14.64 0.81
v -12.95 14.64 0.81
v -12.95 14.64 0.95
v -12.95 15.36 0.95
v -12.95 15.36 0.81
v -12.55 15.36 0.95
v -12.55 15.36 0.81
v -12.55 14.64 0.95
v -12.55 14.64 0.81
v -10.48232 14.485 -0.01767764
v -10.51768 14.485 0.0176777
v -10.51768 14.515 0.0176777
v -10.48232 14.515 -0.01767764
v -9.517677 14.515 1.017678
v -9.482323 14.515 0.9823223
v -9.517677 14.485 1.017678
v -9.482323 14.485 0.9823223
v -10.51768 14.485 0.9823223
v -10.48232 14.485 1.017678
v -10.48232 14.515 1.017678
v -10.51768 14.515 0.9823223
v -9.482323 14.515 0.0176777
v -9.517677 14.515 -0.01767764
v -9.482323 14.485 0.0176777
v -9.517677 14.485 -0.01767764
v -10.45 14.64 0.21
v -10.45 14.64 0.35
v -10.45 15.36 0.35
v -10.45 15.36 0.21
v -10.05 15.36 0.35
v -10.05 15.36 0.21
v -10.05 14.64 0.35
v -10.05 14.64 0.21
v -9.95 14.64 0.21
v -9.95 14.64 0.35
v -9.95 15.36 0.35
v -9.95 15.36 0.21
v -9.55 15.36 0.35
v -9.55 15.36 0.21
v -9.55 14.64 0.35
v -9.55 14.64 0.21
v -10.45 14.64 0.51
v -10.45 14.64 0.65
v -10.45 15.36 0.65
v -10.45 15.36 0.51
v -10.05 15.36 0.65
v -10.05 15.36 0.51
v -10.05 14.64 0.65
v -10.05 14.64 0.51
v -9.95 14.64 0.51
v -9.95 14.64 0.65
v -9.95 15.36 0.65
v -9.95 15.36 0.51
v -9.55 15.36 0.65
v -9.55 15.36 0.51
v -9.55 14.64 0.65
v -9.55 14.64 0.51
v -10.45 14.64 0.81
v -10.45 14.64 0.95
v -10.45 15.36 0.95
v -10.45 15.36 0.81
v -10.05 15.36 0.95
v -10.05 15.36 0.81
v -10.05 14.64 0.95
v -10.05 14.64 0.81
v -9.95 14.64 0.81
v -9.95 14.64 0.95
v -9.95 15.36 0.95
v -9.95 15.36 0.81
v -9.55 15.36 0.95
v -9.55 15.36 0.81
v -9.55 14.64 0.95
v -9.55 14.64 0.81
v -7.482322 14.485 -0.01767764
v -7.517678 14.485 0.0176777
v -7.517678 14.515 0.0176777
v -7.482322 14.515 -0.01767764
v -6.517678 14.515 1.017678
v -6.482322 14.515 0.9823223
v -6.517678 14.485 1.017678
v -6.482322 14.485 0.9823223
v -7.517678 14.485 0.9823223
v -7.482322 14.485 1.017678
v -7.482322 14.515 1.017678
v -7.517678 14.515 0.9823223
v -6.482322 14.515 0.0176777
v -6.517678 14.515 -0.01767764
v -6.482322 14.485 0.0176777
v -6.517678 14.485 -0.01767764
v -7.45 14.64 0.21
v -7.45 14.64 0.35
v -7.45 15.36 0.35
v -7.45 15.36 0.21
v -7.05 15.36 0.35
v -7.05 15.36 0.21
v -7.05 14.64 0.35
v -7.05 14.64 0.21
v -6.95 14.64 0.21
v -6.95 14.64 0.35
v -6.95 15.36 0.35
v -6.95 15.36 0.21
v -6.55 15.36 0.35
v -6.55 15.36 0.21
v -6.55 14.64 0.35
v -6.55 14.64 0.21
v -7.45 14.64 0.51
v -7.45 14.64 0.65
v -7.45 15.36 0.65
v -7.45 15.36 0.51
v -7.05 15.36 0.65
v -7.05 15.36 0.51
v -7.05 14.64 0.65
v -7.05 14.64 0.51
v -6.95 14.64 0.51
v -6.95 14.64 0.65
v -6.95 15.36 0.65
v -6.95 15.36 0.51
v -6.55 15.36 0.65
v -6.55 15.36 0.51
v -6.55 14.64 0.65
v -6.55 14.64 0.51
v -7.45 14.64 0.81
v -7.45 14.64 0.95
v -7.45 15.36 0.95
v -7.45 15.36 0.81
v -7.05 15.36 0.95
v -7.05 15.36 0.81
v -7.05 14.64 0.95
v -7.05 14.64 0.81
v -6.95 14.64 0.81
v -6.95 14.64 0.95
v -6.95 15.36 0.95
v -6.95 15.36 0.81
v -6.55 15.36 0.95
v -6.55 15.36 0.81
v -6.55 14.64 0.95
v -6.55 14.64 0.81
vt 0.375 0
vt 0.625 0
vt 0.625 0.25
vt 0.375 0.25
vt 0.625 0.5
vt 0.375 0.5
vt 0.625 0.75
vt 0.375 0.75
vt 0.625 1
vt 0.375 1
vt 0.125 0.5
vt 0.125 0.75
vt 0.875 0.5
vt 0.875 0.75
vt 1 0.5
vt 1 1
vt 0.95 1
vt 0.95 0.5
vt 0.9 1
vt 0.9 0.5
vt 0.85 1
vt 0.85 0.5
vt 0.8 1
vt 0.8 0.5
vt 0.7499999 1
vt 0.7499999 0.5
vt 0.6999999 1
vt 0.6999999 0.5
vt 0.6499999 1
vt 0.6499999 0.5
vt 0.5999999 1
vt 0.5999999 0.5
vt 0.5499999 1
vt 0.5499999 0.5
vt 0.4999999 1
vt 0.4999999 0.5
vt 0.4499999 1
vt 0.4499999 0.5
vt 0.3999999 1
vt 0.3999999 0.5
vt 0.3499998 1
vt 0.3499998 0.5
vt 0.2999998 1
vt 0.2999998 0.5
vt 0.2499998 1
vt 0.2499998 0.5
vt 0.1999998 1
vt 0.1999998 0.5
vt 0.1499998 1
vt 0.1499998 0.5
vt 0.09999985 1
vt 0.09999985 0.5
vt 0.3910685 0.4441641
vt 0.3241641 0.4782535
vt 0.25 0.49
vt 0.1758359 0.4782535
vt 0.1089316 0.4441641
vt 0.05583592 0.3910685
vt 0.02174644 0.3241641
vt 0.01000001 0.25
vt 0.02174644 0.1758359
vt 0.05583592 0.1089316
vt 0.1089316 0.05583592
vt 0.1758359 0.02174644
vt 0.25 0.01000001
vt 0.3241641 0.02174644
vt 0.3910685 0.05583592
vt 0.4441641 0.1089316
vt 0.4782535 0.1758359
vt 0.49 0.25
vt 0.4782535 0.3241641
vt 0.4441641 0.3910685
vt 0.04999984 1
vt 0.04999984 0.5
vt -1.564622e-07 1
vt -1.564622e-07 0.5
vt 0.6758359 0.4782535
vt 0.75 0.49
vt 0.8241641 0.4782535
vt 0.8910685 0.4441641
vt 0.9441641 0.3910685
vt 0.9782535 0.3241641
vt 0.99 0.25
vt 0.9782535 0.1758359
vt 0.9441641 0.1089316
vt 0.8910685 0.05583592
vt 0.8241641 0.02174644
vt 0.75 0.01000001
vt 0.6758359 0.02174644
vt 0.6089315 0.05583592
vt 0.5558359 0.1089316
vt 0.5217465 0.1758359
vt 0.51 0.25
vt 0.5217465 0.3241641
vt 0.5558359 0.3910685
vt 0.6089315 0.4441641
vn -7.54979e-08 -1 0
vn -1 7.54979e-08 0
vn 7.54979e-08 1 0
vn 1 -7.54979e-08 0
vn 0 0 -1
vn 0 0 1
vn -1 0 0
vn 0 1 0
vn 1 0 0
vn 0 -1 0
vn 1 1.509958e-07 0
vn 1.509958e-07 -1 0
vn -1 -1.509958e-07 0
vn -1.509958e-07 1 0
vn -0.9876884 0.1564345 0
vn -0.8910065 0.4539906 0
vn -0.7071067 0.7071068 0
vn -0.4539905 0.8910066 0
vn -0.1564343 0.9876884 0
vn 0.1564345 0.9876884 0
vn 0.4539906 0.8910065 0
vn 0.7071068 0.7071067 0
vn 0.8910066 0.4539905 0
vn 0.9876884 0.1564343 0
vn 0.9876884 -0.1564345 0
vn 0.8910065 -0.4539906 0
vn 0.7071067 -0.7071068 0
vn 0.4539905 -0.8910066 0
vn 0.1564343 -0.9876884 0
vn -0.1564345 -0.9876884 0
vn -0.4539906 -0.8910065 0
vn -0.7071068 -0.7071067 0
vn 1.820299e-14 2.411059e-07 1
vn -0.8910066 -0.4539905 0
vn -0.9876884 -0.1564343 0
vn 1.820298e-14 2.411058e-07 -1
vn 0.1564344 0.9876884 0
vn 0.4539905 0.8910066 0
vn 0.7071068 0.7071068 0
vn 0.8910066 0.4539905 0
vn 0.9876884 0.1564344 0
vn 0.9876884 -0.1564344 0
vn 0.8910066 -0.4539905 0
vn 0.7071068 -0.7071068 0
vn 0.4539905 -0.8910066 0
vn 0.1564344 -0.9876884 0
vn -0.1564344 -0.9876884 0
vn -0.4539905 -0.8910066 0
vn -0.7071068 -0.7071068 0
vn -0.8910066 -0.4539905 0
vn -0.9876884 -0.1564344 0
vn -0.9876884 0.1564344 0
vn -0.8910066 0.4539905 0
vn -0.7071068 0.7071068 0
vn 2.411059e-07 0 1
vn -0.4539905 0.8910066 0
vn -0.1564344 0.9876884 0
vn 2.411058e-07 0 -1
vn 0.7071068 1.067701e-07 -0.7071068
vn -0.7071068 -1.067701e-07 0.7071068
vn -0.7071068 -1.067701e-07 -0.7071068
vn 0.7071068 1.067701e-07 0.7071068
vn -0.7071068 0 -0.7071068
vn 0.7071068 0 0.7071068
vn 0.7071068 0 -0.7071068
vn -0.7071068 0 0.7071068
f 1/1/1 2/2/1 3/3/1
f 1/1/1 3/3/1 4/4/1
f 4/4/2 3/3/2 5/5/2
f 4/4/2 5/5/2 6/6/2
f 6/6/3 5/5/3 7/7/3
f 6/6/3 7/7/3 8/8/3
f 8/8/4 7/7/4 2/9/4
f 8/8/4 2/9/4 1/10/4
f 4/11/5 6/6/5 8/8/5
f 4/11/5 8/8/5 1/12/5
f 5/5/6 3/13/6 2/14/6
f 5/5/6 2/14/6 7/7/6
f 9/1/1 10/2/1 11/3/1
f 9/1/1 11/3/1 12/4/1
f 12/4/2 11/3/2 13/5/2
f 12/4/2 13/5/2 14/6/2
f 14/6/3 13/5/3 15/7/3
f 14/6/3 15/7/3 16/8/3
f 16/8/4 15/7/4 10/9/4
f 16/8/4 10/9/4 9/10/4
f 12/11/5 14/6/5 16/8/5
f 12/11/5 16/8/5 9/12/5
f 13/5/6 11/13/6 10/14/6
f 13/5/6 10/14/6 15/7/6
f 17/1/1 18/2/1 19/3/1
f 17/1/1 19/3/1 20/4/1
f 20/4/2 19/3/2 21/5/2
f 20/4/2 21/5/2 22/6/2
f 22/6/3 21/5/3 23/7/3
f 22/6/3 23/7/3 24/8/3
f 24/8/4 23/7/4 18/9/4
f 24/8/4 18/9/4 17/10/4
f 20/11/5 22/6/5 24/8/5
f 20/11/5 24/8/5 17/12/5
f 21/5/6 19/13/6 18/14/6
f 21/5/6 18/14/6 23/7/6
f 25/1/1 26/2/1 27/3/1
f 25/1/1 27/3/1 28/4/1
f 28/4/2 27/3/2 29/5/2
f 28/4/2 29/5/2 30/6/2
f 30/6/3 29/5/3 31/7/3
f 30/6/3 31/7/3 32/8/3
f 32/8/4 31/7/4 26/9/4
f 32/8/4 26/9/4 25/10/4
f 28/11/5 30/6/5 32/8/5
f 28/11/5 32/8/5 25/12/5
f 29/5/6 27/13/6 26/14/6
f 29/5/6 26/14/6 31/7/6
f 33/1/1 34/2/1 35/3/1
f 33/1/1 35/3/1 36/4/1
f 36/4/2 35/3/2 37/5/2
f 36/4/2 37/5/2 38/6/2
f 38/6/3 37/5/3 39/7/3
f 38/6/3 39/7/3 40/8/3
f 40/8/4 39/7/4 34/9/4
f 40/8/4 34/9/4 33/10/4
f 36/11/5 38/6/5 40/8/5
f 36/11/5 40/8/5 33/12/5
f 37/5/6 35/13/6 34/14/6
f 37/5/6 34/14/6 39/7/6
f 41/1/1 42/2/1 43/3/1
f 41/1/1 43/3/1 44/4/1
f 44/4/2 43/3/2 45/5/2
f 44/4/2 45/5/2 46/6/2
f 46/6/3 45/5/3 47/7/3
f 46/6/3 47/7/3 48/8/3
f 48/8/4 47/7/4 42/9/4
f 48/8/4 42/9/4 41/10/4
f 44/11/5 46/6/5 48/8/5
f 44/11/5 48/8/5 41/12/5
f 45/5/6 43/13/6 42/14/6
f 45/5/6 42/14/6 47/7/6
f 49/1/1 50/2/1 51/3/1
f 49/1/1 51/3/1 52/4/1
f 52/4/2 51/3/2 53/5/2
f 52/4/2 53/5/2 54/6/2
f 54/6/3 53/5/3 55/7/3
f 54/6/3 55/7/3 56/8/3
f 56/8/4 55/7/4 50/9/4
f 56/8/4 50/9/4 49/10/4
f 52/11/5 54/6/5 56/8/5
f 52/11/5 56/8/5 49/12/5
f 53/5/6 51/13/6 50/14/6
f 53/5/6 50/14/6 55/7/6
f 57/1/1 58/2/1 59/3/1
f 57/1/1 59/3/1 60/4/1
f 60/4/2 59/3/2 61/5/2
f 60/4/2 61/5/2 62/6/2
f 62/6/3 61/5/3 63/7/3
f 62/6/3 63/7/3 64/8/3
f 64/8/4 63/7/4 58/9/4
f 64/8/4 58/9/4 57/10/4
f 60/11/5 62/6/5 64/8/5
f 60/11/5 64/8/5 57/12/5
f 61/5/6 59/13/6 58/14/6
f 61/5/6 58/14/6 63/7/6
f 65/1/1 66/2/1 67/3/1
f 65/1/1 67/3/1 68/4/1
f 68/4/2 67/3/2 69/5/2
f 68/4/2 69/5/2 70/6/2
f 70/6/3 69/5/3 71/7/3
f 70/6/3 71/7/3 72/8/3
f 72/8/4 71/7/4 66/9/4
f 72/8/4 66/9/4 65/10/4
f 68/11/5 70/6/5 72/8/5
f 68/11/5 72/8/5 65/12/5
f 69/5/6 67/13/6 66/14/6
f 69/5/6 66/14/6 71/7/6
f 73/1/1 74/2/1 75/3/1
f 73/1/1 75/3/1 76/4/1
f 76/4/2 75/3/2 77/5/2
f 76/4/2 77/5/2 78/6/2
f 78/6/3 77/5/3 79/7/3
f 78/6/3 79/7/3 80/8/3
f 80/8/4 79/7/4 74/9/4
f 80/8/4 74/9/4 73/10/4
f 76/11/5 78/6/5 80/8/5
f 76/11/5 80/8/5 73/12/5
f 77/5/6 75/13/6 74/14/6
f 77/5/6 74/14/6 79/7/6
f 81/1/1 82/2/1 83/3/1
f 81/1/1 83/3/1 84/4/1
f 84/4/2 83/3/2 85/5/2
f 84/4/2 85/5/2 86/6/2
f 86/6/3 85/5/3 87/7/3
f 86/6/3 87/7/3 88/8/3
f 88/8/4 87/7/4 82/9/4
f 88/8/4 82/9/4 81/10/4
f 84/11/5 86/6/5 88/8/5
f 84/11/5 88/8/5 81/12/5
f 85/5/6 83/13/6 82/14/6
f 85/5/6 82/14/6 87/7/6
f 89/1/1 90/2/1 91/3/1
f 89/1/1 91/3/1 92/4/1
f 92/4/2 91/3/2 93/5/2
f 92/4/2 93/5/2 94/6/2
f 94/6/3 93/5/3 95/7/3
f 94/6/3 95/7/3 96/8/3
f 96/8/4 95/7/4 90/9/4
f 96/8/4 90/9/4 89/10/4
f 92/11/5 94/6/5 96/8/5
f 92/11/5 96/8/5 89/12/5
f 93/5/6 91/13/6 90/14/6
f 93/5/6 90/14/6 95/7/6
f 97/1/7 98/2/7 99/3/7
f 97/1/7 99/3/7 100/4/7
f 100/4/8 99/3/8 101/5/8
f 100/4/8 101/5/8 102/6/8
f 102/6/9 101/5/9 103/7/9
f 102/6/9 103/7/9 104/8/9
f 104/8/10 103/7/10 98/9/10
f 104/8/10 98/9/10 97/10/10
f 100/11/5 102/6/5 104/8/5
f 100/11/5 104/8/5 97/12/5
f 101/5/6 99/13/6 98/14/6
f 101/5/6 98/14/6 103/7/6
f 105/1/7 106/2/7 107/3/7
f 105/1/7 107/3/7 108/4/7
f 108/4/8 107/3/8 109/5/8
f 108/4/8 109/5/8 110/6/8
f 110/6/9 109/5/9 111/7/9
f 110/6/9 111/7/9 112/8/9
f 112/8/10 111/7/10 106/9/10
f 112/8/10 106/9/10 105/10/10
f 108/11/5 110/6/5 112/8/5
f 108/11/5 112/8/5 105/12/5
f 109/5/6 107/13/6 106/14/6
f 109/5/6 106/14/6 111/7/6
f 113/1/7 114/2/7 115/3/7
f 113/1/7 115/3/7 116/4/7
f 116/4/8 115/3/8 117/5/8
f 116/4/8 117/5/8 118/6/8
f 118/6/9 117/5/9 119/7/9
f 118/6/9 119/7/9 120/8/9
f 120/8/10 119/7/10 114/9/10
f 120/8/10 114/9/10 113/10/10
f 116/11/5 118/6/5 120/8/5
f 116/11/5 120/8/5 113/12/5
f 117/5/6 115/13/6 114/14/6
f 117/5/6 114/14/6 119/7/6
f 121/1/7 122/2/7 123/3/7
f 121/1/7 123/3/7 124/4/7
f 124/4/8 123/3/8 125/5/8
f 124/4/8 125/5/8 126/6/8
f 126/6/9 125/5/9 127/7/9
f 126/6/9 127/7/9 128/8/9
f 128/8/10 127/7/10 122/9/10
f 128/8/10 122/9/10 121/10/10
f 124/11/5 126/6/5 128/8/5
f 124/11/5 128/8/5 121/12/5
f 125/5/6 123/13/6 122/14/6
f 125/5/6 122/14/6 127/7/6
f 129/1/7 130/2/7 131/3/7
f 129/1/7 131/3/7 132/4/7
f 132/4/8 131/3/8 133/5/8
f 132/4/8 133/5/8 134/6/8
f 134/6/9 133/5/9 135/7/9
f 134/6/9 135/7/9 136/8/9
f 136/8/10 135/7/10 130/9/10
f 136/8/10 130/9/10 129/10/10
f 132/11/5 134/6/5 136/8/5
f 132/11/5 136/8/5 129/12/5
f 133/5/6 131/13/6 130/14/6
f 133/5/6 130/14/6 135/7/6
f 137/1/7 138/2/7 139/3/7
f 137/1/7 139/3/7 140/4/7
f 140/4/8 139/3/8 141/5/8
f 140/4/8 141/5/8 142/6/8
f 142/6/9 141/5/9 143/7/9
f 142/6/9 143/7/9 144/8/9
f 144/8/10 143/7/10 138/9/10
f 144/8/10 138/9/10 137/10/10
f 140/11/5 142/6/5 144/8/5
f 140/11/5 144/8/5 137/12/5
f 141/5/6 139/13/6 138/14/6
f 141/5/6 138/14/6 143/7/6
f 145/1/7 146/2/7 147/3/7
f 145/1/7 147/3/7 148/4/7
f 148/4/8 147/3/8 149/5/8
f 148/4/8 149/5/8 150/6/8
f 150/6/9 149/5/9 151/7/9
f 150/6/9 151/7/9 152/8/9
f 152/8/10 151/7/10 146/9/10
f 152/8/10 146/9/10 145/10/10
f 148/11/5 150/6/5 152/8/5
f 148/11/5 152/8/5 145/12/5
f 149/5/6 147/13/6 146/14/6
f 149/5/6 146/14/6 151/7/6
f 153/1/7 154/2/7 155/3/7
f 153/1/7 155/3/7 156/4/7
f 156/4/8 155/3/8 157/5/8
f 156/4/8 157/5/8 158/6/8
f 158/6/9 157/5/9 159/7/9
f 158/6/9 159/7/9 160/8/9
f 160/8/10 159/7/10 154/9/10
f 160/8/10 154/9/10 153/10/10
f 156/11/5 158/6/5 160/8/5
f 156/11/5 160/8/5 153/12/5
f 157/5/6 155/13/6 154/14/6
f 157/5/6 154/14/6 159/7/6
f 161/1/7 162/2/7 163/3/7
f 161/1/7 163/3/7 164/4/7
f 164/4/8 163/3/8 165/5/8
f 164/4/8 165/5/8 166/6/8
f 166/6/9 165/5/9 167/7/9
f 166/6/9 167/7/9 168/8/9
f 168/8/10 167/7/10 162/9/10
f 168/8/10 162/9/10 161/10/10
f 164/11/5 166/6/5 168/8/5
f 164/11/5 168/8/5 161/12/5
f 165/5/6 163/13/6 162/14/6
f 165/5/6 162/14/6 167/7/6
f 169/1/7 170/2/7 171/3/7
f 169/1/7 171/3/7 172/4/7
f 172/4/8 171/3/8 173/5/8
f 172/4/8 173/5/8 174/6/8
f 174/6/9 173/5/9 175/7/9
f 174/6/9 175/7/9 176/8/9
f 176/8/10 175/7/10 170/9/10
f 176/8/10 170/9/10 169/10/10
f 172/11/5 174/6/5 176/8/5
f 172/11/5 176/8/5 169/12/5
f 173/5/6 171/13/6 170/14/6
f 173/5/6 170/14/6 175/7/6
f 177/1/7 178/2/7 179/3/7
f 177/1/7 179/3/7 180/4/7
f 180/4/8 179/3/8 181/5/8
f 180/4/8 181/5/8 182/6/8
f 182/6/9 181/5/9 183/7/9
f 182/6/9 183/7/9 184/8/9
f 184/8/10 183/7/10 178/9/10
f 184/8/10 178/9/10 177/10/10
f 180/11/5 182/6/5 184/8/5
f 180/11/5 184/8/5 177/12/5
f 181/5/6 179/13/6 178/14/6
f 181/5/6 178/14/6 183/7/6
f 185/1/7 186/2/7 187/3/7
f 185/1/7 187/3/7 188/4/7
f 188/4/8 187/3/8 189/5/8
f 188/4/8 189/5/8 190/6/8
f 190/6/9 189/5/9 191/7/9
f 190/6/9 191/7/9 192/8/9
f 192/8/10 191/7/10 186/9/10
f 192/8/10 186/9/10 185/10/10
f 188/11/5 190/6/5 192/8/5
f 188/11/5 192/8/5 185/12/5
f 189/5/6 187/13/6 186/14/6
f 189/5/6 186/14/6 191/7/6
f 193/1/7 194/2/7 195/3/7
f 193/1/7 195/3/7 196/4/7
f 196/4/8 195/3/8 197/5/8
f 196/4/8 197/5/8 198/6/8
f 198/6/9 197/5/9 199/7/9
f 198/6/9 199/7/9 200/8/9
f 200/8/10 199/7/10 194/9/10
f 200/8/10 194/9/10 193/10/10
f 196/11/5 198/6/5 200/8/5
f 196/11/5 200/8/5 193/12/5
f 197/5/6 195/13/6 194/14/6
f 197/5/6 194/14/6 199/7/6
f 201/1/7 202/2/7 203/3/7
f 201/1/7 203/3/7 204/4/7
f 204/4/8 203/3/8 205/5/8
f 204/4/8 205/5/8 206/6/8
f 206/6/9 205/5/9 207/7/9
f 206/6/9 207/7/9 208/8/9
f 208/8/10 207/7/10 202/9/10
f 208/8/10 202/9/10 201/10/10
f 204/11/5 206/6/5 208/8/5
f 204/11/5 208/8/5 201/12/5
f 205/5/6 203/13/6 202/14/6
f 205/5/6 202/14/6 207/7/6
f 209/1/7 210/2/7 211/3/7
f 209/1/7 211/3/7 212/4/7
f 212/4/8 211/3/8 213/5/8
f 212/4/8 213/5/8 214/6/8
f 214/6/9 213/5/9 215/7/9
f 214/6/9 215/7/9 216/8/9
f 216/8/10 215/7/10 210/9/10
f 216/8/10 210/9/10 209/10/10
f 212/11/5 214/6/5 216/8/5
f 212/11/5 216/8/5 209/12/5
f 213/5/6 211/13/6 210/14/6
f 213/5/6 210/14/6 215/7/6
f 217/1/7 218/2/7 219/3/7
f 217/1/7 219/3/7 220/4/7
f 220/4/8 219/3/8 221/5/8
f 220/4/8 221/5/8 222/6/8
f 222/6/9 221/5/9 223/7/9
f 222/6/9 223/7/9 224/8/9
f 224/8/10 223/7/10 218/9/10
f 224/8/10 218/9/10 217/10/10
f 220/11/5 222/6/5 224/8/5
f 220/11/5 224/8/5 217/12/5
f 221/5/6 219/13/6 218/14/6
f 221/5/6 218/14/6 223/7/6
f 225/1/7 226/2/7 227/3/7
f 225/1/7 227/3/7 228/4/7
f 228/4/8 227/3/8 229/5/8
f 228/4/8 229/5/8 230/6/8
f 230/6/9 229/5/9 231/7/9
f 230/6/9 231/7/9 232/8/9
f 232/8/10 231/7/10 226/9/10
f 232/8/10 226/9/10 225/10/10
f 228/11/5 230/6/5 232/8/5
f 228/11/5 232/8/5 225/12/5
f 229/5/6 227/13/6 226/14/6
f 229/5/6 226/14/6 231/7/6
f 233/1/7 234/2/7 235/3/7
f 233/1/7 235/3/7 236/4/7
f 236/4/8 235/3/8 237/5/8
f 236/4/8 237/5/8 238/6/8
f 238/6/9 237/5/9 239/7/9
f 238/6/9 239/7/9 240/8/9
f 240/8/10 239/7/10 234/9/10
f 240/8/10 234/9/10 233/10/10
f 236/11/5 238/6/5 240/8/5
f 236/11/5 240/8/5 233/12/5
f 237/5/6 235/13/6 234/14/6
f 237/5/6 234/14/6 239/7/6
f 241/1/7 242/2/7 243/3/7
f 241/1/7 243/3/7 244/4/7
f 244/4/8 243/3/8 245/5/8
f 244/4/8 245/5/8 246/6/8
f 246/6/9 245/5/9 247/7/9
f 246/6/9 247/7/9 248/8/9
f 248/8/10 247/7/10 242/9/10
f 248/8/10 242/9/10 241/10/10
f 244/11/5 246/6/5 248/8/5
f 244/11/5 248/8/5 241/12/5
f 245/5/6 243/13/6 242/14/6
f 245/5/6 242/14/6 247/7/6
f 249/1/7 250/2/7 251/3/7
f 249/1/7 251/3/7 252/4/7
f 252/4/8 251/3/8 253/5/8
f 252/4/8 253/5/8 254/6/8
f 254/6/9 253/5/9 255/7/9
f 254/6/9 255/7/9 256/8/9
f 256/8/10 255/7/10 250/9/10
f 256/8/10 250/9/10 249/10/10
f 252/11/5 254/6/5 256/8/5
f 252/11/5 256/8/5 249/12/5
f 253/5/6 251/13/6 250/14/6
f 253/5/6 250/14/6 255/7/6
f 257/1/7 258/2/7 259/3/7
f 257/1/7 259/3/7 260/4/7
f 260/4/8 259/3/8 261/5/8
f 260/4/8 261/5/8 262/6/8
f 262/6/9 261/5/9 263/7/9
f 262/6/9 263/7/9 264/8/9
f 264/8/10 263/7/10 258/9/10
f 264/8/10 258/9/10 257/10/10
f 260/11/5 262/6/5 264/8/5
f 260/11/5 264/8/5 257/12/5
f 261/5/6 259/13/6 258/14/6
f 261/5/6 258/14/6 263/7/6
f 265/1/7 266/2/7 267/3/7
f 265/1/7 267/3/7 268/4/7
f 268/4/8 267/3/8 269/5/8
f 268/4/8 269/5/8 270/6/8
f 270/6/9 269/5/9 271/7/9
f 270/6/9 271/7/9 272/8/9
f 272/8/10 271/7/10 266/9/10
f 272/8/10 266/9/10 265/10/10
f 268/11/5 270/6/5 272/8/5
f 268/11/5 272/8/5 265/12/5
f 269/5/6 267/13/6 266/14/6
f 269/5/6 266/14/6 271/7/6
f 273/1/7 274/2/7 275/3/7
f 273/1/7 275/3/7 276/4/7
f 276/4/8 275/3/8 277/5/8
f 276/4/8 277/5/8 278/6/8
f 278/6/9 277/5/9 279/7/9
f 278/6/9 279/7/9 280/8/9
f 280/8/10 279/7/10 274/9/10
f 280/8/10 274/9/10 273/10/10
f 276/11/5 278/6/5 280/8/5
f 276/11/5 280/8/5 273/12/5
f 277/5/6 275/13/6 274/14/6
f 277/5/6 274/14/6 279/7/6
f 281/1/7 282/2/7 283/3/7
f 281/1/7 283/3/7 284/4/7
f 284/4/8 283/3/8 285/5/8
f 284/4/8 285/5/8 286/6/8
f 286/6/9 285/5/9 287/7/9
f 286/6/9 287/7/9 288/8/9
f 288/8/10 287/7/10 282/9/10
f 288/8/10 282/9/10 281/10/10
f 284/11/5 286/6/5 288/8/5
f 284/11/5 288/8/5 281/12/5
f 285/5/6 283/13/6 282/14/6
f 285/5/6 282/14/6 287/7/6
f 289/1/7 290/2/7 291/3/7
f 289/1/7 291/3/7 292/4/7
f 292/4/8 291/3/8 293/5/8
f 292/4/8 293/5/8 294/6/8
f 294/6/9 293/5/9 295/7/9
f 294/6/9 295/7/9 296/8/9
f 296/8/10 295/7/10 290/9/10
f 296/8/10 290/9/10 289/10/10
f 292/11/5 294/6/5 296/8/5
f 292/11/5 296/8/5 289/12/5
f 293/5/6 291/13/6 290/14/6
f 293/5/6 290/14/6 295/7/6
f 297/1/7 298/2/7 299/3/7
f 297/1/7 299/3/7 300/4/7
f 300/4/8 299/3/8 301/5/8
f 300/4/8 301/5/8 302/6/8
f 302/6/9 301/5/9 303/7/9
f 302/6/9 303/7/9 304/8/9
f 304/8/10 303/7/10 298/9/10
f 304/8/10 298/9/10 297/10/10
f 300/11/5 302/6/5 304/8/5
f 300/11/5 304/8/5 297/12/5
f 301/5/6 299/13/6 298/14/6
f 301/5/6 298/14/6 303/7/6
f 305/1/1 306/2/1 307/3/1
f 305/1/1 307/3/1 308/4/1
f 308/4/2 307/3/2 309/5/2
f 308/4/2 309/5/2 310/6/2
f 310/6/3 309/5/3 311/7/3
f 310/6/3 311/7/3 312/8/3
f 312/8/4 311/7/4 306/9/4
f 312/8/4 306/9/4 305/10/4
f 308/11/5 310/6/5 312/8/5
f 308/11/5 312/8/5 305/12/5
f 309/5/6 307/13/6 306/14/6
f 309/5/6 306/14/6 311/7/6
f 313/1/1 314/2/1 315/3/1
f 313/1/1 315/3/1 316/4/1
f 316/4/2 315/3/2 317/5/2
f 316/4/2 317/5/2 318/6/2
f 318/6/3 317/5/3 319/7/3
f 318/6/3 319/7/3 320/8/3
f 320/8/4 319/7/4 314/9/4
f 320/8/4 314/9/4 313/10/4
f 316/11/5 318/6/5 320/8/5
f 316/11/5 320/8/5 313/12/5
f 317/5/6 315/13/6 314/14/6
f 317/5/6 314/14/6 319/7/6
f 321/1/1 322/2/1 323/3/1
f 321/1/1 323/3/1 324/4/1
f 324/4/2 323/3/2 325/5/2
f 324/4/2 325/5/2 326/6/2
f 326/6/3 325/5/3 327/7/3
f 326/6/3 327/7/3 328/8/3
f 328/8/4 327/7/4 322/9/4
f 328/8/4 322/9/4 321/10/4
f 324/11/5 326/6/5 328/8/5
f 324/11/5 328/8/5 321/12/5
f 325/5/6 323/13/6 322/14/6
f 325/5/6 322/14/6 327/7/6
f 329/1/1 330/2/1 331/3/1
f 329/1/1 331/3/1 332/4/1
f 332/4/2 331/3/2 333/5/2
f 332/4/2 333/5/2 334/6/2
f 334/6/3 333/5/3 335/7/3
f 334/6/3 335/7/3 336/8/3
f 336/8/4 335/7/4 330/9/4
f 336/8/4 330/9/4 329/10/4
f 332/11/5 334/6/5 336/8/5
f 332/11/5 336/8/5 329/12/5
f 333/5/6 331/13/6 330/14/6
f 333/5/6 330/14/6 335/7/6
f 337/1/1 338/2/1 339/3/1
f 337/1/1 339/3/1 340/4/1
f 340/4/2 339/3/2 341/5/2
f 340/4/2 341/5/2 342/6/2
f 342/6/3 341/5/3 343/7/3
f 342/6/3 343/7/3 344/8/3
f 344/8/4 343/7/4 338/9/4
f 344/8/4 338/9/4 337/10/4
f 340/11/5 342/6/5 344/8/5
f 340/11/5 344/8/5 337/12/5
f 341/5/6 339/13/6 338/14/6
f 341/5/6 338/14/6 343/7/6
f 345/1/1 346/2/1 347/3/1
f 345/1/1 347/3/1 348/4/1
f 348/4/2 347/3/2 349/5/2
f 348/4/2 349/5/2 350/6/2
f 350/6/3 349/5/3 351/7/3
f 350/6/3 351/7/3 352/8/3
f 352/8/4 351/7/4 346/9/4
f 352/8/4 346/9/4 345/10/4
f 348/11/5 350/6/5 352/8/5
f 348/11/5 352/8/5 345/12/5
f 349/5/6 347/13/6 346/14/6
f 349/5/6 346/14/6 351/7/6
f 353/1/1 354/2/1 355/3/1
f 353/1/1 355/3/1 356/4/1
f 356/4/2 355/3/2 357/5/2
f 356/4/2 357/5/2 358/6/2
f 358/6/3 357/5/3 359/7/3
f 358/6/3 359/7/3 360/8/3
f 360/8/4 359/7/4 354/9/4
f 360/8/4 354/9/4 353/10/4
f 356/11/5 358/6/5 360/8/5
f 356/11/5 360/8/5 353/12/5
f 357/5/6 355/13/6 354/14/6
f 357/5/6 354/14/6 359/7/6
f 361/1/1 362/2/1 363/3/1
f 361/1/1 363/3/1 364/4/1
f 364/4/2 363/3/2 365/5/2
f 364/4/2 365/5/2 366/6/2
f 366/6/3 365/5/3 367/7/3
f 366/6/3 367/7/3 368/8/3
f 368/8/4 367/7/4 362/9/4
f 368/8/4 362/9/4 361/10/4
f 364/11/5 366/6/5 368/8/5
f 364/11/5 368/8/5 361/12/5
f 365/5/6 363/13/6 362/14/6
f 365/5/6 362/14/6 367/7/6
f 369/1/1 370/2/1 371/3/1
f 369/1/1 371/3/1 372/4/1
f 372/4/2 371/3/2 373/5/2
f 372/4/2 373/5/2 374/6/2
f 374/6/3 373/5/3 375/7/3
f 374/6/3 375/7/3 376/8/3
f 376/8/4 375/7/4 370/9/4
f 376/8/4 370/9/4 369/10/4
f 372/11/5 374/6/5 376/8/5
f 372/11/5 376/8/5 369/12/5
f 373/5/6 371/13/6 370/14/6
f 373/5/6 370/14/6 375/7/6
f 377/1/1 378/2/1 379/3/1
f 377/1/1 379/3/1 380/4/1
f 380/4/2 379/3/2 381/5/2
f 380/4/2 381/5/2 382/6/2
f 382/6/3 381/5/3 383/7/3
f 382/6/3 383/7/3 384/8/3
f 384/8/4 383/7/4 378/9/4
f 384/8/4 378/9/4 377/10/4
f 380/11/5 382/6/5 384/8/5
f 380/11/5 384/8/5 377/12/5
f 381/5/6 379/13/6 378/14/6
f 381/5/6 378/14/6 383/7/6
f 385/1/1 386/2/1 387/3/1
f 385/1/1 387/3/1 388/4/1
f 388/4/2 387/3/2 389/5/2
f 388/4/2 389/5/2 390/6/2
f 390/6/3 389/5/3 391/7/3
f 390/6/3 391/7/3 392/8/3
f 392/8/4 391/7/4 386/9/4
f 392/8/4 386/9/4 385/10/4
f 388/11/5 390/6/5 392/8/5
f 388/11/5 392/8/5 385/12/5
f 389/5/6 387/13/6 386/14/6
f 389/5/6 386/14/6 391/7/6
f 393/1/1 394/2/1 395/3/1
f 393/1/1 395/3/1 396/4/1
f 396/4/2 395/3/2 397/5/2
f 396/4/2 397/5/2 398/6/2
f 398/6/3 397/5/3 399/7/3
f 398/6/3 399/7/3 400/8/3
f 400/8/4 399/7/4 394/9/4
f 400/8/4 394/9/4 393/10/4
f 396/11/5 398/6/5 400/8/5
f 396/11/5 400/8/5 393/12/5
f 397/5/6 395/13/6 394/14/6
f 397/5/6 394/14/6 399/7/6
f 401/1/11 402/2/11 403/3/11
f 401/1/11 403/3/11 404/4/11
f 404/4/12 403/3/12 405/5/12
f 404/4/12 405/5/12 406/6/12
f 406/6/13 405/5/13 407/7/13
f 406/6/13 407/7/13 408/8/13
f 408/8/14 407/7/14 402/9/14
f 408/8/14 402/9/14 401/10/14
f 404/11/5 406/6/5 408/8/5
f 404/11/5 408/8/5 401/12/5
f 405/5/6 403/13/6 402/14/6
f 405/5/6 402/14/6 407/7/6
f 409/1/11 410/2/11 411/3/11
f 409/1/11 411/3/11 412/4/11
f 412/4/12 411/3/12 413/5/12
f 412/4/12 413/5/12 414/6/12
f 414/6/13 413/5/13 415/7/13
f 414/6/13 415/7/13 416/8/13
f 416/8/14 415/7/14 410/9/14
f 416/8/14 410/9/14 409/10/14
f 412/11/5 414/6/5 416/8/5
f 412/11/5 416/8/5 409/12/5
f 413/5/6 411/13/6 410/14/6
f 413/5/6 410/14/6 415/7/6
f 417/1/11 418/2/11 419/3/11
f 417/1/11 419/3/11 420/4/11
f 420/4/12 419/3/12 421/5/12
f 420/4/12 421/5/12 422/6/12
f 422/6/13 421/5/13 423/7/13
f 422/6/13 423/7/13 424/8/13
f 424/8/14 423/7/14 418/9/14
f 424/8/14 418/9/14 417/10/14
f 420/11/5 422/6/5 424/8/5
f 420/11/5 424/8/5 417/12/5
f 421/5/6 419/13/6 418/14/6
f 421/5/6 418/14/6 423/7/6
f 425/1/11 426/2/11 427/3/11
f 425/1/11 427/3/11 428/4/11
f 428/4/12 427/3/12 429/5/12
f 428/4/12 429/5/12 430/6/12
f 430/6/13 429/5/13 431/7/13
f 430/6/13 431/7/13 432/8/13
f 432/8/14 431/7/14 426/9/14
f 432/8/14 426/9/14 425/10/14
f 428/11/5 430/6/5 432/8/5
f 428/11/5 432/8/5 425/12/5
f 429/5/6 427/13/6 426/14/6
f 429/5/6 426/14/6 431/7/6
f 433/1/11 434/2/11 435/3/11
f 433/1/11 435/3/11 436/4/11
f 436/4/12 435/3/12 437/5/12
f 436/4/12 437/5/12 438/6/12
f 438/6/13 437/5/13 439/7/13
f 438/6/13 439/7/13 440/8/13
f 440/8/14 439/7/14 434/9/14
f 440/8/14 434/9/14 433/10/14
f 436/11/5 438/6/5 440/8/5
f 436/11/5 440/8/5 433/12/5
f 437/5/6 435/13/6 434/14/6
f 437/5/6 434/14/6 439/7/6
f 441/1/11 442/2/11 443/3/11
f 441/1/11 443/3/11 444/4/11
f 444/4/12 443/3/12 445/5/12
f 444/4/12 445/5/12 446/6/12
f 446/6/13 445/5/13 447/7/13
f 446/6/13 447/7/13 448/8/13
f 448/8/14 447/7/14 442/9/14
f 448/8/14 442/9/14 441/10/14
f 444/11/5 446/6/5 448/8/5
f 444/11/5 448/8/5 441/12/5
f 445/5/6 443/13/6 442/14/6
f 445/5/6 442/14/6 447/7/6
f 449/1/11 450/2/11 451/3/11
f 449/1/11 451/3/11 452/4/11
f 452/4/12 451/3/12 453/5/12
f 452/4/12 453/5/12 454/6/12
f 454/6/13 453/5/13 455/7/13
f 454/6/13 455/7/13 456/8/13
f 456/8/14 455/7/14 450/9/14
f 456/8/14 450/9/14 449/10/14
f 452/11/5 454/6/5 456/8/5
f 452/11/5 456/8/5 449/12/5
f 453/5/6 451/13/6 450/14/6
f 453/5/6 450/14/6 455/7/6
f 457/1/11 458/2/11 459/3/11
f 457/1/11 459/3/11 460/4/11
f 460/4/12 459/3/12 461/5/12
f 460/4/12 461/5/12 462/6/12
f 462/6/13 461/5/13 463/7/13
f 462/6/13 463/7/13 464/8/13
f 464/8/14 463/7/14 458/9/14
f 464/8/14 458/9/14 457/10/14
f 460/11/5 462/6/5 464/8/5
f 460/11/5 464/8/5 457/12/5
f 461/5/6 459/13/6 458/14/6
f 461/5/6 458/14/6 463/7/6
f 465/1/11 466/2/11 467/3/11
f 465/1/11 467/3/11 468/4/11
f 468/4/12 467/3/12 469/5/12
f 468/4/12 469/5/12 470/6/12
f 470/6/13 469/5/13 471/7/13
f 470/6/13 471/7/13 472/8/13
f 472/8/14 471/7/14 466/9/14
f 472/8/14 466/9/14 465/10/14
f 468/11/5 470/6/5 472/8/5
f 468/11/5 472/8/5 465/12/5
f 469/5/6 467/13/6 466/14/6
f 469/5/6 466/14/6 471/7/6
f 473/1/11 474/2/11 475/3/11
f 473/1/11 475/3/11 476/4/11
f 476/4/12 475/3/12 477/5/12
f 476/4/12 477/5/12 478/6/12
f 478/6/13 477/5/13 479/7/13
f 478/6/13 479/7/13 480/8/13
f 480/8/14 479/7/14 474/9/14
f 480/8/14 474/9/14 473/10/14
f 476/11/5 478/6/5 480/8/5
f 476/11/5 480/8/5 473/12/5
f 477/5/6 475/13/6 474/14/6
f 477/5/6 474/14/6 479/7/6
f 481/1/11 482/2/11 483/3/11
f 481/1/11 483/3/11 484/4/11
f 484/4/12 483/3/12 485/5/12
f 484/4/12 485/5/12 486/6/12
f 486/6/13 485/5/13 487/7/13
f 486/6/13 487/7/13 488/8/13
f 488/8/14 487/7/14 482/9/14
f 488/8/14 482/9/14 481/10/14
f 484/11/5 486/6/5 488/8/5
f 484/11/5 488/8/5 481/12/5
f 485/5/6 483/13/6 482/14/6
f 485/5/6 482/14/6 487/7/6
f 489/1/11 490/2/11 491/3/11
f 489/1/11 491/3/11 492/4/11
f 492/4/12 491/3/12 493/5/12
f 492/4/12 493/5/12 494/6/12
f 494/6/13 493/5/13 495/7/13
f 494/6/13 495/7/13 496/8/13
f 496/8/14 495/7/14 490/9/14
f 496/8/14 490/9/14 489/10/14
f 492/11/5 494/6/5 496/8/5
f 492/11/5 496/8/5 489/12/5
f 493/5/6 491/13/6 490/14/6
f 493/5/6 490/14/6 495/7/6
f 497/1/11 498/2/11 499/3/11
f 497/1/11 499/3/11 500/4/11
f 500/4/12 499/3/12 501/5/12
f 500/4/12 501/5/12 502/6/12
f 502/6/13 501/5/13 503/7/13
f 502/6/13 503/7/13 504/8/13
f 504/8/14 503/7/14 498/9/14
f 504/8/14 498/9/14 497/10/14
f 500/11/5 502/6/5 504/8/5
f 500/11/5 504/8/5 497/12/5
f 501/5/6 499/13/6 498/14/6
f 501/5/6 498/14/6 503/7/6
f 505/1/11 506/2/11 507/3/11
f 505/1/11 507/3/11 508/4/11
f 508/4/12 507/3/12 509/5/12
f 508/4/12 509/5/12 510/6/12
f 510/6/13 509/5/13 511/7/13
f 510/6/13 511/7/13 512/8/13
f 512/8/14 511/7/14 506/9/14
f 512/8/14 506/9/14 505/10/14
f 508/11/5 510/6/5 512/8/5
f 508/11/5 512/8/5 505/12/5
f 509/5/6 507/13/6 506/14/6
f 509/5/6 506/14/6 511/7/6
f 513/1/11 514/2/11 515/3/11
f 513/1/11 515/3/11 516/4/11
f 516/4/12 515/3/12 517/5/12
f 516/4/12 517/5/12 518/6/12
f 518/6/13 517/5/13 519/7/13
f 518/6/13 519/7/13 520/8/13
f 520/8/14 519/7/14 514/9/14
f 520/8/14 514/9/14 513/10/14
f 516/11/5 518/6/5 520/8/5
f 516/11/5 520/8/5 513/12/5
f 517/5/6 515/13/6 514/14/6
f 517/5/6 514/14/6 519/7/6
f 521/1/11 522/2/11 523/3/11
f 521/1/11 523/3/11 524/4/11
f 524/4/12 523/3/12 525/5/12
f 524/4/12 525/5/12 526/6/12
f 526/6/13 525/5/13 527/7/13
f 526/6/13 527/7/13 528/8/13
f 528/8/14 527/7/14 522/9/14
f 528/8/14 522/9/14 521/10/14
f 524/11/5 526/6/5 528/8/5
f 524/11/5 528/8/5 521/12/5
f 525/5/6 523/13/6 522/14/6
f 525/5/6 522/14/6 527/7/6
f 529/1/11 530/2/11 531/3/11
f 529/1/11 531/3/11 532/4/11
f 532/4/12 531/3/12 533/5/12
f 532/4/12 533/5/12 534/6/12
f 534/6/13 533/5/13 535/7/13
f 534/6/13 535/7/13 536/8/13
f 536/8/14 535/7/14 530/9/14
f 536/8/14 530/9/14 529/10/14
f 532/11/5 534/6/5 536/8/5
f 532/11/5 536/8/5 529/12/5
f 533/5/6 531/13/6 530/14/6
f 533/5/6 530/14/6 535/7/6
f 537/1/11 538/2/11 539/3/11
f 537/1/11 539/3/11 540/4/11
f 540/4/12 539/3/12 541/5/12
f 540/4/12 541/5/12 542/6/12
f 542/6/13 541/5/13 543/7/13
f 542/6/13 543/7/13 544/8/13
f 544/8/14 543/7/14 538/9/14
f 544/8/14 538/9/14 537/10/14
f 540/11/5 542/6/5 544/8/5
f 540/11/5 544/8/5 537/12/5
f 541/5/6 539/13/6 538/14/6
f 541/5/6 538/14/6 543/7/6
f 545/1/11 546/2/11 547/3/11
f 545/1/11 547/3/11 548/4/11
f 548/4/12 547/3/12 549/5/12
f 548/4/12 549/5/12 550/6/12
f 550/6/13 549/5/13 551/7/13
f 550/6/13 551/7/13 552/8/13
f 552/8/14 551/7/14 546/9/14
f 552/8/14 546/9/14 545/10/14
f 548/11/5 550/6/5 552/8/5
f 548/11/5 552/8/5 545/12/5
f 549/5/6 547/13/6 546/14/6
f 549/5/6 546/14/6 551/7/6
f 553/1/11 554/2/11 555/3/11
f 553/1/11 555/3/11 556/4/11
f 556/4/12 555/3/12 557/5/12
f 556/4/12 557/5/12 558/6/12
f 558/6/13 557/5/13 559/7/13
f 558/6/13 559/7/13 560/8/13
f 560/8/14 559/7/14 554/9/14
f 560/8/14 554/9/14 553/10/14
f 556/11/5 558/6/5 560/8/5
f 556/11/5 560/8/5 553/12/5
f 557/5/6 555/13/6 554/14/6
f 557/5/6 554/14/6 559/7/6
f 561/1/11 562/2/11 563/3/11
f 561/1/11 563/3/11 564/4/11
f 564/4/12 563/3/12 565/5/12
f 564/4/12 565/5/12 566/6/12
f 566/6/13 565/5/13 567/7/13
f 566/6/13 567/7/13 568/8/13
f 568/8/14 567/7/14 562/9/14
f 568/8/14 562/9/14 561/10/14
f 564/11/5 566/6/5 568/8/5
f 564/11/5 568/8/5 561/12/5
f 565/5/6 563/13/6 562/14/6
f 565/5/6 562/14/6 567/7/6
f 569/1/11 570/2/11 571/3/11
f 569/1/11 571/3/11 572/4/11
f 572/4/12 571/3/12 573/5/12
f 572/4/12 573/5/12 574/6/12
f 574/6/13 573/5/13 575/7/13
f 574/6/13 575/7/13 576/8/13
f 576/8/14 575/7/14 570/9/14
f 576/8/14 570/9/14 569/10/14
f 572/11/5 574/6/5 576/8/5
f 572/11/5 576/8/5 569/12/5
f 573/5/6 571/13/6 570/14/6
f 573/5/6 570/14/6 575/7/6
f 577/1/11 578/2/11 579/3/11
f 577/1/11 579/3/11 580/4/11
f 580/4/12 579/3/12 581/5/12
f 580/4/12 581/5/12 582/6/12
f 582/6/13 581/5/13 583/7/13
f 582/6/13 583/7/13 584/8/13
f 584/8/14 583/7/14 578/9/14
f 584/8/14 578/9/14 577/10/14
f 580/11/5 582/6/5 584/8/5
f 580/11/5 584/8/5 577/12/5
f 581/5/6 579/13/6 578/14/6
f 581/5/6 578/14/6 583/7/6
f 585/1/11 586/2/11 587/3/11
f 585/1/11 587/3/11 588/4/11
f 588/4/12 587/3/12 589/5/12
f 588/4/12 589/5/12 590/6/12
f 590/6/13 589/5/13 591/7/13
f 590/6/13 591/7/13 592/8/13
f 592/8/14 591/7/14 586/9/14
f 592/8/14 586/9/14 585/10/14
f 588/11/5 590/6/5 592/8/5
f 588/11/5 592/8/5 585/12/5
f 589/5/6 587/13/6 586/14/6
f 589/5/6 586/14/6 591/7/6
f 593/1/11 594/2/11 595/3/11
f 593/1/11 595/3/11 596/4/11
f 596/4/12 595/3/12 597/5/12
f 596/4/12 597/5/12 598/6/12
f 598/6/13 597/5/13 599/7/13
f 598/6/13 599/7/13 600/8/13
f 600/8/14 599/7/14 594/9/14
f 600/8/14 594/9/14 593/10/14
f 596/11/5 598/6/5 600/8/5
f 596/11/5 600/8/5 593/12/5
f 597/5/6 595/13/6 594/14/6
f 597/5/6 594/14/6 599/7/6
f 601/1/11 602/2/11 603/3/11
f 601/1/11 603/3/11 604/4/11
f 604/4/12 603/3/12 605/5/12
f 604/4/12 605/5/12 606/6/12
f 606/6/13 605/5/13 607/7/13
f 606/6/13 607/7/13 608/8/13
f 608/8/14 607/7/14 602/9/14
f 608/8/14 602/9/14 601/10/14
f 604/11/5 606/6/5 608/8/5
f 604/11/5 608/8/5 601/12/5
f 605/5/6 603/13/6 602/14/6
f 605/5/6 602/14/6 607/7/6
f 609/1/11 610/2/11 611/3/11
f 609/1/11 611/3/11 612/4/11
f 612/4/12 611/3/12 613/5/12
f 612/4/12 613/5/12 614/6/12
f 614/6/13 613/5/13 615/7/13
f 614/6/13 615/7/13 616/8/13
f 616/8/14 615/7/14 610/9/14
f 616/8/14 610/9/14 609/10/14
f 612/11/5 614/6/5 616/8/5
f 612/11/5 616/8/5 609/12/5
f 613/5/6 611/13/6 610/14/6
f 613/5/6 610/14/6 615/7/6
f 617/1/11 618/2/11 619/3/11
f 617/1/11 619/3/11 620/4/11
f 620/4/12 619/3/12 621/5/12
f 620/4/12 621/5/12 622/6/12
f 622/6/13 621/5/13 623/7/13
f 622/6/13 623/7/13 624/8/13
f 624/8/14 623/7/14 618/9/14
f 624/8/14 618/9/14 617/10/14
f 620/11/5 622/6/5 624/8/5
f 620/11/5 624/8/5 617/12/5
f 621/5/6 619/13/6 618/14/6
f 621/5/6 618/14/6 623/7/6
f 625/1/11 626/2/11 627/3/11
f 625/1/11 627/3/11 628/4/11
f 628/4/12 627/3/12 629/5/12
f 628/4/12 629/5/12 630/6/12
f 630/6/13 629/5/13 631/7/13
f 630/6/13 631/7/13 632/8/13
f 632/8/14 631/7/14 626/9/14
f 632/8/14 626/9/14 625/10/14
f 628/11/5 630/6/5 632/8/5
f 628/11/5 632/8/5 625/12/5
f 629/5/6 627/13/6 626/14/6
f 629/5/6 626/14/6 631/7/6
f 633/1/11 634/2/11 635/3/11
f 633/1/11 635/3/11 636/4/11
f 636/4/12 635/3/12 637/5/12
f 636/4/12 637/5/12 638/6/12
f 638/6/13 637/5/13 639/7/13
f 638/6/13 639/7/13 640/8/13
f 640/8/14 639/7/14 634/9/14
f 640/8/14 634/9/14 633/10/14
f 636/11/5 638/6/5 640/8/5
f 636/11/5 640/8/5 633/12/5
f 637/5/6 635/13/6 634/14/6
f 637/5/6 634/14/6 639/7/6
f 641/1/11 642/2/11 643/3/11
f 641/1/11 643/3/11 644/4/11
f 644/4/12 643/3/12 645/5/12
f 644/4/12 645/5/12 646/6/12
f 646/6/13 645/5/13 647/7/13
f 646/6/13 647/7/13 648/8/13
f 648/8/14 647/7/14 642/9/14
f 648/8/14 642/9/14 641/10/14
f 644/11/5 646/6/5 648/8/5
f 644/11/5 648/8/5 641/12/5
f 645/5/6 643/13/6 642/14/6
f 645/5/6 642/14/6 647/7/6
f 649/1/11 650/2/11 651/3/11
f 649/1/11 651/3/11 652/4/11
f 652/4/12 651/3/12 653/5/12
f 652/4/12 653/5/12 654/6/12
f 654/6/13 653/5/13 655/7/13
f 654/6/13 655/7/13 656/8/13
f 656/8/14 655/7/14 650/9/14
f 656/8/14 650/9/14 649/10/14
f 652/11/5 654/6/5 656/8/5
f 652/11/5 656/8/5 649/12/5
f 653/5/6 651/13/6 650/14/6
f 653/5/6 650/14/6 655/7/6
f 657/1/11 658/2/11 659/3/11
f 657/1/11 659/3/11 660/4/11
f 660/4/12 659/3/12 661/5/12
f 660/4/12 661/5/12 662/6/12
f 662/6/13 661/5/13 663/7/13
f 662/6/13 663/7/13 664/8/13
f 664/8/14 663/7/14 658/9/14
f 664/8/14 658/9/14 657/10/14
f 660/11/5 662/6/5 664/8/5
f 660/11/5 664/8/5 657/12/5
f 661/5/6 659/13/6 658/14/6
f 661/5/6 658/14/6 663/7/6
f 665/1/11 666/2/11 667/3/11
f 665/1/11 667/3/11 668/4/11
f 668/4/12 667/3/12 669/5/12
f 668/4/12 669/5/12 670/6/12
f 670/6/13 669/5/13 671/7/13
f 670/6/13 671/7/13 672/8/13
f 672/8/14 671/7/14 666/9/14
f 672/8/14 666/9/14 665/10/14
f 668/11/5 670/6/5 672/8/5
f 668/11/5 672/8/5 665/12/5
f 669/5/6 667/13/6 666/14/6
f 669/5/6 666/14/6 671/7/6
f 673/1/11 674/2/11 675/3/11
f 673/1/11 675/3/11 676/4/11
f 676/4/12 675/3/12 677/5/12
f 676/4/12 677/5/12 678/6/12
f 678/6/13 677/5/13 679/7/13
f 678/6/13 679/7/13 680/8/13
f 680/8/14 679/7/14 674/9/14
f 680/8/14 674/9/14 673/10/14
f 676/11/5 678/6/5 680/8/5
f 676/11/5 680/8/5 673/12/5
f 677/5/6 675/13/6 674/14/6
f 677/5/6 674/14/6 679/7/6
f 681/1/11 682/2/11 683/3/11
f 681/1/11 683/3/11 684/4/11
f 684/4/12 683/3/12 685/5/12
f 684/4/12 685/5/12 686/6/12
f 686/6/13 685/5/13 687/7/13
f 686/6/13 687/7/13 688/8/13
f 688/8/14 687/7/14 682/9/14
f 688/8/14 682/9/14 681/10/14
f 684/11/5 686/6/5 688/8/5
f 684/11/5 688/8/5 681/12/5
f 685/5/6 683/13/6 682/14/6
f 685/5/6 682/14/6 687/7/6
f 689/1/11 690/2/11 691/3/11
f 689/1/11 691/3/11 692/4/11
f 692/4/12 691/3/12 693/5/12
f 692/4/12 693/5/12 694/6/12
f 694/6/13 693/5/13 695/7/13
f 694/6/13 695/7/13 696/8/13
f 696/8/14 695/7/14 690/9/14
f 696/8/14 690/9/14 689/10/14
f 692/11/5 694/6/5 696/8/5
f 692/11/5 696/8/5 689/12/5
f 693/5/6 691/13/6 690/14/6
f 693/5/6 690/14/6 695/7/6
f 697/1/11 698/2/11 699/3/11
f 697/1/11 699/3/11 700/4/11
f 700/4/12 699/3/12 701/5/12
f 700/4/12 701/5/12 702/6/12
f 702/6/13 701/5/13 703/7/13
f 702/6/13 703/7/13 704/8/13
f 704/8/14 703/7/14 698/9/14
f 704/8/14 698/9/14 697/10/14
f 700/11/5 702/6/5 704/8/5
f 700/11/5 704/8/5 697/12/5
f 701/5/6 699/13/6 698/14/6
f 701/5/6 698/14/6 703/7/6
f 705/1/11 706/2/11 707/3/11
f 705/1/11 707/3/11 708/4/11
f 708/4/12 707/3/12 709/5/12
f 708/4/12 709/5/12 710/6/12
f 710/6/13 709/5/13 711/7/13
f 710/6/13 711/7/13 712/8/13
f 712/8/14 711/7/14 706/9/14
f 712/8/14 706/9/14 705/10/14
f 708/11/5 710/6/5 712/8/5
f 708/11/5 712/8/5 705/12/5
f 709/5/6 707/13/6 706/14/6
f 709/5/6 706/14/6 711/7/6
f 713/1/11 714/2/11 715/3/11
f 713/1/11 715/3/11 716/4/11
f 716/4/12 715/3/12 717/5/12
f 716/4/12 717/5/12 718/6/12
f 718/6/13 717/5/13 719/7/13
f 718/6/13 719/7/13 720/8/13
f 720/8/14 719/7/14 714/9/14
f 720/8/14 714/9/14 713/10/14
f 716/11/5 718/6/5 720/8/5
f 716/11/5 720/8/5 713/12/5
f 717/5/6 715/13/6 714/14/6
f 717/5/6 714/14/6 719/7/6
f 721/1/11 722/2/11 723/3/11
f 721/1/11 723/3/11 724/4/11
f 724/4/12 723/3/12 725/5/12
f 724/4/12 725/5/12 726/6/12
f 726/6/13 725/5/13 727/7/13
f 726/6/13 727/7/13 728/8/13
f 728/8/14 727/7/14 722/9/14
f 728/8/14 722/9/14 721/10/14
f 724/11/5 726/6/5 728/8/5
f 724/11/5 728/8/5 721/12/5
f 725/5/6 723/13/6 722/14/6
f 725/5/6 722/14/6 727/7/6
f 729/1/11 730/2/11 731/3/11
f 729/1/11 731/3/11 732/4/11
f 732/4/12 731/3/12 733/5/12
f 732/4/12 733/5/12 734/6/12
f 734/6/13 733/5/13 735/7/13
f 734/6/13 735/7/13 736/8/13
f 736/8/14 735/7/14 730/9/14
f 736/8/14 730/9/14 729/10/14
f 732/11/5 734/6/5 736/8/5
f 732/11/5 736/8/5 729/12/5
f 733/5/6 731/13/6 730/14/6
f 733/5/6 730/14/6 735/7/6
f 737/1/11 738/2/11 739/3/11
f 737/1/11 739/3/11 740/4/11
f 740/4/12 739/3/12 741/5/12
f 740/4/12 741/5/12 742/6/12
f 742/6/13 741/5/13 743/7/13
f 742/6/13 743/7/13 744/8/13
f 744/8/14 743/7/14 738/9/14
f 744/8/14 738/9/14 737/10/14
f 740/11/5 742/6/5 744/8/5
f 740/11/5 744/8/5 737/12/5
f 741/5/6 739/13/6 738/14/6
f 741/5/6 738/14/6 743/7/6
f 745/1/11 746/2/11 747/3/11
f 745/1/11 747/3/11 748/4/11
f 748/4/12 747/3/12 749/5/12
f 748/4/12 749/5/12 750/6/12
f 750/6/13 749/5/13 751/7/13
f 750/6/13 751/7/13 752/8/13
f 752/8/14 751/7/14 746/9/14
f 752/8/14 746/9/14 745/10/14
f 748/11/5 750/6/5 752/8/5
f 748/11/5 752/8/5 745/12/5
f 749/5/6 747/13/6 746/14/6
f 749/5/6 746/14/6 751/7/6
f 753/1/11 754/2/11 755/3/11
f 753/1/11 755/3/11 756/4/11
f 756/4/12 755/3/12 757/5/12
f 756/4/12 757/5/12 758/6/12
f 758/6/13 757/5/13 759/7/13
f 758/6/13 759/7/13 760/8/13
f 760/8/14 759/7/14 754/9/14
f 760/8/14 754/9/14 753/10/14
f 756/11/5 758/6/5 760/8/5
f 756/11/5 760/8/5 753/12/5
f 757/5/6 755/13/6 754/14/6
f 757/5/6 754/14/6 759/7/6
f 761/1/11 762/2/11 763/3/11
f 761/1/11 763/3/11 764/4/11
f 764/4/12 763/3/12 765/5/12
f 764/4/12 765/5/12 766/6/12
f 766/6/13 765/5/13 767/7/13
f 766/6/13 767/7/13 768/8/13
f 768/8/14 767/7/14 762/9/14
f 768/8/14 762/9/14 761/10/14
f 764/11/5 766/6/5 768/8/5
f 764/11/5 768/8/5 761/12/5
f 765/5/6 763/13/6 762/14/6
f 765/5/6 762/14/6 767/7/6
f 769/1/11 770/2/11 771/3/11
f 769/1/11 771/3/11 772/4/11
f 772/4/12 771/3/12 773/5/12
f 772/4/12 773/5/12 774/6/12
f 774/6/13 773/5/13 775/7/13
f 774/6/13 775/7/13 776/8/13
f 776/8/14 775/7/14 770/9/14
f 776/8/14 770/9/14 769/10/14
f 772/11/5 774/6/5 776/8/5
f 772/11/5 776/8/5 769/12/5
f 773/5/6 771/13/6 770/14/6
f 773/5/6 770/14/6 775/7/6
f 777/1/7 778/2/7 779/3/7
f 777/1/7 779/3/7 780/4/7
f 780/4/8 779/3/8 781/5/8
f 780/4/8 781/5/8 782/6/8
f 782/6/9 781/5/9 783/7/9
f 782/6/9 783/7/9 784/8/9
f 784/8/10 783/7/10 778/9/10
f 784/8/10 778/9/10 777/10/10
f 780/11/5 782/6/5 784/8/5
f 780/11/5 784/8/5 777/12/5
f 781/5/6 779/13/6 778/14/6
f 781/5/6 778/14/6 783/7/6
f 785/1/7 786/2/7 787/3/7
f 785/1/7 787/3/7 788/4/7
f 788/4/8 787/3/8 789/5/8
f 788/4/8 789/5/8 790/6/8
f 790/6/9 789/5/9 791/7/9
f 790/6/9 791/7/9 792/8/9
f 792/8/10 791/7/10 786/9/10
f 792/8/10 786/9/10 785/10/10
f 788/11/5 790/6/5 792/8/5
f 788/11/5 792/8/5 785/12/5
f 789/5/6 787/13/6 786/14/6
f 789/5/6 786/14/6 791/7/6
f 793/1/7 794/2/7 795/3/7
f 793/1/7 795/3/7 796/4/7
f 796/4/8 795/3/8 797/5/8
f 796/4/8 797/5/8 798/6/8
f 798/6/9 797/5/9 799/7/9
f 798/6/9 799/7/9 800/8/9
f 800/8/10 799/7/10 794/9/10
f 800/8/10 794/9/10 793/10/10
f 796/11/5 798/6/5 800/8/5
f 796/11/5 800/8/5 793/12/5
f 797/5/6 795/13/6 794/14/6
f 797/5/6 794/14/6 799/7/6
f 801/1/7 802/2/7 803/3/7
f 801/1/7 803/3/7 804/4/7
f 804/4/8 803/3/8 805/5/8
f 804/4/8 805/5/8 806/6/8
f 806/6/9 805/5/9 807/7/9
f 806/6/9 807/7/9 808/8/9
f 808/8/10 807/7/10 802/9/10
f 808/8/10 802/9/10 801/10/10
f 804/11/5 806/6/5 808/8/5
f 804/11/5 808/8/5 801/12/5
f 805/5/6 803/13/6 802/14/6
f 805/5/6 802/14/6 807/7/6
f 809/1/7 810/2/7 811/3/7
f 809/1/7 811/3/7 812/4/7
f 812/4/8 811/3/8 813/5/8
f 812/4/8 813/5/8 814/6/8
f 814/6/9 813/5/9 815/7/9
f 814/6/9 815/7/9 816/8/9
f 816/8/10 815/7/10 810/9/10
f 816/8/10 810/9/10 809/10/10
f 812/11/5 814/6/5 816/8/5
f 812/11/5 816/8/5 809/12/5
f 813/5/6 811/13/6 810/14/6
f 813/5/6 810/14/6 815/7/6
f 817/1/7 818/2/7 819/3/7
f 817/1/7 819/3/7 820/4/7
f 820/4/8 819/3/8 821/5/8
f 820/4/8 821/5/8 822/6/8
f 822/6/9 821/5/9 823/7/9
f 822/6/9 823/7/9 824/8/9
f 824/8/10 823/7/10 818/9/10
f 824/8/10 818/9/10 817/10/10
f 820/11/5 822/6/5 824/8/5
f 820/11/5 824/8/5 817/12/5
f 821/5/6 819/13/6 818/14/6
f 821/5/6 818/14/6 823/7/6
f 825/1/7 826/2/7 827/3/7
f 825/1/7 827/3/7 828/4/7
f 828/4/8 827/3/8 829/5/8
f 828/4/8 829/5/8 830/6/8
f 830/6/9 829/5/9 831/7/9
f 830/6/9 831/7/9 832/8/9
f 832/8/10 831/7/10 826/9/10
f 832/8/10 826/9/10 825/10/10
f 828/11/5 830/6/5 832/8/5
f 828/11/5 832/8/5 825/12/5
f 829/5/6 827/13/6 826/14/6
f 829/5/6 826/14/6 831/7/6
f 833/1/7 834/2/7 835/3/7
f 833/1/7 835/3/7 836/4/7
f 836/4/8 835/3/8 837/5/8
f 836/4/8 837/5/8 838/6/8
f 838/6/9 837/5/9 839/7/9
f 838/6/9 839/7/9 840/8/9
f 840/8/10 839/7/10 834/9/10
f 840/8/10 834/9/10 833/10/10
f 836/11/5 838/6/5 840/8/5
f 836/11/5 840/8/5 833/12/5
f 837/5/6 835/13/6 834/14/6
f 837/5/6 834/14/6 839/7/6
f 841/1/7 842/2/7 843/3/7
f 841/1/7 843/3/7 844/4/7
f 844/4/8 843/3/8 845/5/8
f 844/4/8 845/5/8 846/6/8
f 846/6/9 845/5/9 847/7/9
f 846/6/9 847/7/9 848/8/9
f 848/8/10 847/7/10 842/9/10
f 848/8/10 842/9/10 841/10/10
f 844/11/5 846/6/5 848/8/5
f 844/11/5 848/8/5 841/12/5
f 845/5/6 843/13/6 842/14/6
f 845/5/6 842/14/6 847/7/6
f 849/1/7 850/2/7 851/3/7
f 849/1/7 851/3/7 852/4/7
f 852/4/8 851/3/8 853/5/8
f 852/4/8 853/5/8 854/6/8
f 854/6/9 853/5/9 855/7/9
f 854/6/9 855/7/9 856/8/9
f 856/8/10 855/7/10 850/9/10
f 856/8/10 850/9/10 849/10/10
f 852/11/5 854/6/5 856/8/5
f 852/11/5 856/8/5 849/12/5
f 853/5/6 851/13/6 850/14/6
f 853/5/6 850/14/6 855/7/6
f 857/1/7 858/2/7 859/3/7
f 857/1/7 859/3/7 860/4/7
f 860/4/8 859/3/8 861/5/8
f 860/4/8 861/5/8 862/6/8
f 862/6/9 861/5/9 863/7/9
f 862/6/9 863/7/9 864/8/9
f 864/8/10 863/7/10 858/9/10
f 864/8/10 858/9/10 857/10/10
f 860/11/5 862/6/5 864/8/5
f 860/11/5 864/8/5 857/12/5
f 861/5/6 859/13/6 858/14/6
f 861/5/6 858/14/6 863/7/6
f 865/1/7 866/2/7 867/3/7
f 865/1/7 867/3/7 868/4/7
f 868/4/8 867/3/8 869/5/8
f 868/4/8 869/5/8 870/6/8
f 870/6/9 869/5/9 871/7/9
f 870/6/9 871/7/9 872/8/9
f 872/8/10 871/7/10 866/9/10
f 872/8/10 866/9/10 865/10/10
f 868/11/5 870/6/5 872/8/5
f 868/11/5 872/8/5 865/12/5
f 869/5/6 867/13/6 866/14/6
f 869/5/6 866/14/6 871/7/6
f 873/1/7 874/2/7 875/3/7
f 873/1/7 875/3/7 876/4/7
f 876/4/8 875/3/8 877/5/8
f 876/4/8 877/5/8 878/6/8
f 878/6/9 877/5/9 879/7/9
f 878/6/9 879/7/9 880/8/9
f 880/8/10 879/7/10 874/9/10
f 880/8/10 874/9/10 873/10/10
f 876/11/5 878/6/5 880/8/5
f 876/11/5 880/8/5 873/12/5
f 877/5/6 875/13/6 874/14/6
f 877/5/6 874/14/6 879/7/6
f 881/1/7 882/2/7 883/3/7
f 881/1/7 883/3/7 884/4/7
f 884/4/8 883/3/8 885/5/8
f 884/4/8 885/5/8 886/6/8
f 886/6/9 885/5/9 887/7/9
f 886/6/9 887/7/9 888/8/9
f 888/8/10 887/7/10 882/9/10
f 888/8/10 882/9/10 881/10/10
f 884/11/5 886/6/5 888/8/5
f 884/11/5 888/8/5 881/12/5
f 885/5/6 883/13/6 882/14/6
f 885/5/6 882/14/6 887/7/6
f 889/1/7 890/2/7 891/3/7
f 889/1/7 891/3/7 892/4/7
f 892/4/8 891/3/8 893/5/8
f 892/4/8 893/5/8 894/6/8
f 894/6/9 893/5/9 895/7/9
f 894/6/9 895/7/9 896/8/9
f 896/8/10 895/7/10 890/9/10
f 896/8/10 890/9/10 889/10/10
f 892/11/5 894/6/5 896/8/5
f 892/11/5 896/8/5 889/12/5
f 893/5/6 891/13/6 890/14/6
f 893/5/6 890/14/6 895/7/6
f 897/1/7 898/2/7 899/3/7
f 897/1/7 899/3/7 900/4/7
f 900/4/8 899/3/8 901/5/8
f 900/4/8 901/5/8 902/6/8
f 902/6/9 901/5/9 903/7/9
f 902/6/9 903/7/9 904/8/9
f 904/8/10 903/7/10 898/9/10
f 904/8/10 898/9/10 897/10/10
f 900/11/5 902/6/5 904/8/5
f 900/11/5 904/8/5 897/12/5
f 901/5/6 899/13/6 898/14/6
f 901/5/6 898/14/6 903/7/6
f 905/1/7 906/2/7 907/3/7
f 905/1/7 907/3/7 908/4/7
f 908/4/8 907/3/8 909/5/8
f 908/4/8 909/5/8 910/6/8
f 910/6/9 909/5/9 911/7/9
f 910/6/9 911/7/9 912/8/9
f 912/8/10 911/7/10 906/9/10
f 912/8/10 906/9/10 905/10/10
f 908/11/5 910/6/5 912/8/5
f 908/11/5 912/8/5 905/12/5
f 909/5/6 907/13/6 906/14/6
f 909/5/6 906/14/6 911/7/6
f 913/1/7 914/2/7 915/3/7
f 913/1/7 915/3/7 916/4/7
f 916/4/8 915/3/8 917/5/8
f 916/4/8 917/5/8 918/6/8
f 918/6/9 917/5/9 919/7/9
f 918/6/9 919/7/9 920/8/9
f 920/8/10 919/7/10 914/9/10
f 920/8/10 914/9/10 913/10/10
f 916/11/5 918/6/5 920/8/5
f 916/11/5 920/8/5 913/12/5
f 917/5/6 915/13/6 914/14/6
f 917/5/6 914/14/6 919/7/6
f 921/1/7 922/2/7 923/3/7
f 921/1/7 923/3/7 924/4/7
f 924/4/8 923/3/8 925/5/8
f 924/4/8 925/5/8 926/6/8
f 926/6/9 925/5/9 927/7/9
f 926/6/9 927/7/9 928/8/9
f 928/8/10 927/7/10 922/9/10
f 928/8/10 922/9/10 921/10/10
f 924/11/5 926/6/5 928/8/5
f 924/11/5 928/8/5 921/12/5
f 925/5/6 923/13/6 922/14/6
f 925/5/6 922/14/6 927/7/6
f 929/1/7 930/2/7 931/3/7
f 929/1/7 931/3/7 932/4/7
f 932/4/8 931/3/8 933/5/8
f 932/4/8 933/5/8 934/6/8
f 934/6/9 933/5/9 935/7/9
f 934/6/9 935/7/9 936/8/9
f 936/8/10 935/7/10 930/9/10
f 936/8/10 930/9/10 929/10/10
f 932/11/5 934/6/5 936/8/5
f 932/11/5 936/8/5 929/12/5
f 933/5/6 931/13/6 930/14/6
f 933/5/6 930/14/6 935/7/6
f 937/1/7 938/2/7 939/3/7
f 937/1/7 939/3/7 940/4/7
f 940/4/8 939/3/8 941/5/8
f 940/4/8 941/5/8 942/6/8
f 942/6/9 941/5/9 943/7/9
f 942/6/9 943/7/9 944/8/9
f 944/8/10 943/7/10 938/9/10
f 944/8/10 938/9/10 937/10/10
f 940/11/5 942/6/5 944/8/5
f 940/11/5 944/8/5 937/12/5
f 941/5/6 939/13/6 938/14/6
f 941/5/6 938/14/6 943/7/6
f 945/1/7 946/2/7 947/3/7
f 945/1/7 947/3/7 948/4/7
f 948/4/8 947/3/8 949/5/8
f 948/4/8 949/5/8 950/6/8
f 950/6/9 949/5/9 951/7/9
f 950/6/9 951/7/9 952/8/9
f 952/8/10 951/7/10 946/9/10
f 952/8/10 946/9/10 945/10/10
f 948/11/5 950/6/5 952/8/5
f 948/11/5 952/8/5 945/12/5
f 949/5/6 947/13/6 946/14/6
f 949/5/6 946/14/6 951/7/6
f 953/1/7 954/2/7 955/3/7
f 953/1/7 955/3/7 956/4/7
f 956/4/8 955/3/8 957/5/8
f 956/4/8 957/5/8 958/6/8
f 958/6/9 957/5/9 959/7/9
f 958/6/9 959/7/9 960/8/9
f 960/8/10 959/7/10 954/9/10
f 960/8/10 954/9/10 953/10/10
f 956/11/5 958/6/5 960/8/5
f 956/11/5 960/8/5 953/12/5
f 957/5/6 955/13/6 954/14/6
f 957/5/6 954/14/6 959/7/6
f 961/1/7 962/2/7 963/3/7
f 961/1/7 963/3/7 964/4/7
f 964/4/8 963/3/8 965/5/8
f 964/4/8 965/5/8 966/6/8
f 966/6/9 965/5/9 967/7/9
f 966/6/9 967/7/9 968/8/9
f 968/8/10 967/7/10 962/9/10
f 968/8/10 962/9/10 961/10/10
f 964/11/5 966/6/5 968/8/5
f 964/11/5 968/8/5 961/12/5
f 965/5/6 963/13/6 962/14/6
f 965/5/6 962/14/6 967/7/6
f 969/1/7 970/2/7 971/3/7
f 969/1/7 971/3/7 972/4/7
f 972/4/8 971/3/8 973/5/8
f 972/4/8 973/5/8 974/6/8
f 974/6/9 973/5/9 975/7/9
f 974/6/9 975/7/9 976/8/9
f 976/8/10 975/7/10 970/9/10
f 976/8/10 970/9/10 969/10/10
f 972/11/5 974/6/5 976/8/5
f 972/11/5 976/8/5 969/12/5
f 973/5/6 971/13/6 970/14/6
f 973/5/6 970/14/6 975/7/6
f 977/1/7 978/2/7 979/3/7
f 977/1/7 979/3/7 980/4/7
f 980/4/8 979/3/8 981/5/8
f 980/4/8 981/5/8 982/6/8
f 982/6/9 981/5/9 983/7/9
f 982/6/9 983/7/9 984/8/9
f 984/8/10 983/7/10 978/9/10
f 984/8/10 978/9/10 977/10/10
f 980/11/5 982/6/5 984/8/5
f 980/11/5 984/8/5 977/12/5
f 981/5/6 979/13/6 978/14/6
f 981/5/6 978/14/6 983/7/6
f 985/1/7 986/2/7 987/3/7
f 985/1/7 987/3/7 988/4/7
f 988/4/8 987/3/8 989/5/8
f 988/4/8 989/5/8 990/6/8
f 990/6/9 989/5/9 991/7/9
f 990/6/9 991/7/9 992/8/9
f 992/8/10 991/7/10 986/9/10
f 992/8/10 986/9/10 985/10/10
f 988/11/5 990/6/5 992/8/5
f 988/11/5 992/8/5 985/12/5
f 989/5/6 987/13/6 986/14/6
f 989/5/6 986/14/6 991/7/6
f 993/1/7 994/2/7 995/3/7
f 993/1/7 995/3/7 996/4/7
f 996/4/8 995/3/8 997/5/8
f 996/4/8 997/5/8 998/6/8
f 998/6/9 997/5/9 999/7/9
f 998/6/9 999/7/9 1000/8/9
f 1000/8/10 999/7/10 994/9/10
f 1000/8/10 994/9/10 993/10/10
f 996/11/5 998/6/5 1000/8/5
f 996/11/5 1000/8/5 993/12/5
f 997/5/6 995/13/6 994/14/6
f 997/5/6 994/14/6 999/7/6
f 1001/1/7 1002/2/7 1003/3/7
f 1001/1/7 1003/3/7 1004/4/7
f 1004/4/8 1003/3/8 1005/5/8
f 1004/4/8 1005/5/8 1006/6/8
f 1006/6/9 1005/5/9 1007/7/9
f 1006/6/9 1007/7/9 1008/8/9
f 1008/8/10 1007/7/10 1002/9/10
f 1008/8/10 1002/9/10 1001/10/10
f 1004/11/5 1006/6/5 1008/8/5
f 1004/11/5 1008/8/5 1001/12/5
f 1005/5/6 1003/13/6 1002/14/6
f 1005/5/6 1002/14/6 1007/7/6
f 1009/1/7 1010/2/7 1011/3/7
f 1009/1/7 1011/3/7 1012/4/7
f 1012/4/8 1011/3/8 1013/5/8
f 1012/4/8 1013/5/8 1014/6/8
f 1014/6/9 1013/5/9 1015/7/9
f 1014/6/9 1015/7/9 1016/8/9
f 1016/8/10 1015/7/10 1010/9/10
f 1016/8/10 1010/9/10 1009/10/10
f 1012/11/5 1014/6/5 1016/8/5
f 1012/11/5 1016/8/5 1009/12/5
f 1013/5/6 1011/13/6 1010/14/6
f 1013/5/6 1010/14/6 1015/7/6
f 1017/1/7 1018/2/7 1019/3/7
f 1017/1/7 1019/3/7 1020/4/7
f 1020/4/8 1019/3/8 1021/5/8
f 1020/4/8 1021/5/8 1022/6/8
f 1022/6/9 1021/5/9 1023/7/9
f 1022/6/9 1023/7/9 1024/8/9
f 1024/8/10 1023/7/10 1018/9/10
f 1024/8/10 1018/9/10 1017/10/10
f 1020/11/5 1022/6/5 1024/8/5
f 1020/11/5 1024/8/5 1017/12/5
f 1021/5/6 1019/13/6 1018/14/6
f 1021/5/6 1018/14/6 1023/7/6
f 1025/1/7 1026/2/7 1027/3/7
f 1025/1/7 1027/3/7 1028/4/7
f 1028/4/8 1027/3/8 1029/5/8
f 1028/4/8 1029/5/8 1030/6/8
f 1030/6/9 1029/5/9 1031/7/9
f 1030/6/9 1031/7/9 1032/8/9
f 1032/8/10 1031/7/10 1026/9/10
f 1032/8/10 1026/9/10 1025/10/10
f 1028/11/5 1030/6/5 1032/8/5
f 1028/11/5 1032/8/5 1025/12/5
f 1029/5/6 1027/13/6 1026/14/6
f 1029/5/6 1026/14/6 1031/7/6
f 1033/1/7 1034/2/7 1035/3/7
f 1033/1/7 1035/3/7 1036/4/7
f 1036/4/8 1035/3/8 1037/5/8
f 1036/4/8 1037/5/8 1038/6/8
f 1038/6/9 1037/5/9 1039/7/9
f 1038/6/9 1039/7/9 1040/8/9
f 1040/8/10 1039/7/10 1034/9/10
f 1040/8/10 1034/9/10 1033/10/10
f 1036/11/5 1038/6/5 1040/8/5
f 1036/11/5 1040/8/5 1033/12/5
f 1037/5/6 1035/13/6 1034/14/6
f 1037/5/6 1034/14/6 1039/7/6
f 1041/1/7 1042/2/7 1043/3/7
f 1041/1/7 1043/3/7 1044/4/7
f 1044/4/8 1043/3/8 1045/5/8
f 1044/4/8 1045/5/8 1046/6/8
f 1046/6/9 1045/5/9 1047/7/9
f 1046/6/9 1047/7/9 1048/8/9
f 1048/8/10 1047/7/10 1042/9/10
f 1048/8/10 1042/9/10 1041/10/10
f 1044/11/5 1046/6/5 1048/8/5
f 1044/11/5 1048/8/5 1041/12/5
f 1045/5/6 1043/13/6 1042/14/6
f 1045/5/6 1042/14/6 1047/7/6
f 1049/1/7 1050/2/7 1051/3/7
f 1049/1/7 1051/3/7 1052/4/7
f 1052/4/8 1051/3/8 1053/5/8
f 1052/4/8 1053/5/8 1054/6/8
f 1054/6/9 1053/5/9 1055/7/9
f 1054/6/9 1055/7/9 1056/8/9
f 1056/8/10 1055/7/10 1050/9/10
f 1056/8/10 1050/9/10 1049/10/10
f 1052/11/5 1054/6/5 1056/8/5
f 1052/11/5 1056/8/5 1049/12/5
f 1053/5/6 1051/13/6 1050/14/6
f 1053/5/6 1050/14/6 1055/7/6
f 1057/1/7 1058/2/7 1059/3/7
f 1057/1/7 1059/3/7 1060/4/7
f 1060/4/8 1059/3/8 1061/5/8
f 1060/4/8 1061/5/8 1062/6/8
f 1062/6/9 1061/5/9 1063/7/9
f 1062/6/9 1063/7/9 1064/8/9
f 1064/8/10 1063/7/10 1058/9/10
f 1064/8/10 1058/9/10 1057/10/10
f 1060/11/5 1062/6/5 1064/8/5
f 1060/11/5 1064/8/5 1057/12/5
f 1061/5/6 1059/13/6 1058/14/6
f 1061/5/6 1058/14/6 1063/7/6
f 1065/1/7 1066/2/7 1067/3/7
f 1065/1/7 1067/3/7 1068/4/7
f 1068/4/8 1067/3/8 1069/5/8
f 1068/4/8 1069/5/8 1070/6/8
f 1070/6/9 1069/5/9 1071/7/9
f 1070/6/9 1071/7/9 1072/8/9
f 1072/8/10 1071/7/10 1066/9/10
f 1072/8/10 1066/9/10 1065/10/10
f 1068/11/5 1070/6/5 1072/8/5
f 1068/11/5 1072/8/5 1065/12/5
f 1069/5/6 1067/13/6 1066/14/6
f 1069/5/6 1066/14/6 1071/7/6
f 1073/1/7 1074/2/7 1075/3/7
f 1073/1/7 1075/3/7 1076/4/7
f 1076/4/8 1075/3/8 1077/5/8
f 1076/4/8 1077/5/8 1078/6/8
f 1078/6/9 1077/5/9 1079/7/9
f 1078/6/9 1079/7/9 1080/8/9
f 1080/8/10 1079/7/10 1074/9/10
f 1080/8/10 1074/9/10 1073/10/10
f 1076/11/5 1078/6/5 1080/8/5
f 1076/11/5 1080/8/5 1073/12/5
f 1077/5/6 1075/13/6 1074/14/6
f 1077/5/6 1074/14/6 1079/7/6
f 1081/1/7 1082/2/7 1083/3/7
f 1081/1/7 1083/3/7 1084/4/7
f 1084/4/8 1083/3/8 1085/5/8
f 1084/4/8 1085/5/8 1086/6/8
f 1086/6/9 1085/5/9 1087/7/9
f 1086/6/9 1087/7/9 1088/8/9
f 1088/8/10 1087/7/10 1082/9/10
f 1088/8/10 1082/9/10 1081/10/10
f 1084/11/5 1086/6/5 1088/8/5
f 1084/11/5 1088/8/5 1081/12/5
f 1085/5/6 1083/13/6 1082/14/6
f 1085/5/6 1082/14/6 1087/7/6
f 1089/1/7 1090/2/7 1091/3/7
f 1089/1/7 1091/3/7 1092/4/7
f 1092/4/8 1091/3/8 1093/5/8
f 1092/4/8 1093/5/8 1094/6/8
f 1094/6/9 1093/5/9 1095/7/9
f 1094/6/9 1095/7/9 1096/8/9
f 1096/8/10 1095/7/10 1090/9/10
f 1096/8/10 1090/9/10 1089/10/10
f 1092/11/5 1094/6/5 1096/8/5
f 1092/11/5 1096/8/5 1089/12/5
f 1093/5/6 1091/13/6 1090/14/6
f 1093/5/6 1090/14/6 1095/7/6
f 1097/1/7 1098/2/7 1099/3/7
f 1097/1/7 1099/3/7 1100/4/7
f 1100/4/8 1099/3/8 1101/5/8
f 1100/4/8 1101/5/8 1102/6/8
f 1102/6/9 1101/5/9 1103/7/9
f 1102/6/9 1103/7/9 1104/8/9
f 1104/8/10 1103/7/10 1098/9/10
f 1104/8/10 1098/9/10 1097/10/10
f 1100/11/5 1102/6/5 1104/8/5
f 1100/11/5 1104/8/5 1097/12/5
f 1101/5/6 1099/13/6 1098/14/6
f 1101/5/6 1098/14/6 1103/7/6
f 1105/1/7 1106/2/7 1107/3/7
f 1105/1/7 1107/3/7 1108/4/7
f 1108/4/8 1107/3/8 1109/5/8
f 1108/4/8 1109/5/8 1110/6/8
f 1110/6/9 1109/5/9 1111/7/9
f 1110/6/9 1111/7/9 1112/8/9
f 1112/8/10 1111/7/10 1106/9/10
f 1112/8/10 1106/9/10 1105/10/10
f 1108/11/5 1110/6/5 1112/8/5
f 1108/11/5 1112/8/5 1105/12/5
f 1109/5/6 1107/13/6 1106/14/6
f 1109/5/6 1106/14/6 1111/7/6
f 1113/1/7 1114/2/7 1115/3/7
f 1113/1/7 1115/3/7 1116/4/7
f 1116/4/8 1115/3/8 1117/5/8
f 1116/4/8 1117/5/8 1118/6/8
f 1118/6/9 1117/5/9 1119/7/9
f 1118/6/9 1119/7/9 1120/8/9
f 1120/8/10 1119/7/10 1114/9/10
f 1120/8/10 1114/9/10 1113/10/10
f 1116/11/5 1118/6/5 1120/8/5
f 1116/11/5 1120/8/5 1113/12/5
f 1117/5/6 1115/13/6 1114/14/6
f 1117/5/6 1114/14/6 1119/7/6
f 1121/15/15 1122/16/15 1123/17/15
f 1121/15/15 1123/17/15 1124/18/15
f 1124/18/16 1123/17/16 1125/19/16
f 1124/18/16 1125/19/16 1126/20/16
f 1126/20/17 1125/19/17 1127/21/17
f 1126/20/17 1127/21/17 1128/22/17
f 1128/22/18 1127/21/18 1129/23/18
f 1128/22/18 1129/23/18 1130/24/18
f 1130/24/19 1129/23/19 1131/25/19
f 1130/24/19 1131/25/19 1132/26/19
f 1132/26/20 1131/25/20 1133/27/20
f 1132/26/20 1133/27/20 1134/28/20
f 1134/28/21 1133/27/21 1135/29/21
f 1134/28/21 1135/29/21 1136/30/21
f 1136/30/22 1135/29/22 1137/31/22
f 1136/30/22 1137/31/22 1138/32/22
f 1138/32/23 1137/31/23 1139/33/23
f 1138/32/23 1139/33/23 1140/34/23
f 1140/34/24 1139/33/24 1141/35/24
f 1140/34/24 1141/35/24 1142/36/24
f 1142/36/25 1141/35/25 1143/37/25
f 1142/36/25 1143/37/25 1144/38/25
f 1144/38/26 1143/37/26 1145/39/26
f 1144/38/26 1145/39/26 1146/40/26
f 1146/40/27 1145/39/27 1147/41/27
f 1146/40/27 1147/41/27 1148/42/27
f 1148/42/28 1147/41/28 1149/43/28
f 1148/42/28 1149/43/28 1150/44/28
f 1150/44/29 1149/43/29 1151/45/29
f 1150/44/29 1151/45/29 1152/46/29
f 1152/46/30 1151/45/30 1153/47/30
f 1152/46/30 1153/47/30 1154/48/30
f 1154/48/31 1153/47/31 1155/49/31
f 1154/48/31 1155/49/31 1156/50/31
f 1156/50/32 1155/49/32 1157/51/32
f 1156/50/32 1157/51/32 1158/52/32
f 1125/53/33 1123/54/33 1122/55/33
f 1122/55/33 1159/56/33 1157/57/33
f 1157/57/33 1155/58/33 1153/59/33
f 1153/59/33 1151/60/33 1149/61/33
f 1149/61/33 1147/62/33 1145/63/33
f 1145/63/33 1143/64/33 1141/65/33
f 1141/65/33 1139/66/33 1137/67/33
f 1137/67/33 1135/68/33 1133/69/33
f 1133/69/33 1131/70/33 1129/71/33
f 1129/71/33 1127/72/33 1125/53/33
f 1125/53/33 1122/55/33 1157/57/33
f 1157/57/33 1153/59/33 1149/61/33
f 1149/61/33 1145/63/33 1141/65/33
f 1141/65/33 1137/67/33 1133/69/33
f 1133/69/33 1129/71/33 1125/53/33
f 1125/53/33 1157/57/33 1149/61/33
f 1149/61/33 1141/65/33 1133/69/33
f 1149/61/33 1133/69/33 1125/53/33
f 1158/52/34 1157/51/34 1159/73/34
f 1158/52/34 1159/73/34 1160/74/34
f 1160/74/35 1159/73/35 1122/75/35
f 1160/74/35 1122/75/35 1121/76/35
f 1160/77/36 1121/78/36 1124/79/36
f 1124/79/36 1126/80/36 1128/81/36
f 1128/81/36 1130/82/36 1132/83/36
f 1132/83/36 1134/84/36 1136/85/36
f 1136/85/36 1138/86/36 1140/87/36
f 1140/87/36 1142/88/36 1144/89/36
f 1144/89/36 1146/90/36 1148/91/36
f 1148/91/36 1150/92/36 1152/93/36
f 1152/93/36 1154/94/36 1156/95/36
f 1156/95/36 1158/96/36 1160/77/36
f 1160/77/36 1124/79/36 1128/81/36
f 1128/81/36 1132/83/36 1136/85/36
f 1136/85/36 1140/87/36 1144/89/36
f 1144/89/36 1148/91/36 1152/93/36
f 1152/93/36 1156/95/36 1160/77/36
f 1160/77/36 1128/81/36 1136/85/36
f 1136/85/36 1144/89/36 1152/93/36
f 1136/85/36 1152/93/36 1160/77/36
f 1161/15/15 1162/16/15 1163/17/15
f 1161/15/15 1163/17/15 1164/18/15
f 1164/18/16 1163/17/16 1165/19/16
f 1164/18/16 1165/19/16 1166/20/16
f 1166/20/17 1165/19/17 1167/21/17
f 1166/20/17 1167/21/17 1168/22/17
f 1168/22/18 1167/21/18 1169/23/18
f 1168/22/18 1169/23/18 1170/24/18
f 1170/24/19 1169/23/19 1171/25/19
f 1170/24/19 1171/25/19 1172/26/19
f 1172/26/20 1171/25/20 1173/27/20
f 1172/26/20 1173/27/20 1174/28/20
f 1174/28/21 1173/27/21 1175/29/21
f 1174/28/21 1175/29/21 1176/30/21
f 1176/30/22 1175/29/22 1177/31/22
f 1176/30/22 1177/31/22 1178/32/22
f 1178/32/23 1177/31/23 1179/33/23
f 1178/32/23 1179/33/23 1180/34/23
f 1180/34/24 1179/33/24 1181/35/24
f 1180/34/24 1181/35/24 1182/36/24
f 1182/36/25 1181/35/25 1183/37/25
f 1182/36/25 1183/37/25 1184/38/25
f 1184/38/26 1183/37/26 1185/39/26
f 1184/38/26 1185/39/26 1186/40/26
f 1186/40/27 1185/39/27 1187/41/27
f 1186/40/27 1187/41/27 1188/42/27
f 1188/42/28 1187/41/28 1189/43/28
f 1188/42/28 1189/43/28 1190/44/28
f 1190/44/29 1189/43/29 1191/45/29
f 1190/44/29 1191/45/29 1192/46/29
f 1192/46/30 1191/45/30 1193/47/30
f 1192/46/30 1193/47/30 1194/48/30
f 1194/48/31 1193/47/31 1195/49/31
f 1194/48/31 1195/49/31 1196/50/31
f 1196/50/32 1195/49/32 1197/51/32
f 1196/50/32 1197/51/32 1198/52/32
f 1165/53/33 1163/54/33 1162/55/33
f 1162/55/33 1199/56/33 1197/57/33
f 1197/57/33 1195/58/33 1193/59/33
f 1193/59/33 1191/60/33 1189/61/33
f 1189/61/33 1187/62/33 1185/63/33
f 1185/63/33 1183/64/33 1181/65/33
f 1181/65/33 1179/66/33 1177/67/33
f 1177/67/33 1175/68/33 1173/69/33
f 1173/69/33 1171/70/33 1169/71/33
f 1169/71/33 1167/72/33 1165/53/33
f 1165/53/33 1162/55/33 1197/57/33
f 1197/57/33 1193/59/33 1189/61/33
f 1189/61/33 1185/63/33 1181/65/33
f 1181/65/33 1177/67/33 1173/69/33
f 1173/69/33 1169/71/33 1165/53/33
f 1165/53/33 1197/57/33 1189/61/33
f 1189/61/33 1181/65/33 1173/69/33
f 1189/61/33 1173/69/33 1165/53/33
f 1198/52/34 1197/51/34 1199/73/34
f 1198/52/34 1199/73/34 1200/74/34
f 1200/74/35 1199/73/35 1162/75/35
f 1200/74/35 1162/75/35 1161/76/35
f 1200/77/36 1161/78/36 1164/79/36
f 1164/79/36 1166/80/36 1168/81/36
f 1168/81/36 1170/82/36 1172/83/36
f 1172/83/36 1174/84/36 1176/85/36
f 1176/85/36 1178/86/36 1180/87/36
f 1180/87/36 1182/88/36 1184/89/36
f 1184/89/36 1186/90/36 1188/91/36
f 1188/91/36 1190/92/36 1192/93/36
f 1192/93/36 1194/94/36 1196/95/36
f 1196/95/36 1198/96/36 1200/77/36
f 1200/77/36 1164/79/36 1168/81/36
f 1168/81/36 1172/83/36 1176/85/36
f 1176/85/36 1180/87/36 1184/89/36
f 1184/89/36 1188/91/36 1192/93/36
f 1192/93/36 1196/95/36 1200/77/36
f 1200/77/36 1168/81/36 1176/85/36
f 1176/85/36 1184/89/36 1192/93/36
f 1176/85/36 1192/93/36 1200/77/36
f 1201/1/1 1202/2/1 1203/3/1
f 1201/1/1 1203/3/1 1204/4/1
f 1204/4/2 1203/3/2 1205/5/2
f 1204/4/2 1205/5/2 1206/6/2
f 1206/6/3 1205/5/3 1207/7/3
f 1206/6/3 1207/7/3 1208/8/3
f 1208/8/4 1207/7/4 1202/9/4
f 1208/8/4 1202/9/4 1201/10/4
f 1204/11/5 1206/6/5 1208/8/5
f 1204/11/5 1208/8/5 1201/12/5
f 1205/5/6 1203/13/6 1202/14/6
f 1205/5/6 1202/14/6 1207/7/6
f 1209/1/1 1210/2/1 1211/3/1
f 1209/1/1 1211/3/1 1212/4/1
f 1212/4/2 1211/3/2 1213/5/2
f 1212/4/2 1213/5/2 1214/6/2
f 1214/6/3 1213/5/3 1215/7/3
f 1214/6/3 1215/7/3 1216/8/3
f 1216/8/4 1215/7/4 1210/9/4
f 1216/8/4 1210/9/4 1209/10/4
f 1212/11/5 1214/6/5 1216/8/5
f 1212/11/5 1216/8/5 1209/12/5
f 1213/5/6 1211/13/6 1210/14/6
f 1213/5/6 1210/14/6 1215/7/6
f 1217/1/1 1218/2/1 1219/3/1
f 1217/1/1 1219/3/1 1220/4/1
f 1220/4/2 1219/3/2 1221/5/2
f 1220/4/2 1221/5/2 1222/6/2
f 1222/6/3 1221/5/3 1223/7/3
f 1222/6/3 1223/7/3 1224/8/3
f 1224/8/4 1223/7/4 1218/9/4
f 1224/8/4 1218/9/4 1217/10/4
f 1220/11/5 1222/6/5 1224/8/5
f 1220/11/5 1224/8/5 1217/12/5
f 1221/5/6 1219/13/6 1218/14/6
f 1221/5/6 1218/14/6 1223/7/6
f 1225/15/37 1226/16/37 1227/17/37
f 1225/15/37 1227/17/37 1228/18/37
f 1228/18/38 1227/17/38 1229/19/38
f 1228/18/38 1229/19/38 1230/20/38
f 1230/20/39 1229/19/39 1231/21/39
f 1230/20/39 1231/21/39 1232/22/39
f 1232/22/40 1231/21/40 1233/23/40
f 1232/22/40 1233/23/40 1234/24/40
f 1234/24/41 1233/23/41 1235/25/41
f 1234/24/41 1235/25/41 1236/26/41
f 1236/26/42 1235/25/42 1237/27/42
f 1236/26/42 1237/27/42 1238/28/42
f 1238/28/43 1237/27/43 1239/29/43
f 1238/28/43 1239/29/43 1240/30/43
f 1240/30/44 1239/29/44 1241/31/44
f 1240/30/44 1241/31/44 1242/32/44
f 1242/32/45 1241/31/45 1243/33/45
f 1242/32/45 1243/33/45 1244/34/45
f 1244/34/46 1243/33/46 1245/35/46
f 1244/34/46 1245/35/46 1246/36/46
f 1246/36/47 1245/35/47 1247/37/47
f 1246/36/47 1247/37/47 1248/38/47
f 1248/38/48 1247/37/48 1249/39/48
f 1248/38/48 1249/39/48 1250/40/48
f 1250/40/49 1249/39/49 1251/41/49
f 1250/40/49 1251/41/49 1252/42/49
f 1252/42/50 1251/41/50 1253/43/50
f 1252/42/50 1253/43/50 1254/44/50
f 1254/44/51 1253/43/51 1255/45/51
f 1254/44/51 1255/45/51 1256/46/51
f 1256/46/52 1255/45/52 1257/47/52
f 1256/46/52 1257/47/52 1258/48/52
f 1258/48/53 1257/47/53 1259/49/53
f 1258/48/53 1259/49/53 1260/50/53
f 1260/50/54 1259/49/54 1261/51/54
f 1260/50/54 1261/51/54 1262/52/54
f 1229/53/55 1227/54/55 1226/55/55
f 1226/55/55 1263/56/55 1261/57/55
f 1261/57/55 1259/58/55 1257/59/55
f 1257/59/55 1255/60/55 1253/61/55
f 1253/61/55 1251/62/55 1249/63/55
f 1249/63/55 1247/64/55 1245/65/55
f 1245/65/55 1243/66/55 1241/67/55
f 1241/67/55 1239/68/55 1237/69/55
f 1237/69/55 1235/70/55 1233/71/55
f 1233/71/55 1231/72/55 1229/53/55
f 1229/53/55 1226/55/55 1261/57/55
f 1261/57/55 1257/59/55 1253/61/55
f 1253/61/55 1249/63/55 1245/65/55
f 1245/65/55 1241/67/55 1237/69/55
f 1237/69/55 1233/71/55 1229/53/55
f 1229/53/55 1261/57/55 1253/61/55
f 1253/61/55 1245/65/55 1237/69/55
f 1253/61/55 1237/69/55 1229/53/55
f 1262/52/56 1261/51/56 1263/73/56
f 1262/52/56 1263/73/56 1264/74/56
f 1264/74/57 1263/73/57 1226/75/57
f 1264/74/57 1226/75/57 1225/76/57
f 1264/77/58 1225/78/58 1228/79/58
f 1228/79/58 1230/80/58 1232/81/58
f 1232/81/58 1234/82/58 1236/83/58
f 1236/83/58 1238/84/58 1240/85/58
f 1240/85/58 1242/86/58 1244/87/58
f 1244/87/58 1246/88/58 1248/89/58
f 1248/89/58 1250/90/58 1252/91/58
f 1252/91/58 1254/92/58 1256/93/58
f 1256/93/58 1258/94/58 1260/95/58
f 1260/95/58 1262/96/58 1264/77/58
f 1264/77/58 1228/79/58 1232/81/58
f 1232/81/58 1236/83/58 1240/85/58
f 1240/85/58 1244/87/58 1248/89/58
f 1248/89/58 1252/91/58 1256/93/58
f 1256/93/58 1260/95/58 1264/77/58
f 1264/77/58 1232/81/58 1240/85/58
f 1240/85/58 1248/89/58 1256/93/58
f 1240/85/58 1256/93/58 1264/77/58
f 1265/15/37 1266/16/37 1267/17/37
f 1265/15/37 1267/17/37 1268/18/37
f 1268/18/38 1267/17/38 1269/19/38
f 1268/18/38 1269/19/38 1270/20/38
f 1270/20/39 1269/19/39 1271/21/39
f 1270/20/39 1271/21/39 1272/22/39
f 1272/22/40 1271/21/40 1273/23/40
f 1272/22/40 1273/23/40 1274/24/40
f 1274/24/41 1273/23/41 1275/25/41
f 1274/24/41 1275/25/41 1276/26/41
f 1276/26/42 1275/25/42 1277/27/42
f 1276/26/42 1277/27/42 1278/28/42
f 1278/28/43 1277/27/43 1279/29/43
f 1278/28/43 1279/29/43 1280/30/43
f 1280/30/44 1279/29/44 1281/31/44
f 1280/30/44 1281/31/44 1282/32/44
f 1282/32/45 1281/31/45 1283/33/45
f 1282/32/45 1283/33/45 1284/34/45
f 1284/34/46 1283/33/46 1285/35/46
f 1284/34/46 1285/35/46 1286/36/46
f 1286/36/47 1285/35/47 1287/37/47
f 1286/36/47 1287/37/47 1288/38/47
f 1288/38/48 1287/37/48 1289/39/48
f 1288/38/48 1289/39/48 1290/40/48
f 1290/40/49 1289/39/49 1291/41/49
f 1290/40/49 1291/41/49 1292/42/49
f 1292/42/50 1291/41/50 1293/43/50
f 1292/42/50 1293/43/50 1294/44/50
f 1294/44/51 1293/43/51 1295/45/51
f 1294/44/51 1295/45/51 1296/46/51
f 1296/46/52 1295/45/52 1297/47/52
f 1296/46/52 1297/47/52 1298/48/52
f 1298/48/53 1297/47/53 1299/49/53
f 1298/48/53 1299/49/53 1300/50/53
f 1300/50/54 1299/49/54 1301/51/54
f 1300/50/54 1301/51/54 1302/52/54
f 1269/53/55 1267/54/55 1266/55/55
f 1266/55/55 1303/56/55 1301/57/55
f 1301/57/55 1299/58/55 1297/59/55
f 1297/59/55 1295/60/55 1293/61/55
f 1293/61/55 1291/62/55 1289/63/55
f 1289/63/55 1287/64/55 1285/65/55
f 1285/65/55 1283/66/55 1281/67/55
f 1281/67/55 1279/68/55 1277/69/55
f 1277/69/55 1275/70/55 1273/71/55
f 1273/71/55 1271/72/55 1269/53/55
f 1269/53/55 1266/55/55 1301/57/55
f 1301/57/55 1297/59/55 1293/61/55
f 1293/61/55 1289/63/55 1285/65/55
f 1285/65/55 1281/67/55 1277/69/55
f 1277/69/55 1273/71/55 1269/53/55
f 1269/53/55 1301/57/55 1293/61/55
f 1293/61/55 1285/65/55 1277/69/55
f 1293/61/55 1277/69/55 1269/53/55
f 1302/52/56 1301/51/56 1303/73/56
f 1302/52/56 1303/73/56 1304/74/56
f 1304/74/57 1303/73/57 1266/75/57
f 1304/74/57 1266/75/57 1265/76/57
f 1304/77/58 1265/78/58 1268/79/58
f 1268/79/58 1270/80/58 1272/81/58
f 1272/81/58 1274/82/58 1276/83/58
f 1276/83/58 1278/84/58 1280/85/58
f 1280/85/58 1282/86/58 1284/87/58
f 1284/87/58 1286/88/58 1288/89/58
f 1288/89/58 1290/90/58 1292/91/58
f 1292/91/58 1294/92/58 1296/93/58
f 1296/93/58 1298/94/58 1300/95/58
f 1300/95/58 1302/96/58 1304/77/58
f 1304/77/58 1268/79/58 1272/81/58
f 1272/81/58 1276/83/58 1280/85/58
f 1280/85/58 1284/87/58 1288/89/58
f 1288/89/58 1292/91/58 1296/93/58
f 1296/93/58 1300/95/58 1304/77/58
f 1304/77/58 1272/81/58 1280/85/58
f 1280/85/58 1288/89/58 1296/93/58
f 1280/85/58 1296/93/58 1304/77/58
f 1305/1/7 1306/2/7 1307/3/7
f 1305/1/7 1307/3/7 1308/4/7
f 1308/4/8 1307/3/8 1309/5/8
f 1308/4/8 1309/5/8 1310/6/8
f 1310/6/9 1309/5/9 1311/7/9
f 1310/6/9 1311/7/9 1312/8/9
f 1312/8/10 1311/7/10 1306/9/10
f 1312/8/10 1306/9/10 1305/10/10
f 1308/11/5 1310/6/5 1312/8/5
f 1308/11/5 1312/8/5 1305/12/5
f 1309/5/6 1307/13/6 1306/14/6
f 1309/5/6 1306/14/6 1311/7/6
f 1313/1/7 1314/2/7 1315/3/7
f 1313/1/7 1315/3/7 1316/4/7
f 1316/4/8 1315/3/8 1317/5/8
f 1316/4/8 1317/5/8 1318/6/8
f 1318/6/9 1317/5/9 1319/7/9
f 1318/6/9 1319/7/9 1320/8/9
f 1320/8/10 1319/7/10 1314/9/10
f 1320/8/10 1314/9/10 1313/10/10
f 1316/11/5 1318/6/5 1320/8/5
f 1316/11/5 1320/8/5 1313/12/5
f 1317/5/6 1315/13/6 1314/14/6
f 1317/5/6 1314/14/6 1319/7/6
f 1321/1/7 1322/2/7 1323/3/7
f 1321/1/7 1323/3/7 1324/4/7
f 1324/4/8 1323/3/8 1325/5/8
f 1324/4/8 1325/5/8 1326/6/8
f 1326/6/9 1325/5/9 1327/7/9
f 1326/6/9 1327/7/9 1328/8/9
f 1328/8/10 1327/7/10 1322/9/10
f 1328/8/10 1322/9/10 1321/10/10
f 1324/11/5 1326/6/5 1328/8/5
f 1324/11/5 1328/8/5 1321/12/5
f 1325/5/6 1323/13/6 1322/14/6
f 1325/5/6 1322/14/6 1327/7/6
f 1329/15/37 1330/16/37 1331/17/37
f 1329/15/37 1331/17/37 1332/18/37
f 1332/18/38 1331/17/38 1333/19/38
f 1332/18/38 1333/19/38 1334/20/38
f 1334/20/39 1333/19/39 1335/21/39
f 1334/20/39 1335/21/39 1336/22/39
f 1336/22/40 1335/21/40 1337/23/40
f 1336/22/40 1337/23/40 1338/24/40
f 1338/24/41 1337/23/41 1339/25/41
f 1338/24/41 1339/25/41 1340/26/41
f 1340/26/42 1339/25/42 1341/27/42
f 1340/26/42 1341/27/42 1342/28/42
f 1342/28/43 1341/27/43 1343/29/43
f 1342/28/43 1343/29/43 1344/30/43
f 1344/30/44 1343/29/44 1345/31/44
f 1344/30/44 1345/31/44 1346/32/44
f 1346/32/45 1345/31/45 1347/33/45
f 1346/32/45 1347/33/45 1348/34/45
f 1348/34/46 1347/33/46 1349/35/46
f 1348/34/46 1349/35/46 1350/36/46
f 1350/36/47 1349/35/47 1351/37/47
f 1350/36/47 1351/37/47 1352/38/47
f 1352/38/48 1351/37/48 1353/39/48
f 1352/38/48 1353/39/48 1354/40/48
f 1354/40/49 1353/39/49 1355/41/49
f 1354/40/49 1355/41/49 1356/42/49
f 1356/42/50 1355/41/50 1357/43/50
f 1356/42/50 1357/43/50 1358/44/50
f 1358/44/51 1357/43/51 1359/45/51
f 1358/44/51 1359/45/51 1360/46/51
f 1360/46/52 1359/45/52 1361/47/52
f 1360/46/52 1361/47/52 1362/48/52
f 1362/48/53 1361/47/53 1363/49/53
f 1362/48/53 1363/49/53 1364/50/53
f 1364/50/54 1363/49/54 1365/51/54
f 1364/50/54 1365/51/54 1366/52/54
f 1333/53/55 1331/54/55 1330/55/55
f 1330/55/55 1367/56/55 1365/57/55
f 1365/57/55 1363/58/55 1361/59/55
f 1361/59/55 1359/60/55 1357/61/55
f 1357/61/55 1355/62/55 1353/63/55
f 1353/63/55 1351/64/55 1349/65/55
f 1349/65/55 1347/66/55 1345/67/55
f 1345/67/55 1343/68/55 1341/69/55
f 1341/69/55 1339/70/55 1337/71/55
f 1337/71/55 1335/72/55 1333/53/55
f 1333/53/55 1330/55/55 1365/57/55
f 1365/57/55 1361/59/55 1357/61/55
f 1357/61/55 1353/63/55 1349/65/55
f 1349/65/55 1345/67/55 1341/69/55
f 1341/69/55 1337/71/55 1333/53/55
f 1333/53/55 1365/57/55 1357/61/55
f 1357/61/55 1349/65/55 1341/69/55
f 1357/61/55 1341/69/55 1333/53/55
f 1366/52/56 1365/51/56 1367/73/56
f 1366/52/56 1367/73/56 1368/74/56
f 1368/74/57 1367/73/57 1330/75/57
f 1368/74/57 1330/75/57 1329/76/57
f 1368/77/58 1329/78/58 1332/79/58
f 1332/79/58 1334/80/58 1336/81/58
f 1336/81/58 1338/82/58 1340/83/58
f 1340/83/58 1342/84/58 1344/85/58
f 1344/85/58 1346/86/58 1348/87/58
f 1348/87/58 1350/88/58 1352/89/58
f 1352/89/58 1354/90/58 1356/91/58
f 1356/91/58 1358/92/58 1360/93/58
f 1360/93/58 1362/94/58 1364/95/58
f 1364/95/58 1366/96/58 1368/77/58
f 1368/77/58 1332/79/58 1336/81/58
f 1336/81/58 1340/83/58 1344/85/58
f 1344/85/58 1348/87/58 1352/89/58
f 1352/89/58 1356/91/58 1360/93/58
f 1360/93/58 1364/95/58 1368/77/58
f 1368/77/58 1336/81/58 1344/85/58
f 1344/85/58 1352/89/58 1360/93/58
f 1344/85/58 1360/93/58 1368/77/58
f 1369/15/37 1370/16/37 1371/17/37
f 1369/15/37 1371/17/37 1372/18/37
f 1372/18/38 1371/17/38 1373/19/38
f 1372/18/38 1373/19/38 1374/20/38
f 1374/20/39 1373/19/39 1375/21/39
f 1374/20/39 1375/21/39 1376/22/39
f 1376/22/40 1375/21/40 1377/23/40
f 1376/22/40 1377/23/40 1378/24/40
f 1378/24/41 1377/23/41 1379/25/41
f 1378/24/41 1379/25/41 1380/26/41
f 1380/26/42 1379/25/42 1381/27/42
f 1380/26/42 1381/27/42 1382/28/42
f 1382/28/43 1381/27/43 1383/29/43
f 1382/28/43 1383/29/43 1384/30/43
f 1384/30/44 1383/29/44 1385/31/44
f 1384/30/44 1385/31/44 1386/32/44
f 1386/32/45 1385/31/45 1387/33/45
f 1386/32/45 1387/33/45 1388/34/45
f 1388/34/46 1387/33/46 1389/35/46
f 1388/34/46 1389/35/46 1390/36/46
f 1390/36/47 1389/35/47 1391/37/47
f 1390/36/47 1391/37/47 1392/38/47
f 1392/38/48 1391/37/48 1393/39/48
f 1392/38/48 1393/39/48 1394/40/48
f 1394/40/49 1393/39/49 1395/41/49
f 1394/40/49 1395/41/49 1396/42/49
f 1396/42/50 1395/41/50 1397/43/50
f 1396/42/50 1397/43/50 1398/44/50
f 1398/44/51 1397/43/51 1399/45/51
f 1398/44/51 1399/45/51 1400/46/51
f 1400/46/52 1399/45/52 1401/47/52
f 1400/46/52 1401/47/52 1402/48/52
f 1402/48/53 1401/47/53 1403/49/53
f 1402/48/53 1403/49/53 1404/50/53
f 1404/50/54 1403/49/54 1405/51/54
f 1404/50/54 1405/51/54 1406/52/54
f 1373/53/55 1371/54/55 1370/55/55
f 1370/55/55 1407/56/55 1405/57/55
f 1405/57/55 1403/58/55 1401/59/55
f 1401/59/55 1399/60/55 1397/61/55
f 1397/61/55 1395/62/55 1393/63/55
f 1393/63/55 1391/64/55 1389/65/55
f 1389/65/55 1387/66/55 1385/67/55
f 1385/67/55 1383/68/55 1381/69/55
f 1381/69/55 1379/70/55 1377/71/55
f 1377/71/55 1375/72/55 1373/53/55
f 1373/53/55 1370/55/55 1405/57/55
f 1405/57/55 1401/59/55 1397/61/55
f 1397/61/55 1393/63/55 1389/65/55
f 1389/65/55 1385/67/55 1381/69/55
f 1381/69/55 1377/71/55 1373/53/55
f 1373/53/55 1405/57/55 1397/61/55
f 1397/61/55 1389/65/55 1381/69/55
f 1397/61/55 1381/69/55 1373/53/55
f 1406/52/56 1405/51/56 1407/73/56
f 1406/52/56 1407/73/56 1408/74/56
f 1408/74/57 1407/73/57 1370/75/57
f 1408/74/57 1370/75/57 1369/76/57
f 1408/77/58 1369/78/58 1372/79/58
f 1372/79/58 1374/80/58 1376/81/58
f 1376/81/58 1378/82/58 1380/83/58
f 1380/83/58 1382/84/58 1384/85/58
f 1384/85/58 1386/86/58 1388/87/58
f 1388/87/58 1390/88/58 1392/89/58
f 1392/89/58 1394/90/58 1396/91/58
f 1396/91/58 1398/92/58 1400/93/58
f 1400/93/58 1402/94/58 1404/95/58
f 1404/95/58 1406/96/58 1408/77/58
f 1408/77/58 1372/79/58 1376/81/58
f 1376/81/58 1380/83/58 1384/85/58
f 1384/85/58 1388/87/58 1392/89/58
f 1392/89/58 1396/91/58 1400/93/58
f 1400/93/58 1404/95/58 1408/77/58
f 1408/77/58 1376/81/58 1384/85/58
f 1384/85/58 1392/89/58 1400/93/58
f 1384/85/58 1400/93/58 1408/77/58
f 1409/1/7 1410/2/7 1411/3/7
f 1409/1/7 1411/3/7 1412/4/7
f 1412/4/8 1411/3/8 1413/5/8
f 1412/4/8 1413/5/8 1414/6/8
f 1414/6/9 1413/5/9 1415/7/9
f 1414/6/9 1415/7/9 1416/8/9
f 1416/8/10 1415/7/10 1410/9/10
f 1416/8/10 1410/9/10 1409/10/10
f 1412/11/5 1414/6/5 1416/8/5
f 1412/11/5 1416/8/5 1409/12/5
f 1413/5/6 1411/13/6 1410/14/6
f 1413/5/6 1410/14/6 1415/7/6
f 1417/1/7 1418/2/7 1419/3/7
f 1417/1/7 1419/3/7 1420/4/7
f 1420/4/8 1419/3/8 1421/5/8
f 1420/4/8 1421/5/8 1422/6/8
f 1422/6/9 1421/5/9 1423/7/9
f 1422/6/9 1423/7/9 1424/8/9
f 1424/8/10 1423/7/10 1418/9/10
f 1424/8/10 1418/9/10 1417/10/10
f 1420/11/5 1422/6/5 1424/8/5
f 1420/11/5 1424/8/5 1417/12/5
f 1421/5/6 1419/13/6 1418/14/6
f 1421/5/6 1418/14/6 1423/7/6
f 1425/1/7 1426/2/7 1427/3/7
f 1425/1/7 1427/3/7 1428/4/7
f 1428/4/8 1427/3/8 1429/5/8
f 1428/4/8 1429/5/8 1430/6/8
f 1430/6/9 1429/5/9 1431/7/9
f 1430/6/9 1431/7/9 1432/8/9
f 1432/8/10 1431/7/10 1426/9/10
f 1432/8/10 1426/9/10 1425/10/10
f 1428/11/5 1430/6/5 1432/8/5
f 1428/11/5 1432/8/5 1425/12/5
f 1429/5/6 1427/13/6 1426/14/6
f 1429/5/6 1426/14/6 1431/7/6
f 1433/15/37 1434/16/37 1435/17/37
f 1433/15/37 1435/17/37 1436/18/37
f 1436/18/38 1435/17/38 1437/19/38
f 1436/18/38 1437/19/38 1438/20/38
f 1438/20/39 1437/19/39 1439/21/39
f 1438/20/39 1439/21/39 1440/22/39
f 1440/22/40 1439/21/40 1441/23/40
f 1440/22/40 1441/23/40 1442/24/40
f 1442/24/41 1441/23/41 1443/25/41
f 1442/24/41 1443/25/41 1444/26/41
f 1444/26/42 1443/25/42 1445/27/42
f 1444/26/42 1445/27/42 1446/28/42
f 1446/28/43 1445/27/43 1447/29/43
f 1446/28/43 1447/29/43 1448/30/43
f 1448/30/44 1447/29/44 1449/31/44
f 1448/30/44 1449/31/44 1450/32/44
f 1450/32/45 1449/31/45 1451/33/45
f 1450/32/45 1451/33/45 1452/34/45
f 1452/34/46 1451/33/46 1453/35/46
f 1452/34/46 1453/35/46 1454/36/46
f 1454/36/47 1453/35/47 1455/37/47
f 1454/36/47 1455/37/47 1456/38/47
f 1456/38/48 1455/37/48 1457/39/48
f 1456/38/48 1457/39/48 1458/40/48
f 1458/40/49 1457/39/49 1459/41/49
f 1458/40/49 1459/41/49 1460/42/49
f 1460/42/50 1459/41/50 1461/43/50
f 1460/42/50 1461/43/50 1462/44/50
f 1462/44/51 1461/43/51 1463/45/51
f 1462/44/51 1463/45/51 1464/46/51
f 1464/46/52 1463/45/52 1465/47/52
f 1464/46/52 1465/47/52 1466/48/52
f 1466/48/53 1465/47/53 1467/49/53
f 1466/48/53 1467/49/53 1468/50/53
f 1468/50/54 1467/49/54 1469/51/54
f 1468/50/54 1469/51/54 1470/52/54
f 1437/53/55 1435/54/55 1434/55/55
f 1434/55/55 1471/56/55 1469/57/55
f 1469/57/55 1467/58/55 1465/59/55
f 1465/59/55 1463/60/55 1461/61/55
f 1461/61/55 1459/62/55 1457/63/55
f 1457/63/55 1455/64/55 1453/65/55
f 1453/65/55 1451/66/55 1449/67/55
f 1449/67/55 1447/68/55 1445/69/55
f 1445/69/55 1443/70/55 1441/71/55
f 1441/71/55 1439/72/55 1437/53/55
f 1437/53/55 1434/55/55 1469/57/55
f 1469/57/55 1465/59/55 1461/61/55
f 1461/61/55 1457/63/55 1453/65/55
f 1453/65/55 1449/67/55 1445/69/55
f 1445/69/55 1441/71/55 1437/53/55
f 1437/53/55 1469/57/55 1461/61/55
f 1461/61/55 1453/65/55 1445/69/55
f 1461/61/55 1445/69/55 1437/53/55
f 1470/52/56 1469/51/56 1471/73/56
f 1470/52/56 1471/73/56 1472/74/56
f 1472/74/57 1471/73/57 1434/75/57
f 1472/74/57 1434/75/57 1433/76/57
f 1472/77/58 1433/78/58 1436/79/58
f 1436/79/58 1438/80/58 1440/81/58
f 1440/81/58 1442/82/58 1444/83/58
f 1444/83/58 1446/84/58 1448/85/58
f 1448/85/58 1450/86/58 1452/87/58
f 1452/87/58 1454/88/58 1456/89/58
f 1456/89/58 1458/90/58 1460/91/58
f 1460/91/58 1462/92/58 1464/93/58
f 1464/93/58 1466/94/58 1468/95/58
f 1468/95/58 1470/96/58 1472/77/58
f 1472/77/58 1436/79/58 1440/81/58
f 1440/81/58 1444/83/58 1448/85/58
f 1448/85/58 1452/87/58 1456/89/58
f 1456/89/58 1460/91/58 1464/93/58
f 1464/93/58 1468/95/58 1472/77/58
f 1472/77/58 1440/81/58 1448/85/58
f 1448/85/58 1456/89/58 1464/93/58
f 1448/85/58 1464/93/58 1472/77/58
f 1473/15/37 1474/16/37 1475/17/37
f 1473/15/37 1475/17/37 1476/18/37
f 1476/18/38 1475/17/38 1477/19/38
f 1476/18/38 1477/19/38 1478/20/38
f 1478/20/39 1477/19/39 1479/21/39
f 1478/20/39 1479/21/39 1480/22/39
f 1480/22/40 1479/21/40 1481/23/40
f 1480/22/40 1481/23/40 1482/24/40
f 1482/24/41 1481/23/41 1483/25/41
f 1482/24/41 1483/25/41 1484/26/41
f 1484/26/42 1483/25/42 1485/27/42
f 1484/26/42 1485/27/42 1486/28/42
f 1486/28/43 1485/27/43 1487/29/43
f 1486/28/43 1487/29/43 1488/30/43
f 1488/30/44 1487/29/44 1489/31/44
f 1488/30/44 1489/31/44 1490/32/44
f 1490/32/45 1489/31/45 1491/33/45
f 1490/32/45 1491/33/45 1492/34/45
f 1492/34/46 1491/33/46 1493/35/46
f 1492/34/46 1493/35/46 1494/36/46
f 1494/36/47 1493/35/47 1495/37/47
f 1494/36/47 1495/37/47 1496/38/47
f 1496/38/48 1495/37/48 1497/39/48
f 1496/38/48 1497/39/48 1498/40/48
f 1498/40/49 1497/39/49 1499/41/49
f 1498/40/49 1499/41/49 1500/42/49
f 1500/42/50 1499/41/50 1501/43/50
f 1500/42/50 1501/43/50 1502/44/50
f 1502/44/51 1501/43/51 1503/45/51
f 1502/44/51 1503/45/51 1504/46/51
f 1504/46/52 1503/45/52 1505/47/52
f 1504/46/52 1505/47/52 1506/48/52
f 1506/48/53 1505/47/53 1507/49/53
f 1506/48/53 1507/49/53 1508/50/53
f 1508/50/54 1507/49/54 1509/51/54
f 1508/50/54 1509/51/54 1510/52/54
f 1477/53/55 1475/54/55 1474/55/55
f 1474/55/55 1511/56/55 1509/57/55
f 1509/57/55 1507/58/55 1505/59/55
f 1505/59/55 1503/60/55 1501/61/55
f 1501/61/55 1499/62/55 1497/63/55
f 1497/63/55 1495/64/55 1493/65/55
f 1493/65/55 1491/66/55 1489/67/55
f 1489/67/55 1487/68/55 1485/69/55
f 1485/69/55 1483/70/55 1481/71/55
f 1481/71/55 1479/72/55 1477/53/55
f 1477/53/55 1474/55/55 1509/57/55
f 1509/57/55 1505/59/55 1501/61/55
f 1501/61/55 1497/63/55 1493/65/55
f 1493/65/55 1489/67/55 1485/69/55
f 1485/69/55 1481/71/55 1477/53/55
f 1477/53/55 1509/57/55 1501/61/55
f 1501/61/55 1493/65/55 1485/69/55
f 1501/61/55 1485/69/55 1477/53/55
f 1510/52/56 1509/51/56 1511/73/56
f 1510/52/56 1511/73/56 1512/74/56
f 1512/74/57 1511/73/57 1474/75/57
f 1512/74/57 1474/75/57 1473/76/57
f 1512/77/58 1473/78/58 1476/79/58
f 1476/79/58 1478/80/58 1480/81/58
f 1480/81/58 1482/82/58 1484/83/58
f 1484/83/58 1486/84/58 1488/85/58
f 1488/85/58 1490/86/58 1492/87/58
f 1492/87/58 1494/88/58 1496/89/58
f 1496/89/58 1498/90/58 1500/91/58
f 1500/91/58 1502/92/58 1504/93/58
f 1504/93/58 1506/94/58 1508/95/58
f 1508/95/58 1510/96/58 1512/77/58
f 1512/77/58 1476/79/58 1480/81/58
f 1480/81/58 1484/83/58 1488/85/58
f 1488/85/58 1492/87/58 1496/89/58
f 1496/89/58 1500/91/58 1504/93/58
f 1504/93/58 1508/95/58 1512/77/58
f 1512/77/58 1480/81/58 1488/85/58
f 1488/85/58 1496/89/58 1504/93/58
f 1488/85/58 1504/93/58 1512/77/58
f 1513/1/7 1514/2/7 1515/3/7
f 1513/1/7 1515/3/7 1516/4/7
f 1516/4/8 1515/3/8 1517/5/8
f 1516/4/8 1517/5/8 1518/6/8
f 1518/6/9 1517/5/9 1519/7/9
f 1518/6/9 1519/7/9 1520/8/9
f 1520/8/10 1519/7/10 1514/9/10
f 1520/8/10 1514/9/10 1513/10/10
f 1516/11/5 1518/6/5 1520/8/5
f 1516/11/5 1520/8/5 1513/12/5
f 1517/5/6 1515/13/6 1514/14/6
f 1517/5/6 1514/14/6 1519/7/6
f 1521/1/7 1522/2/7 1523/3/7
f 1521/1/7 1523/3/7 1524/4/7
f 1524/4/8 1523/3/8 1525/5/8
f 1524/4/8 1525/5/8 1526/6/8
f 1526/6/9 1525/5/9 1527/7/9
f 1526/6/9 1527/7/9 1528/8/9
f 1528/8/10 1527/7/10 1522/9/10
f 1528/8/10 1522/9/10 1521/10/10
f 1524/11/5 1526/6/5 1528/8/5
f 1524/11/5 1528/8/5 1521/12/5
f 1525/5/6 1523/13/6 1522/14/6
f 1525/5/6 1522/14/6 1527/7/6
f 1529/1/7 1530/2/7 1531/3/7
f 1529/1/7 1531/3/7 1532/4/7
f 1532/4/8 1531/3/8 1533/5/8
f 1532/4/8 1533/5/8 1534/6/8
f 1534/6/9 1533/5/9 1535/7/9
f 1534/6/9 1535/7/9 1536/8/9
f 1536/8/10 1535/7/10 1530/9/10
f 1536/8/10 1530/9/10 1529/10/10
f 1532/11/5 1534/6/5 1536/8/5
f 1532/11/5 1536/8/5 1529/12/5
f 1533/5/6 1531/13/6 1530/14/6
f 1533/5/6 1530/14/6 1535/7/6
f 1537/15/15 1538/16/15 1539/17/15
f 1537/15/15 1539/17/15 1540/18/15
f 1540/18/16 1539/17/16 1541/19/16
f 1540/18/16 1541/19/16 1542/20/16
f 1542/20/17 1541/19/17 1543/21/17
f 1542/20/17 1543/21/17 1544/22/17
f 1544/22/18 1543/21/18 1545/23/18
f 1544/22/18 1545/23/18 1546/24/18
f 1546/24/19 1545/23/19 1547/25/19
f 1546/24/19 1547/25/19 1548/26/19
f 1548/26/20 1547/25/20 1549/27/20
f 1548/26/20 1549/27/20 1550/28/20
f 1550/28/21 1549/27/21 1551/29/21
f 1550/28/21 1551/29/21 1552/30/21
f 1552/30/22 1551/29/22 1553/31/22
f 1552/30/22 1553/31/22 1554/32/22
f 1554/32/23 1553/31/23 1555/33/23
f 1554/32/23 1555/33/23 1556/34/23
f 1556/34/24 1555/33/24 1557/35/24
f 1556/34/24 1557/35/24 1558/36/24
f 1558/36/25 1557/35/25 1559/37/25
f 1558/36/25 1559/37/25 1560/38/25
f 1560/38/26 1559/37/26 1561/39/26
f 1560/38/26 1561/39/26 1562/40/26
f 1562/40/27 1561/39/27 1563/41/27
f 1562/40/27 1563/41/27 1564/42/27
f 1564/42/28 1563/41/28 1565/43/28
f 1564/42/28 1565/43/28 1566/44/28
f 1566/44/29 1565/43/29 1567/45/29
f 1566/44/29 1567/45/29 1568/46/29
f 1568/46/30 1567/45/30 1569/47/30
f 1568/46/30 1569/47/30 1570/48/30
f 1570/48/31 1569/47/31 1571/49/31
f 1570/48/31 1571/49/31 1572/50/31
f 1572/50/32 1571/49/32 1573/51/32
f 1572/50/32 1573/51/32 1574/52/32
f 1541/53/33 1539/54/33 1538/55/33
f 1538/55/33 1575/56/33 1573/57/33
f 1573/57/33 1571/58/33 1569/59/33
f 1569/59/33 1567/60/33 1565/61/33
f 1565/61/33 1563/62/33 1561/63/33
f 1561/63/33 1559/64/33 1557/65/33
f 1557/65/33 1555/66/33 1553/67/33
f 1553/67/33 1551/68/33 1549/69/33
f 1549/69/33 1547/70/33 1545/71/33
f 1545/71/33 1543/72/33 1541/53/33
f 1541/53/33 1538/55/33 1573/57/33
f 1573/57/33 1569/59/33 1565/61/33
f 1565/61/33 1561/63/33 1557/65/33
f 1557/65/33 1553/67/33 1549/69/33
f 1549/69/33 1545/71/33 1541/53/33
f 1541/53/33 1573/57/33 1565/61/33
f 1565/61/33 1557/65/33 1549/69/33
f 1565/61/33 1549/69/33 1541/53/33
f 1574/52/34 1573/51/34 1575/73/34
f 1574/52/34 1575/73/34 1576/74/34
f 1576/74/35 1575/73/35 1538/75/35
f 1576/74/35 1538/75/35 1537/76/35
f 1576/77/36 1537/78/36 1540/79/36
f 1540/79/36 1542/80/36 1544/81/36
f 1544/81/36 1546/82/36 1548/83/36
f 1548/83/36 1550/84/36 1552/85/36
f 1552/85/36 1554/86/36 1556/87/36
f 1556/87/36 1558/88/36 1560/89/36
f 1560/89/36 1562/90/36 1564/91/36
f 1564/91/36 1566/92/36 1568/93/36
f 1568/93/36 1570/94/36 1572/95/36
f 1572/95/36 1574/96/36 1576/77/36
f 1576/77/36 1540/79/36 1544/81/36
f 1544/81/36 1548/83/36 1552/85/36
f 1552/85/36 1556/87/36 1560/89/36
f 1560/89/36 1564/91/36 1568/93/36
f 1568/93/36 1572/95/36 1576/77/36
f 1576/77/36 1544/81/36 1552/85/36
f 1552/85/36 1560/89/36 1568/93/36
f 1552/85/36 1568/93/36 1576/77/36
f 1577/15/15 1578/16/15 1579/17/15
f 1577/15/15 1579/17/15 1580/18/15
f 1580/18/16 1579/17/16 1581/19/16
f 1580/18/16 1581/19/16 1582/20/16
f 1582/20/17 1581/19/17 1583/21/17
f 1582/20/17 1583/21/17 1584/22/17
f 1584/22/18 1583/21/18 1585/23/18
f 1584/22/18 1585/23/18 1586/24/18
f 1586/24/19 1585/23/19 1587/25/19
f 1586/24/19 1587/25/19 1588/26/19
f 1588/26/20 1587/25/20 1589/27/20
f 1588/26/20 1589/27/20 1590/28/20
f 1590/28/21 1589/27/21 1591/29/21
f 1590/28/21 1591/29/21 1592/30/21
f 1592/30/22 1591/29/22 1593/31/22
f 1592/30/22 1593/31/22 1594/32/22
f 1594/32/23 1593/31/23 1595/33/23
f 1594/32/23 1595/33/23 1596/34/23
f 1596/34/24 1595/33/24 1597/35/24
f 1596/34/24 1597/35/24 1598/36/24
f 1598/36/25 1597/35/25 1599/37/25
f 1598/36/25 1599/37/25 1600/38/25
f 1600/38/26 1599/37/26 1601/39/26
f 1600/38/26 1601/39/26 1602/40/26
f 1602/40/27 1601/39/27 1603/41/27
f 1602/40/27 1603/41/27 1604/42/27
f 1604/42/28 1603/41/28 1605/43/28
f 1604/42/28 1605/43/28 1606/44/28
f 1606/44/29 1605/43/29 1607/45/29
f 1606/44/29 1607/45/29 1608/46/29
f 1608/46/30 1607/45/30 1609/47/30
f 1608/46/30 1609/47/30 1610/48/30
f 1610/48/31 1609/47/31 1611/49/31
f 1610/48/31 1611/49/31 1612/50/31
f 1612/50/32 1611/49/32 1613/51/32
f 1612/50/32 1613/51/32 1614/52/32
f 1581/53/33 1579/54/33 1578/55/33
f 1578/55/33 1615/56/33 1613/57/33
f 1613/57/33 1611/58/33 1609/59/33
f 1609/59/33 1607/60/33 1605/61/33
f 1605/61/33 1603/62/33 1601/63/33
f 1601/63/33 1599/64/33 1597/65/33
f 1597/65/33 1595/66/33 1593/67/33
f 1593/67/33 1591/68/33 1589/69/33
f 1589/69/33 1587/70/33 1585/71/33
f 1585/71/33 1583/72/33 1581/53/33
f 1581/53/33 1578/55/33 1613/57/33
f 1613/57/33 1609/59/33 1605/61/33
f 1605/61/33 1601/63/33 1597/65/33
f 1597/65/33 1593/67/33 1589/69/33
f 1589/69/33 1585/71/33 1581/53/33
f 1581/53/33 1613/57/33 1605/61/33
f 1605/61/33 1597/65/33 1589/69/33
f 1605/61/33 1589/69/33 1581/53/33
f 1614/52/34 1613/51/34 1615/73/34
f 1614/52/34 1615/73/34 1616/74/34
f 1616/74/35 1615/73/35 1578/75/35
f 1616/74/35 1578/75/35 1577/76/35
f 1616/77/36 1577/78/36 1580/79/36
f 1580/79/36 1582/80/36 1584/81/36
f 1584/81/36 1586/82/36 1588/83/36
f 1588/83/36 1590/84/36 1592/85/36
f 1592/85/36 1594/86/36 1596/87/36
f 1596/87/36 1598/88/36 1600/89/36
f 1600/89/36 1602/90/36 1604/91/36
f 1604/91/36 1606/92/36 1608/93/36
f 1608/93/36 1610/94/36 1612/95/36
f 1612/95/36 1614/96/36 1616/77/36
f 1616/77/36 1580/79/36 1584/81/36
f 1584/81/36 1588/83/36 1592/85/36
f 1592/85/36 1596/87/36 1600/89/36
f 1600/89/36 1604/91/36 1608/93/36
f 1608/93/36 1612/95/36 1616/77/36
f 1616/77/36 1584/81/36 1592/85/36
f 1592/85/36 1600/89/36 1608/93/36
f 1592/85/36 1608/93/36 1616/77/36
f 1617/1/1 1618/2/1 1619/3/1
f 1617/1/1 1619/3/1 1620/4/1
f 1620/4/2 1619/3/2 1621/5/2
f 1620/4/2 1621/5/2 1622/6/2
f 1622/6/3 1621/5/3 1623/7/3
f 1622/6/3 1623/7/3 1624/8/3
f 1624/8/4 1623/7/4 1618/9/4
f 1624/8/4 1618/9/4 1617/10/4
f 1620/11/5 1622/6/5 1624/8/5
f 1620/11/5 1624/8/5 1617/12/5
f 1621/5/6 1619/13/6 1618/14/6
f 1621/5/6 1618/14/6 1623/7/6
f 1625/1/1 1626/2/1 1627/3/1
f 1625/1/1 1627/3/1 1628/4/1
f 1628/4/2 1627/3/2 1629/5/2
f 1628/4/2 1629/5/2 1630/6/2
f 1630/6/3 1629/5/3 1631/7/3
f 1630/6/3 1631/7/3 1632/8/3
f 1632/8/4 1631/7/4 1626/9/4
f 1632/8/4 1626/9/4 1625/10/4
f 1628/11/5 1630/6/5 1632/8/5
f 1628/11/5 1632/8/5 1625/12/5
f 1629/5/6 1627/13/6 1626/14/6
f 1629/5/6 1626/14/6 1631/7/6
f 1633/1/1 1634/2/1 1635/3/1
f 1633/1/1 1635/3/1 1636/4/1
f 1636/4/2 1635/3/2 1637/5/2
f 1636/4/2 1637/5/2 1638/6/2
f 1638/6/3 1637/5/3 1639/7/3
f 1638/6/3 1639/7/3 1640/8/3
f 1640/8/4 1639/7/4 1634/9/4
f 1640/8/4 1634/9/4 1633/10/4
f 1636/11/5 1638/6/5 1640/8/5
f 1636/11/5 1640/8/5 1633/12/5
f 1637/5/6 1635/13/6 1634/14/6
f 1637/5/6 1634/14/6 1639/7/6
f 1641/1/59 1642/2/59 1643/3/59
f 1641/1/59 1643/3/59 1644/4/59
f 1644/4/12 1643/3/12 1645/5/12
f 1644/4/12 1645/5/12 1646/6/12
f 1646/6/60 1645/5/60 1647/7/60
f 1646/6/60 1647/7/60 1648/8/60
f 1648/8/14 1647/7/14 1642/9/14
f 1648/8/14 1642/9/14 1641/10/14
f 1644/11/61 1646/6/61 1648/8/61
f 1644/11/61 1648/8/61 1641/12/61
f 1645/5/62 1643/13/62 1642/14/62
f 1645/5/62 1642/14/62 1647/7/62
f 1649/1/62 1650/2/62 1651/3/62
f 1649/1/62 1651/3/62 1652/4/62
f 1652/4/12 1651/3/12 1653/5/12
f 1652/4/12 1653/5/12 1654/6/12
f 1654/6/61 1653/5/61 1655/7/61
f 1654/6/61 1655/7/61 1656/8/61
f 1656/8/14 1655/7/14 1650/9/14
f 1656/8/14 1650/9/14 1649/10/14
f 1652/11/59 1654/6/59 1656/8/59
f 1652/11/59 1656/8/59 1649/12/59
f 1653/5/60 1651/13/60 1650/14/60
f 1653/5/60 1650/14/60 1655/7/60
f 1657/1/11 1658/2/11 1659/3/11
f 1657/1/11 1659/3/11 1660/4/11
f 1660/4/12 1659/3/12 1661/5/12
f 1660/4/12 1661/5/12 1662/6/12
f 1662/6/13 1661/5/13 1663/7/13
f 1662/6/13 1663/7/13 1664/8/13
f 1664/8/14 1663/7/14 1658/9/14
f 1664/8/14 1658/9/14 1657/10/14
f 1660/11/5 1662/6/5 1664/8/5
f 1660/11/5 1664/8/5 1657/12/5
f 1661/5/6 1659/13/6 1658/14/6
f 1661/5/6 1658/14/6 1663/7/6
f 1665/1/11 1666/2/11 1667/3/11
f 1665/1/11 1667/3/11 1668/4/11
f 1668/4/12 1667/3/12 1669/5/12
f 1668/4/12 1669/5/12 1670/6/12
f 1670/6/13 1669/5/13 1671/7/13
f 1670/6/13 1671/7/13 1672/8/13
f 1672/8/14 1671/7/14 1666/9/14
f 1672/8/14 1666/9/14 1665/10/14
f 1668/11/5 1670/6/5 1672/8/5
f 1668/11/5 1672/8/5 1665/12/5
f 1669/5/6 1667/13/6 1666/14/6
f 1669/5/6 1666/14/6 1671/7/6
f 1673/1/11 1674/2/11 1675/3/11
f 1673/1/11 1675/3/11 1676/4/11
f 1676/4/12 1675/3/12 1677/5/12
f 1676/4/12 1677/5/12 1678/6/12
f 1678/6/13 1677/5/13 1679/7/13
f 1678/6/13 1679/7/13 1680/8/13
f 1680/8/14 1679/7/14 1674/9/14
f 1680/8/14 1674/9/14 1673/10/14
f 1676/11/5 1678/6/5 1680/8/5
f 1676/11/5 1680/8/5 1673/12/5
f 1677/5/6 1675/13/6 1674/14/6
f 1677/5/6 1674/14/6 1679/7/6
f 1681/1/11 1682/2/11 1683/3/11
f 1681/1/11 1683/3/11 1684/4/11
f 1684/4/12 1683/3/12 1685/5/12
f 1684/4/12 1685/5/12 1686/6/12
f 1686/6/13 1685/5/13 1687/7/13
f 1686/6/13 1687/7/13 1688/8/13
f 1688/8/14 1687/7/14 1682/9/14
f 1688/8/14 1682/9/14 1681/10/14
f 1684/11/5 1686/6/5 1688/8/5
f 1684/11/5 1688/8/5 1681/12/5
f 1685/5/6 1683/13/6 1682/14/6
f 1685/5/6 1682/14/6 1687/7/6
f 1689/1/11 1690/2/11 1691/3/11
f 1689/1/11 1691/3/11 1692/4/11
f 1692/4/12 1691/3/12 1693/5/12
f 1692/4/12 1693/5/12 1694/6/12
f 1694/6/13 1693/5/13 1695/7/13
f 1694/6/13 1695/7/13 1696/8/13
f 1696/8/14 1695/7/14 1690/9/14
f 1696/8/14 1690/9/14 1689/10/14
f 1692/11/5 1694/6/5 1696/8/5
f 1692/11/5 1696/8/5 1689/12/5
f 1693/5/6 1691/13/6 1690/14/6
f 1693/5/6 1690/14/6 1695/7/6
f 1697/1/11 1698/2/11 1699/3/11
f 1697/1/11 1699/3/11 1700/4/11
f 1700/4/12 1699/3/12 1701/5/12
f 1700/4/12 1701/5/12 1702/6/12
f 1702/6/13 1701/5/13 1703/7/13
f 1702/6/13 1703/7/13 1704/8/13
f 1704/8/14 1703/7/14 1698/9/14
f 1704/8/14 1698/9/14 1697/10/14
f 1700/11/5 1702/6/5 1704/8/5
f 1700/11/5 1704/8/5 1697/12/5
f 1701/5/6 1699/13/6 1698/14/6
f 1701/5/6 1698/14/6 1703/7/6
f 1705/1/59 1706/2/59 1707/3/59
f 1705/1/59 1707/3/59 1708/4/59
f 1708/4/12 1707/3/12 1709/5/12
f 1708/4/12 1709/5/12 1710/6/12
f 1710/6/60 1709/5/60 1711/7/60
f 1710/6/60 1711/7/60 1712/8/60
f 1712/8/14 1711/7/14 1706/9/14
f 1712/8/14 1706/9/14 1705/10/14
f 1708/11/61 1710/6/61 1712/8/61
f 1708/11/61 1712/8/61 1705/12/61
f 1709/5/62 1707/13/62 1706/14/62
f 1709/5/62 1706/14/62 1711/7/62
f 1713/1/62 1714/2/62 1715/3/62
f 1713/1/62 1715/3/62 1716/4/62
f 1716/4/12 1715/3/12 1717/5/12
f 1716/4/12 1717/5/12 1718/6/12
f 1718/6/61 1717/5/61 1719/7/61
f 1718/6/61 1719/7/61 1720/8/61
f 1720/8/14 1719/7/14 1714/9/14
f 1720/8/14 1714/9/14 1713/10/14
f 1716/11/59 1718/6/59 1720/8/59
f 1716/11/59 1720/8/59 1713/12/59
f 1717/5/60 1715/13/60 1714/14/60
f 1717/5/60 1714/14/60 1719/7/60
f 1721/1/11 1722/2/11 1723/3/11
f 1721/1/11 1723/3/11 1724/4/11
f 1724/4/12 1723/3/12 1725/5/12
f 1724/4/12 1725/5/12 1726/6/12
f 1726/6/13 1725/5/13 1727/7/13
f 1726/6/13 1727/7/13 1728/8/13
f 1728/8/14 1727/7/14 1722/9/14
f 1728/8/14 1722/9/14 1721/10/14
f 1724/11/5 1726/6/5 1728/8/5
f 1724/11/5 1728/8/5 1721/12/5
f 1725/5/6 1723/13/6 1722/14/6
f 1725/5/6 1722/14/6 1727/7/6
f 1729/1/11 1730/2/11 1731/3/11
f 1729/1/11 1731/3/11 1732/4/11
f 1732/4/12 1731/3/12 1733/5/12
f 1732/4/12 1733/5/12 1734/6/12
f 1734/6/13 1733/5/13 1735/7/13
f 1734/6/13 1735/7/13 1736/8/13
f 1736/8/14 1735/7/14 1730/9/14
f 1736/8/14 1730/9/14 1729/10/14
f 1732/11/5 1734/6/5 1736/8/5
f 1732/11/5 1736/8/5 1729/12/5
f 1733/5/6 1731/13/6 1730/14/6
f 1733/5/6 1730/14/6 1735/7/6
f 1737/1/11 1738/2/11 1739/3/11
f 1737/1/11 1739/3/11 1740/4/11
f 1740/4/12 1739/3/12 1741/5/12
f 1740/4/12 1741/5/12 1742/6/12
f 1742/6/13 1741/5/13 1743/7/13
f 1742/6/13 1743/7/13 1744/8/13
f 1744/8/14 1743/7/14 1738/9/14
f 1744/8/14 1738/9/14 1737/10/14
f 1740/11/5 1742/6/5 1744/8/5
f 1740/11/5 1744/8/5 1737/12/5
f 1741/5/6 1739/13/6 1738/14/6
f 1741/5/6 1738/14/6 1743/7/6
f 1745/1/11 1746/2/11 1747/3/11
f 1745/1/11 1747/3/11 1748/4/11
f 1748/4/12 1747/3/12 1749/5/12
f 1748/4/12 1749/5/12 1750/6/12
f 1750/6/13 1749/5/13 1751/7/13
f 1750/6/13 1751/7/13 1752/8/13
f 1752/8/14 1751/7/14 1746/9/14
f 1752/8/14 1746/9/14 1745/10/14
f 1748/11/5 1750/6/5 1752/8/5
f 1748/11/5 1752/8/5 1745/12/5
f 1749/5/6 1747/13/6 1746/14/6
f 1749/5/6 1746/14/6 1751/7/6
f 1753/1/11 1754/2/11 1755/3/11
f 1753/1/11 1755/3/11 1756/4/11
f 1756/4/12 1755/3/12 1757/5/12
f 1756/4/12 1757/5/12 1758/6/12
f 1758/6/13 1757/5/13 1759/7/13
f 1758/6/13 1759/7/13 1760/8/13
f 1760/8/14 1759/7/14 1754/9/14
f 1760/8/14 1754/9/14 1753/10/14
f 1756/11/5 1758/6/5 1760/8/5
f 1756/11/5 1760/8/5 1753/12/5
f 1757/5/6 1755/13/6 1754/14/6
f 1757/5/6 1754/14/6 1759/7/6
f 1761/1/11 1762/2/11 1763/3/11
f 1761/1/11 1763/3/11 1764/4/11
f 1764/4/12 1763/3/12 1765/5/12
f 1764/4/12 1765/5/12 1766/6/12
f 1766/6/13 1765/5/13 1767/7/13
f 1766/6/13 1767/7/13 1768/8/13
f 1768/8/14 1767/7/14 1762/9/14
f 1768/8/14 1762/9/14 1761/10/14
f 1764/11/5 1766/6/5 1768/8/5
f 1764/11/5 1768/8/5 1761/12/5
f 1765/5/6 1763/13/6 1762/14/6
f 1765/5/6 1762/14/6 1767/7/6
f 1769/1/59 1770/2/59 1771/3/59
f 1769/1/59 1771/3/59 1772/4/59
f 1772/4/12 1771/3/12 1773/5/12
f 1772/4/12 1773/5/12 1774/6/12
f 1774/6/60 1773/5/60 1775/7/60
f 1774/6/60 1775/7/60 1776/8/60
f 1776/8/14 1775/7/14 1770/9/14
f 1776/8/14 1770/9/14 1769/10/14
f 1772/11/61 1774/6/61 1776/8/61
f 1772/11/61 1776/8/61 1769/12/61
f 1773/5/62 1771/13/62 1770/14/62
f 1773/5/62 1770/14/62 1775/7/62
f 1777/1/62 1778/2/62 1779/3/62
f 1777/1/62 1779/3/62 1780/4/62
f 1780/4/12 1779/3/12 1781/5/12
f 1780/4/12 1781/5/12 1782/6/12
f 1782/6/61 1781/5/61 1783/7/61
f 1782/6/61 1783/7/61 1784/8/61
f 1784/8/14 1783/7/14 1778/9/14
f 1784/8/14 1778/9/14 1777/10/14
f 1780/11/59 1782/6/59 1784/8/59
f 1780/11/59 1784/8/59 1777/12/59
f 1781/5/60 1779/13/60 1778/14/60
f 1781/5/60 1778/14/60 1783/7/60
f 1785/1/11 1786/2/11 1787/3/11
f 1785/1/11 1787/3/11 1788/4/11
f 1788/4/12 1787/3/12 1789/5/12
f 1788/4/12 1789/5/12 1790/6/12
f 1790/6/13 1789/5/13 1791/7/13
f 1790/6/13 1791/7/13 1792/8/13
f 1792/8/14 1791/7/14 1786/9/14
f 1792/8/14 1786/9/14 1785/10/14
f 1788/11/5 1790/6/5 1792/8/5
f 1788/11/5 1792/8/5 1785/12/5
f 1789/5/6 1787/13/6 1786/14/6
f 1789/5/6 1786/14/6 1791/7/6
f 1793/1/11 1794/2/11 1795/3/11
f 1793/1/11 1795/3/11 1796/4/11
f 1796/4/12 1795/3/12 1797/5/12
f 1796/4/12 1797/5/12 1798/6/12
f 1798/6/13 1797/5/13 1799/7/13
f 1798/6/13 1799/7/13 1800/8/13
f 1800/8/14 1799/7/14 1794/9/14
f 1800/8/14 1794/9/14 1793/10/14
f 1796/11/5 1798/6/5 1800/8/5
f 1796/11/5 1800/8/5 1793/12/5
f 1797/5/6 1795/13/6 1794/14/6
f 1797/5/6 1794/14/6 1799/7/6
f 1801/1/11 1802/2/11 1803/3/11
f 1801/1/11 1803/3/11 1804/4/11
f 1804/4/12 1803/3/12 1805/5/12
f 1804/4/12 1805/5/12 1806/6/12
f 1806/6/13 1805/5/13 1807/7/13
f 1806/6/13 1807/7/13 1808/8/13
f 1808/8/14 1807/7/14 1802/9/14
f 1808/8/14 1802/9/14 1801/10/14
f 1804/11/5 1806/6/5 1808/8/5
f 1804/11/5 1808/8/5 1801/12/5
f 1805/5/6 1803/13/6 1802/14/6
f 1805/5/6 1802/14/6 1807/7/6
f 1809/1/11 1810/2/11 1811/3/11
f 1809/1/11 1811/3/11 1812/4/11
f 1812/4/12 1811/3/12 1813/5/12
f 1812/4/12 1813/5/12 1814/6/12
f 1814/6/13 1813/5/13 1815/7/13
f 1814/6/13 1815/7/13 1816/8/13
f 1816/8/14 1815/7/14 1810/9/14
f 1816/8/14 1810/9/14 1809/10/14
f 1812/11/5 1814/6/5 1816/8/5
f 1812/11/5 1816/8/5 1809/12/5
f 1813/5/6 1811/13/6 1810/14/6
f 1813/5/6 1810/14/6 1815/7/6
f 1817/1/11 1818/2/11 1819/3/11
f 1817/1/11 1819/3/11 1820/4/11
f 1820/4/12 1819/3/12 1821/5/12
f 1820/4/12 1821/5/12 1822/6/12
f 1822/6/13 1821/5/13 1823/7/13
f 1822/6/13 1823/7/13 1824/8/13
f 1824/8/14 1823/7/14 1818/9/14
f 1824/8/14 1818/9/14 1817/10/14
f 1820/11/5 1822/6/5 1824/8/5
f 1820/11/5 1824/8/5 1817/12/5
f 1821/5/6 1819/13/6 1818/14/6
f 1821/5/6 1818/14/6 1823/7/6
f 1825/1/11 1826/2/11 1827/3/11
f 1825/1/11 1827/3/11 1828/4/11
f 1828/4/12 1827/3/12 1829/5/12
f 1828/4/12 1829/5/12 1830/6/12
f 1830/6/13 1829/5/13 1831/7/13
f 1830/6/13 1831/7/13 1832/8/13
f 1832/8/14 1831/7/14 1826/9/14
f 1832/8/14 1826/9/14 1825/10/14
f 1828/11/5 1830/6/5 1832/8/5
f 1828/11/5 1832/8/5 1825/12/5
f 1829/5/6 1827/13/6 1826/14/6
f 1829/5/6 1826/14/6 1831/7/6
f 1833/1/63 1834/2/63 1835/3/63
f 1833/1/63 1835/3/63 1836/4/63
f 1836/4/8 1835/3/8 1837/5/8
f 1836/4/8 1837/5/8 1838/6/8
f 1838/6/64 1837/5/64 1839/7/64
f 1838/6/64 1839/7/64 1840/8/64
f 1840/8/10 1839/7/10 1834/9/10
f 1840/8/10 1834/9/10 1833/10/10
f 1836/11/65 1838/6/65 1840/8/65
f 1836/11/65 1840/8/65 1833/12/65
f 1837/5/66 1835/13/66 1834/14/66
f 1837/5/66 1834/14/66 1839/7/66
f 1841/1/66 1842/2/66 1843/3/66
f 1841/1/66 1843/3/66 1844/4/66
f 1844/4/8 1843/3/8 1845/5/8
f 1844/4/8 1845/5/8 1846/6/8
f 1846/6/65 1845/5/65 1847/7/65
f 1846/6/65 1847/7/65 1848/8/65
f 1848/8/10 1847/7/10 1842/9/10
f 1848/8/10 1842/9/10 1841/10/10
f 1844/11/63 1846/6/63 1848/8/63
f 1844/11/63 1848/8/63 1841/12/63
f 1845/5/64 1843/13/64 1842/14/64
f 1845/5/64 1842/14/64 1847/7/64
f 1849/1/7 1850/2/7 1851/3/7
f 1849/1/7 1851/3/7 1852/4/7
f 1852/4/8 1851/3/8 1853/5/8
f 1852/4/8 1853/5/8 1854/6/8
f 1854/6/9 1853/5/9 1855/7/9
f 1854/6/9 1855/7/9 1856/8/9
f 1856/8/10 1855/7/10 1850/9/10
f 1856/8/10 1850/9/10 1849/10/10
f 1852/11/5 1854/6/5 1856/8/5
f 1852/11/5 1856/8/5 1849/12/5
f 1853/5/6 1851/13/6 1850/14/6
f 1853/5/6 1850/14/6 1855/7/6
f 1857/1/7 1858/2/7 1859/3/7
f 1857/1/7 1859/3/7 1860/4/7
f 1860/4/8 1859/3/8 1861/5/8
f 1860/4/8 1861/5/8 1862/6/8
f 1862/6/9 1861/5/9 1863/7/9
f 1862/6/9 1863/7/9 1864/8/9
f 1864/8/10 1863/7/10 1858/9/10
f 1864/8/10 1858/9/10 1857/10/10
f 1860/11/5 1862/6/5 1864/8/5
f 1860/11/5 1864/8/5 1857/12/5
f 1861/5/6 1859/13/6 1858/14/6
f 1861/5/6 1858/14/6 1863/7/6
f 1865/1/7 1866/2/7 1867/3/7
f 1865/1/7 1867/3/7 1868/4/7
f 1868/4/8 1867/3/8 1869/5/8
f 1868/4/8 1869/5/8 1870/6/8
f 1870/6/9 1869/5/9 1871/7/9
f 1870/6/9 1871/7/9 1872/8/9
f 1872/8/10 1871/7/10 1866/9/10
f 1872/8/10 1866/9/10 1865/10/10
f 1868/11/5 1870/6/5 1872/8/5
f 1868/11/5 1872/8/5 1865/12/5
f 1869/5/6 1867/13/6 1866/14/6
f 1869/5/6 1866/14/6 1871/7/6
f 1873/1/7 1874/2/7 1875/3/7
f 1873/1/7 1875/3/7 1876/4/7
f 1876/4/8 1875/3/8 1877/5/8
f 1876/4/8 1877/5/8 1878/6/8
f 1878/6/9 1877/5/9 1879/7/9
f 1878/6/9 1879/7/9 1880/8/9
f 1880/8/10 1879/7/10 1874/9/10
f 1880/8/10 1874/9/10 1873/10/10
f 1876/11/5 1878/6/5 1880/8/5
f 1876/11/5 1880/8/5 1873/12/5
f 1877/5/6 1875/13/6 1874/14/6
f 1877/5/6 1874/14/6 1879/7/6
f 1881/1/7 1882/2/7 1883/3/7
f 1881/1/7 1883/3/7 1884/4/7
f 1884/4/8 1883/3/8 1885/5/8
f 1884/4/8 1885/5/8 1886/6/8
f 1886/6/9 1885/5/9 1887/7/9
f 1886/6/9 1887/7/9 1888/8/9
f 1888/8/10 1887/7/10 1882/9/10
f 1888/8/10 1882/9/10 1881/10/10
f 1884/11/5 1886/6/5 1888/8/5
f 1884/11/5 1888/8/5 1881/12/5
f 1885/5/6 1883/13/6 1882/14/6
f 1885/5/6 1882/14/6 1887/7/6
f 1889/1/7 1890/2/7 1891/3/7
f 1889/1/7 1891/3/7 1892/4/7
f 1892/4/8 1891/3/8 1893/5/8
f 1892/4/8 1893/5/8 1894/6/8
f 1894/6/9 1893/5/9 1895/7/9
f 1894/6/9 1895/7/9 1896/8/9
f 1896/8/10 1895/7/10 1890/9/10
f 1896/8/10 1890/9/10 1889/10/10
f 1892/11/5 1894/6/5 1896/8/5
f 1892/11/5 1896/8/5 1889/12/5
f 1893/5/6 1891/13/6 1890/14/6
f 1893/5/6 1890/14/6 1895/7/6
f 1897/1/63 1898/2/63 1899/3/63
f 1897/1/63 1899/3/63 1900/4/63
f 1900/4/8 1899/3/8 1901/5/8
f 1900/4/8 1901/5/8 1902/6/8
f 1902/6/64 1901/5/64 1903/7/64
f 1902/6/64 1903/7/64 1904/8/64
f 1904/8/10 1903/7/10 1898/9/10
f 1904/8/10 1898/9/10 1897/10/10
f 1900/11/65 1902/6/65 1904/8/65
f 1900/11/65 1904/8/65 1897/12/65
f 1901/5/66 1899/13/66 1898/14/66
f 1901/5/66 1898/14/66 1903/7/66
f 1905/1/66 1906/2/66 1907/3/66
f 1905/1/66 1907/3/66 1908/4/66
f 1908/4/8 1907/3/8 1909/5/8
f 1908/4/8 1909/5/8 1910/6/8
f 1910/6/65 1909/5/65 1911/7/65
f 1910/6/65 1911/7/65 1912/8/65
f 1912/8/10 1911/7/10 1906/9/10
f 1912/8/10 1906/9/10 1905/10/10
f 1908/11/63 1910/6/63 1912/8/63
f 1908/11/63 1912/8/63 1905/12/63
f 1909/5/64 1907/13/64 1906/14/64
f 1909/5/64 1906/14/64 1911/7/64
f 1913/1/7 1914/2/7 1915/3/7
f 1913/1/7 1915/3/7 1916/4/7
f 1916/4/8 1915/3/8 1917/5/8
f 1916/4/8 1917/5/8 1918/6/8
f 1918/6/9 1917/5/9 1919/7/9
f 1918/6/9 1919/7/9 1920/8/9
f 1920/8/10 1919/7/10 1914/9/10
f 1920/8/10 1914/9/10 1913/10/10
f 1916/11/5 1918/6/5 1920/8/5
f 1916/11/5 1920/8/5 1913/12/5
f 1917/5/6 1915/13/6 1914/14/6
f 1917/5/6 1914/14/6 1919/7/6
f 1921/1/7 1922/2/7 1923/3/7
f 1921/1/7 1923/3/7 1924/4/7
f 1924/4/8 1923/3/8 1925/5/8
f 1924/4/8 1925/5/8 1926/6/8
f 1926/6/9 1925/5/9 1927/7/9
f 1926/6/9 1927/7/9 1928/8/9
f 1928/8/10 1927/7/10 1922/9/10
f 1928/8/10 1922/9/10 1921/10/10
f 1924/11/5 1926/6/5 1928/8/5
f 1924/11/5 1928/8/5 1921/12/5
f 1925/5/6 1923/13/6 1922/14/6
f 1925/5/6 1922/14/6 1927/7/6
f 1929/1/7 1930/2/7 1931/3/7
f 1929/1/7 1931/3/7 1932/4/7
f 1932/4/8 1931/3/8 1933/5/8
f 1932/4/8 1933/5/8 1934/6/8
f 1934/6/9 1933/5/9 1935/7/9
f 1934/6/9 1935/7/9 1936/8/9
f 1936/8/10 1935/7/10 1930/9/10
f 1936/8/10 1930/9/10 1929/10/10
f 1932/11/5 1934/6/5 1936/8/5
f 1932/11/5 1936/8/5 1929/12/5
f 1933/5/6 1931/13/6 1930/14/6
f 1933/5/6 1930/14/6 1935/7/6
f 1937/1/7 1938/2/7 1939/3/7
f 1937/1/7 1939/3/7 1940/4/7
f 1940/4/8 1939/3/8 1941/5/8
f 1940/4/8 1941/5/8 1942/6/8
f 1942/6/9 1941/5/9 1943/7/9
f 1942/6/9 1943/7/9 1944/8/9
f 1944/8/10 1943/7/10 1938/9/10
f 1944/8/10 1938/9/10 1937/10/10
f 1940/11/5 1942/6/5 1944/8/5
f 1940/11/5 1944/8/5 1937/12/5
f 1941/5/6 1939/13/6 1938/14/6
f 1941/5/6 1938/14/6 1943/7/6
f 1945/1/7 1946/2/7 1947/3/7
f 1945/1/7 1947/3/7 1948/4/7
f 1948/4/8 1947/3/8 1949/5/8
f 1948/4/8 1949/5/8 1950/6/8
f 1950/6/9 1949/5/9 1951/7/9
f 1950/6/9 1951/7/9 1952/8/9
f 1952/8/10 1951/7/10 1946/9/10
f 1952/8/10 1946/9/10 1945/10/10
f 1948/11/5 1950/6/5 1952/8/5
f 1948/11/5 1952/8/5 1945/12/5
f 1949/5/6 1947/13/6 1946/14/6
f 1949/5/6 1946/14/6 1951/7/6
f 1953/1/7 1954/2/7 1955/3/7
f 1953/1/7 1955/3/7 1956/4/7
f 1956/4/8 1955/3/8 1957/5/8
f 1956/4/8 1957/5/8 1958/6/8
f 1958/6/9 1957/5/9 1959/7/9
f 1958/6/9 1959/7/9 1960/8/9
f 1960/8/10 1959/7/10 1954/9/10
f 1960/8/10 1954/9/10 1953/10/10
f 1956/11/5 1958/6/5 1960/8/5
f 1956/11/5 1960/8/5 1953/12/5
f 1957/5/6 1955/13/6 1954/14/6
f 1957/5/6 1954/14/6 1959/7/6
f 1961/1/63 1962/2/63 1963/3/63
f 1961/1/63 1963/3/63 1964/4/63
f 1964/4/8 1963/3/8 1965/5/8
f 1964/4/8 1965/5/8 1966/6/8
f 1966/6/64 1965/5/64 1967/7/64
f 1966/6/64 1967/7/64 1968/8/64
f 1968/8/10 1967/7/10 1962/9/10
f 1968/8/10 1962/9/10 1961/10/10
f 1964/11/65 1966/6/65 1968/8/65
f 1964/11/65 1968/8/65 1961/12/65
f 1965/5/66 1963/13/66 1962/14/66
f 1965/5/66 1962/14/66 1967/7/66
f 1969/1/66 1970/2/66 1971/3/66
f 1969/1/66 1971/3/66 1972/4/66
f 1972/4/8 1971/3/8 1973/5/8
f 1972/4/8 1973/5/8 1974/6/8
f 1974/6/65 1973/5/65 1975/7/65
f 1974/6/65 1975/7/65 1976/8/65
f 1976/8/10 1975/7/10 1970/9/10
f 1976/8/10 1970/9/10 1969/10/10
f 1972/11/63 1974/6/63 1976/8/63
f 1972/11/63 1976/8/63 1969/12/63
f 1973/5/64 1971/13/64 1970/14/64
f 1973/5/64 1970/14/64 1975/7/64
f 1977/1/7 1978/2/7 1979/3/7
f 1977/1/7 1979/3/7 1980/4/7
f 1980/4/8 1979/3/8 1981/5/8
f 1980/4/8 1981/5/8 1982/6/8
f 1982/6/9 1981/5/9 1983/7/9
f 1982/6/9 1983/7/9 1984/8/9
f 1984/8/10 1983/7/10 1978/9/10
f 1984/8/10 1978/9/10 1977/10/10
f 1980/11/5 1982/6/5 1984/8/5
f 1980/11/5 1984/8/5 1977/12/5
f 1981/5/6 1979/13/6 1978/14/6
f 1981/5/6 1978/14/6 1983/7/6
f 1985/1/7 1986/2/7 1987/3/7
f 1985/1/7 1987/3/7 1988/4/7
f 1988/4/8 1987/3/8 1989/5/8
f 1988/4/8 1989/5/8 1990/6/8
f 1990/6/9 1989/5/9 1991/7/9
f 1990/6/9 1991/7/9 1992/8/9
f 1992/8/10 1991/7/10 1986/9/10
f 1992/8/10 1986/9/10 1985/10/10
f 1988/11/5 1990/6/5 1992/8/5
f 1988/11/5 1992/8/5 1985/12/5
f 1989/5/6 1987/13/6 1986/14/6
f 1989/5/6 1986/14/6 1991/7/6
f 1993/1/7 1994/2/7 1995/3/7
f 1993/1/7 1995/3/7 1996/4/7
f 1996/4/8 1995/3/8 1997/5/8
f 1996/4/8 1997/5/8 1998/6/8
f 1998/6/9 1997/5/9 1999/7/9
f 1998/6/9 1999/7/9 2000/8/9
f 2000/8/10 1999/7/10 1994/9/10
f 2000/8/10 1994/9/10 1993/10/10
f 1996/11/5 1998/6/5 2000/8/5
f 1996/11/5 2000/8/5 1993/12/5
f 1997/5/6 1995/13/6 1994/14/6
f 1997/5/6 1994/14/6 1999/7/6
f 2001/1/7 2002/2/7 2003/3/7
f 2001/1/7 2003/3/7 2004/4/7
f 2004/4/8 2003/3/8 2005/5/8
f 2004/4/8 2005/5/8 2006/6/8
f 2006/6/9 2005/5/9 2007/7/9
f 2006/6/9 2007/7/9 2008/8/9
f 2008/8/10 2007/7/10 2002/9/10
f 2008/8/10 2002/9/10 2001/10/10
f 2004/11/5 2006/6/5 2008/8/5
f 2004/11/5 2008/8/5 2001/12/5
f 2005/5/6 2003/13/6 2002/14/6
f 2005/5/6 2002/14/6 2007/7/6
f 2009/1/7 2010/2/7 2011/3/7
f 2009/1/7 2011/3/7 2012/4/7
f 2012/4/8 2011/3/8 2013/5/8
f 2012/4/8 2013/5/8 2014/6/8
f 2014/6/9 2013/5/9 2015/7/9
f 2014/6/9 2015/7/9 2016/8/9
f 2016/8/10 2015/7/10 2010/9/10
f 2016/8/10 2010/9/10 2009/10/10
f 2012/11/5 2014/6/5 2016/8/5
f 2012/11/5 2016/8/5 2009/12/5
f 2013/5/6 2011/13/6 2010/14/6
f 2013/5/6 2010/14/6 2015/7/6
f 2017/1/7 2018/2/7 2019/3/7
f 2017/1/7 2019/3/7 2020/4/7
f 2020/4/8 2019/3/8 2021/5/8
f 2020/4/8 2021/5/8 2022/6/8
f 2022/6/9 2021/5/9 2023/7/9
f 2022/6/9 2023/7/9 2024/8/9
f 2024/8/10 2023/7/10 2018/9/10
f 2024/8/10 2018/9/10 2017/10/10
f 2020/11/5 2022/6/5 2024/8/5
f 2020/11/5 2024/8/5 2017/12/5
f 2021/5/6 2019/13/6 2018/14/6
f 2021/5/6 2018/14/6 2023/7/6
