# Generated from the accepted BlenderMCP scene.
v -11.075 -20.075 0
v -11.075 -20.075 2.2
v -11.075 -19.925 2.2
v -11.075 -19.925 0
v -10.925 -19.925 2.2
v -10.925 -19.925 0
v -10.925 -20.075 2.2
v -10.925 -20.075 0
v -7.075 -20.075 0
v -7.075 -20.075 2.2
v -7.075 -19.925 2.2
v -7.075 -19.925 0
v -6.925 -19.925 2.2
v -6.925 -19.925 0
v -6.925 -20.075 2.2
v -6.925 -20.075 0
v -10.97538 -21.58003 0
v -10.97538 -21.58003 1.6
v -11.02462 -21.57135 1.6
v -11.02462 -21.57135 0
v -10.74678 -19.99566 1.6
v -10.74678 -19.99566 0
v -10.69754 -20.00434 1.6
v -10.69754 -20.00434 0
v -7.302457 -20.00434 0
v -7.302457 -20.00434 1.6
v -7.253217 -19.99566 1.6
v -7.253217 -19.99566 0
v -6.975379 -21.57135 1.6
v -6.975379 -21.57135 0
v -7.02462 -21.58003 1.6
v -7.02462 -21.58003 0
v -1.108252 -11.46232 0
v -1.108252 -11.46232 2.9
v -1.223874 -11.43021 2.9
v -1.223874 -11.43021 0
v -1.191757 -11.31458 2.9
v -1.191757 -11.31458 0
v -1.076135 -11.3467 2.9
v -1.076135 -11.3467 0
v -0.0697936 -7.723874 0
v -0.0697936 -7.723874 2.9
v -0.1854157 -7.691757 2.9
v -0.1854157 -7.691757 0
v -0.1532985 -7.576135 2.9
v -0.1532985 -7.576135 0
v -0.03767633 -7.608252 2.9
v -0.03767633 -7.608252 0
v -4.846702 -10.42387 0
v -4.846702 -10.42387 2.9
v -4.962324 -10.39175 2.9
v -4.962324 -10.39175 0
v -4.930206 -10.27613 2.9
v -4.930206 -10.27613 0
v -4.814584 -10.30824 2.9
v -4.814584 -10.30824 0
v -3.808243 -6.685416 0
v -3.808243 -6.685416 2.9
v -3.923865 -6.653298 2.9
v -3.923865 -6.653298 0
v -3.891748 -6.537676 2.9
v -3.891748 -6.537676 0
v -3.776126 -6.569794 2.9
v -3.776126 -6.569794 0
v -1.108252 -11.46232 2.9
v -1.108252 -11.46232 3
v -4.962324 -10.39175 3
v -3.891748 -6.537676 3
v -3.891748 -6.537676 2.9
v -0.03767651 -7.608252 3
v -0.03767651 -7.608252 2.9
v -1.108252 -11.46232 0.07999992
v -1.108252 -11.46232 2.98
v -4.962324 -10.39175 2.98
v -4.962324 -10.39175 0.07999992
v -4.940912 -10.31467 2.98
v -4.940912 -10.31467 0.07999992
v -1.08684 -11.38524 2.98
v -1.08684 -11.38524 0.07999992
v -1.472247 -11.27818 0.07999998
v -1.472247 -11.27818 0.98
v -4.555505 -10.42172 0.98
v -4.555505 -10.42172 0.07999998
v -4.394918 -9.843614 0.98
v -4.394918 -9.843614 0.07999998
v -1.311661 -10.70007 0.98
v -1.311661 -10.70007 0.07999998
v -8.65 1.462 0.72
v -8.65 1.462 0.756
v -8.553586 1.44673 0.756
v -8.553586 1.44673 0.72
v -8.466611 1.402413 0.756
v -8.466611 1.402413 0.72
v -8.397586 1.333389 0.756
v -8.397586 1.333389 0.72
v -8.35327 1.246413 0.756
v -8.35327 1.246413 0.72
v -8.337999 1.15 0.756
v -8.337999 1.15 0.72
v -8.35327 1.053587 0.756
v -8.35327 1.053587 0.72
v -8.397586 0.966611 0.756
v -8.397586 0.966611 0.72
v -8.466611 0.8975867 0.756
v -8.466611 0.8975867 0.72
v -8.553586 0.8532703 0.756
v -8.553586 0.8532703 0.72
v -8.65 0.8379999 0.756
v -8.65 0.8379999 0.72
v -8.746413 0.8532703 0.756
v -8.746413 0.8532703 0.72
v -8.833388 0.8975867 0.756
v -8.833388 0.8975867 0.72
v -8.902413 0.966611 0.756
v -8.902413 0.966611 0.72
v -8.94673 1.053587 0.756
v -8.94673 1.053587 0.72
v -8.962 1.15 0.756
v -8.962 1.15 0.72
v -8.94673 1.246413 0.756
v -8.94673 1.246413 0.72
v -8.902413 1.333389 0.756
v -8.902413 1.333389 0.72
v -8.833388 1.402413 0.756
v -8.833388 1.402413 0.72
v -8.746413 1.44673 0.756
v -8.746413 1.44673 0.72
v -8.65 1.462 0.144
v -8.65 1.462 0.18
v -8.553586 1.44673 0.18
v -8.553586 1.44673 0.144
v -8.466611 1.402413 0.18
v -8.466611 1.402413 0.144
v -8.397586 1.333389 0.18
v -8.397586 1.333389 0.144
v -8.35327 1.246413 0.18
v -8.35327 1.246413 0.144
v -8.337999 1.15 0.18
v -8.337999 1.15 0.144
v -8.35327 1.053587 0.18
v -8.35327 1.053587 0.144
v -8.397586 0.966611 0.18
v -8.397586 0.966611 0.144
v -8.466611 0.8975867 0.18
v -8.466611 0.8975867 0.144
v -8.553586 0.8532703 0.18
v -8.553586 0.8532703 0.144
v -8.65 0.8379999 0.18
v -8.65 0.8379999 0.144
v -8.746413 0.8532703 0.18
v -8.746413 0.8532703 0.144
v -8.833388 0.8975867 0.18
v -8.833388 0.8975867 0.144
v -8.902413 0.966611 0.18
v -8.902413 0.966611 0.144
v -8.94673 1.053587 0.18
v -8.94673 1.053587 0.144
v -8.962 1.15 0.18
v -8.962 1.15 0.144
v -8.94673 1.246413 0.18
v -8.94673 1.246413 0.144
v -8.902413 1.333389 0.18
v -8.902413 1.333389 0.144
v -8.833388 1.402413 0.18
v -8.833388 1.402413 0.144
v -8.746413 1.44673 0.18
v -8.746413 1.44673 0.144
v 7.5 -8.875 0
v 7.5 -8.875 1
v 7.538627 -8.881118 1
v 7.538627 -8.881118 0
v 7.573473 -8.898873 1
v 7.573473 -8.898873 0
v 7.601127 -8.926527 1
v 7.601127 -8.926527 0
v 7.618882 -8.961373 1
v 7.618882 -8.961373 0
v 7.625 -9 1
v 7.625 -9 0
v 7.618882 -9.038627 1
v 7.618882 -9.038627 0
v 7.601127 -9.073473 1
v 7.601127 -9.073473 0
v 7.573473 -9.101127 1
v 7.573473 -9.101127 0
v 7.538627 -9.118882 1
v 7.538627 -9.118882 0
v 7.5 -9.125 1
v 7.5 -9.125 0
v 7.461373 -9.118882 1
v 7.461373 -9.118882 0
v 7.426527 -9.101127 1
v 7.426527 -9.101127 0
v 7.398873 -9.073473 1
v 7.398873 -9.073473 0
v 7.381118 -9.038627 1
v 7.381118 -9.038627 0
v 7.375 -9 1
v 7.375 -9 0
v 7.381118 -8.961373 1
v 7.381118 -8.961373 0
v 7.398873 -8.926527 1
v 7.398873 -8.926527 0
v 7.426527 -8.898873 1
v 7.426527 -8.898873 0
v 7.461373 -8.881118 1
v 7.461373 -8.881118 0
v 7.5 -8.87 0.7399999
v 7.5 -8.87 0.82
v 7.540172 -8.876363 0.82
v 7.540172 -8.876363 0.7399999
v 7.576412 -8.894828 0.82
v 7.576412 -8.894828 0.7399999
v 7.605172 -8.923588 0.82
v 7.605172 -8.923588 0.7399999
v 7.623637 -8.959827 0.82
v 7.623637 -8.959827 0.7399999
v 7.63 -9 0.82
v 7.63 -9 0.7399999
v 7.623637 -9.040173 0.82
v 7.623637 -9.040173 0.7399999
v 7.605172 -9.076412 0.82
v 7.605172 -9.076412 0.7399999
v 7.576412 -9.105172 0.82
v 7.576412 -9.105172 0.7399999
v 7.540172 -9.123637 0.82
v 7.540172 -9.123637 0.7399999
v 7.5 -9.13 0.82
v 7.5 -9.13 0.7399999
v 7.459828 -9.123637 0.82
v 7.459828 -9.123637 0.7399999
v 7.423588 -9.105172 0.82
v 7.423588 -9.105172 0.7399999
v 7.394828 -9.076412 0.82
v 7.394828 -9.076412 0.7399999
v 7.376363 -9.040173 0.82
v 7.376363 -9.040173 0.7399999
v 7.37 -9 0.82
v 7.37 -9 0.7399999
v 7.376363 -8.959827 0.82
v 7.376363 -8.959827 0.7399999
v 7.394828 -8.923588 0.82
v 7.394828 -8.923588 0.7399999
v 7.423588 -8.894828 0.82
v 7.423588 -8.894828 0.7399999
v 7.459828 -8.876363 0.82
v 7.459828 -8.876363 0.7399999
v 8.5 -8.875 0
v 8.5 -8.875 1
v 8.538627 -8.881118 1
v 8.538627 -8.881118 0
v 8.573473 -8.898873 1
v 8.573473 -8.898873 0
v 8.601127 -8.926527 1
v 8.601127 -8.926527 0
v 8.618882 -8.961373 1
v 8.618882 -8.961373 0
v 8.625 -9 1
v 8.625 -9 0
v 8.618882 -9.038627 1
v 8.618882 -9.038627 0
v 8.601127 -9.073473 1
v 8.601127 -9.073473 0
v 8.573473 -9.101127 1
v 8.573473 -9.101127 0
v 8.538627 -9.118882 1
v 8.538627 -9.118882 0
v 8.5 -9.125 1
v 8.5 -9.125 0
v 8.461373 -9.118882 1
v 8.461373 -9.118882 0
v 8.426527 -9.101127 1
v 8.426527 -9.101127 0
v 8.398873 -9.073473 1
v 8.398873 -9.073473 0
v 8.381118 -9.038627 1
v 8.381118 -9.038627 0
v 8.375 -9 1
v 8.375 -9 0
v 8.381118 -8.961373 1
v 8.381118 -8.961373 0
v 8.398873 -8.926527 1
v 8.398873 -8.926527 0
v 8.426527 -8.898873 1
v 8.426527 -8.898873 0
v 8.461373 -8.881118 1
v 8.461373 -8.881118 0
v 8.5 -8.87 0.7399999
v 8.5 -8.87 0.82
v 8.540173 -8.876363 0.82
v 8.540173 -8.876363 0.7399999
v 8.576412 -8.894828 0.82
v 8.576412 -8.894828 0.7399999
v 8.605172 -8.923588 0.82
v 8.605172 -8.923588 0.7399999
v 8.623637 -8.959827 0.82
v 8.623637 -8.959827 0.7399999
v 8.63 -9 0.82
v 8.63 -9 0.7399999
v 8.623637 -9.040173 0.82
v 8.623637 -9.040173 0.7399999
v 8.605172 -9.076412 0.82
v 8.605172 -9.076412 0.7399999
v 8.576412 -9.105172 0.82
v 8.576412 -9.105172 0.7399999
v 8.540173 -9.123637 0.82
v 8.540173 -9.123637 0.7399999
v 8.5 -9.13 0.82
v 8.5 -9.13 0.7399999
v 8.459827 -9.123637 0.82
v 8.459827 -9.123637 0.7399999
v 8.423588 -9.105172 0.82
v 8.423588 -9.105172 0.7399999
v 8.394828 -9.076412 0.82
v 8.394828 -9.076412 0.7399999
v 8.376363 -9.040173 0.82
v 8.376363 -9.040173 0.7399999
v 8.37 -9 0.82
v 8.37 -9 0.7399999
v 8.376363 -8.959827 0.82
v 8.376363 -8.959827 0.7399999
v 8.394828 -8.923588 0.82
v 8.394828 -8.923588 0.7399999
v 8.423588 -8.894828 0.82
v 8.423588 -8.894828 0.7399999
v 8.459827 -8.876363 0.82
v 8.459827 -8.876363 0.7399999
v 9.5 -8.875 0
v 9.5 -8.875 1
v 9.538627 -8.881118 1
v 9.538627 -8.881118 0
v 9.573473 -8.898873 1
v 9.573473 -8.898873 0
v 9.601127 -8.926527 1
v 9.601127 -8.926527 0
v 9.618882 -8.961373 1
v 9.618882 -8.961373 0
v 9.625 -9 1
v 9.625 -9 0
v 9.618882 -9.038627 1
v 9.618882 -9.038627 0
v 9.601127 -9.073473 1
v 9.601127 -9.073473 0
v 9.573473 -9.101127 1
v 9.573473 -9.101127 0
v 9.538627 -9.118882 1
v 9.538627 -9.118882 0
v 9.5 -9.125 1
v 9.5 -9.125 0
v 9.461373 -9.118882 1
v 9.461373 -9.118882 0
v 9.426527 -9.101127 1
v 9.426527 -9.101127 0
v 9.398873 -9.073473 1
v 9.398873 -9.073473 0
v 9.381118 -9.038627 1
v 9.381118 -9.038627 0
v 9.375 -9 1
v 9.375 -9 0
v 9.381118 -8.961373 1
v 9.381118 -8.961373 0
v 9.398873 -8.926527 1
v 9.398873 -8.926527 0
v 9.426527 -8.898873 1
v 9.426527 -8.898873 0
v 9.461373 -8.881118 1
v 9.461373 -8.881118 0
v 9.5 -8.87 0.7399999
v 9.5 -8.87 0.82
v 9.540173 -8.876363 0.82
v 9.540173 -8.876363 0.7399999
v 9.576412 -8.894828 0.82
v 9.576412 -8.894828 0.7399999
v 9.605172 -8.923588 0.82
v 9.605172 -8.923588 0.7399999
v 9.623637 -8.959827 0.82
v 9.623637 -8.959827 0.7399999
v 9.63 -9 0.82
v 9.63 -9 0.7399999
v 9.623637 -9.040173 0.82
v 9.623637 -9.040173 0.7399999
v 9.605172 -9.076412 0.82
v 9.605172 -9.076412 0.7399999
v 9.576412 -9.105172 0.82
v 9.576412 -9.105172 0.7399999
v 9.540173 -9.123637 0.82
v 9.540173 -9.123637 0.7399999
v 9.5 -9.13 0.82
v 9.5 -9.13 0.7399999
v 9.459827 -9.123637 0.82
v 9.459827 -9.123637 0.7399999
v 9.423588 -9.105172 0.82
v 9.423588 -9.105172 0.7399999
v 9.394828 -9.076412 0.82
v 9.394828 -9.076412 0.7399999
v 9.376363 -9.040173 0.82
v 9.376363 -9.040173 0.7399999
v 9.37 -9 0.82
v 9.37 -9 0.7399999
v 9.376363 -8.959827 0.82
v 9.376363 -8.959827 0.7399999
v 9.394828 -8.923588 0.82
v 9.394828 -8.923588 0.7399999
v 9.423588 -8.894828 0.82
v 9.423588 -8.894828 0.7399999
v 9.459827 -8.876363 0.82
v 9.459827 -8.876363 0.7399999
v 10.5 -8.875 0
v 10.5 -8.875 1
v 10.53863 -8.881118 1
v 10.53863 -8.881118 0
v 10.57347 -8.898873 1
v 10.57347 -8.898873 0
v 10.60113 -8.926527 1
v 10.60113 -8.926527 0
v 10.61888 -8.961373 1
v 10.61888 -8.961373 0
v 10.625 -9 1
v 10.625 -9 0
v 10.61888 -9.038627 1
v 10.61888 -9.038627 0
v 10.60113 -9.073473 1
v 10.60113 -9.073473 0
v 10.57347 -9.101127 1
v 10.57347 -9.101127 0
v 10.53863 -9.118882 1
v 10.53863 -9.118882 0
v 10.5 -9.125 1
v 10.5 -9.125 0
v 10.46137 -9.118882 1
v 10.46137 -9.118882 0
v 10.42653 -9.101127 1
v 10.42653 -9.101127 0
v 10.39887 -9.073473 1
v 10.39887 -9.073473 0
v 10.38112 -9.038627 1
v 10.38112 -9.038627 0
v 10.375 -9 1
v 10.375 -9 0
v 10.38112 -8.961373 1
v 10.38112 -8.961373 0
v 10.39887 -8.926527 1
v 10.39887 -8.926527 0
v 10.42653 -8.898873 1
v 10.42653 -8.898873 0
v 10.46137 -8.881118 1
v 10.46137 -8.881118 0
v 10.5 -8.87 0.7399999
v 10.5 -8.87 0.82
v 10.54017 -8.876363 0.82
v 10.54017 -8.876363 0.7399999
v 10.57641 -8.894828 0.82
v 10.57641 -8.894828 0.7399999
v 10.60517 -8.923588 0.82
v 10.60517 -8.923588 0.7399999
v 10.62364 -8.959827 0.82
v 10.62364 -8.959827 0.7399999
v 10.63 -9 0.82
v 10.63 -9 0.7399999
v 10.62364 -9.040173 0.82
v 10.62364 -9.040173 0.7399999
v 10.60517 -9.076412 0.82
v 10.60517 -9.076412 0.7399999
v 10.57641 -9.105172 0.82
v 10.57641 -9.105172 0.7399999
v 10.54017 -9.123637 0.82
v 10.54017 -9.123637 0.7399999
v 10.5 -9.13 0.82
v 10.5 -9.13 0.7399999
v 10.45983 -9.123637 0.82
v 10.45983 -9.123637 0.7399999
v 10.42359 -9.105172 0.82
v 10.42359 -9.105172 0.7399999
v 10.39483 -9.076412 0.82
v 10.39483 -9.076412 0.7399999
v 10.37636 -9.040173 0.82
v 10.37636 -9.040173 0.7399999
v 10.37 -9 0.82
v 10.37 -9 0.7399999
v 10.37636 -8.959827 0.82
v 10.37636 -8.959827 0.7399999
v 10.39483 -8.923588 0.82
v 10.39483 -8.923588 0.7399999
v 10.42359 -8.894828 0.82
v 10.42359 -8.894828 0.7399999
v 10.45983 -8.876363 0.82
v 10.45983 -8.876363 0.7399999
v 11.5 -8.875 0
v 11.5 -8.875 1
v 11.53863 -8.881118 1
v 11.53863 -8.881118 0
v 11.57347 -8.898873 1
v 11.57347 -8.898873 0
v 11.60113 -8.926527 1
v 11.60113 -8.926527 0
v 11.61888 -8.961373 1
v 11.61888 -8.961373 0
v 11.625 -9 1
v 11.625 -9 0
v 11.61888 -9.038627 1
v 11.61888 -9.038627 0
v 11.60113 -9.073473 1
v 11.60113 -9.073473 0
v 11.57347 -9.101127 1
v 11.57347 -9.101127 0
v 11.53863 -9.118882 1
v 11.53863 -9.118882 0
v 11.5 -9.125 1
v 11.5 -9.125 0
v 11.46137 -9.118882 1
v 11.46137 -9.118882 0
v 11.42653 -9.101127 1
v 11.42653 -9.101127 0
v 11.39887 -9.073473 1
v 11.39887 -9.073473 0
v 11.38112 -9.038627 1
v 11.38112 -9.038627 0
v 11.375 -9 1
v 11.375 -9 0
v 11.38112 -8.961373 1
v 11.38112 -8.961373 0
v 11.39887 -8.926527 1
v 11.39887 -8.926527 0
v 11.42653 -8.898873 1
v 11.42653 -8.898873 0
v 11.46137 -8.881118 1
v 11.46137 -8.881118 0
v 11.5 -8.87 0.7399999
v 11.5 -8.87 0.82
v 11.54017 -8.876363 0.82
v 11.54017 -8.876363 0.7399999
v 11.57641 -8.894828 0.82
v 11.57641 -8.894828 0.7399999
v 11.60517 -8.923588 0.82
v 11.60517 -8.923588 0.7399999
v 11.62364 -8.959827 0.82
v 11.62364 -8.959827 0.7399999
v 11.63 -9 0.82
v 11.63 -9 0.7399999
v 11.62364 -9.040173 0.82
v 11.62364 -9.040173 0.7399999
v 11.60517 -9.076412 0.82
v 11.60517 -9.076412 0.7399999
v 11.57641 -9.105172 0.82
v 11.57641 -9.105172 0.7399999
v 11.54017 -9.123637 0.82
v 11.54017 -9.123637 0.7399999
v 11.5 -9.13 0.82
v 11.5 -9.13 0.7399999
v 11.45983 -9.123637 0.82
v 11.45983 -9.123637 0.7399999
v 11.42359 -9.105172 0.82
v 11.42359 -9.105172 0.7399999
v 11.39483 -9.076412 0.82
v 11.39483 -9.076412 0.7399999
v 11.37636 -9.040173 0.82
v 11.37636 -9.040173 0.7399999
v 11.37 -9 0.82
v 11.37 -9 0.7399999
v 11.37636 -8.959827 0.82
v 11.37636 -8.959827 0.7399999
v 11.39483 -8.923588 0.82
v 11.39483 -8.923588 0.7399999
v 11.42359 -8.894828 0.82
v 11.42359 -8.894828 0.7399999
v 11.45983 -8.876363 0.82
v 11.45983 -8.876363 0.7399999
v 12.5 -8.875 0
v 12.5 -8.875 1
v 12.53863 -8.881118 1
v 12.53863 -8.881118 0
v 12.57347 -8.898873 1
v 12.57347 -8.898873 0
v 12.60113 -8.926527 1
v 12.60113 -8.926527 0
v 12.61888 -8.961373 1
v 12.61888 -8.961373 0
v 12.625 -9 1
v 12.625 -9 0
v 12.61888 -9.038627 1
v 12.61888 -9.038627 0
v 12.60113 -9.073473 1
v 12.60113 -9.073473 0
v 12.57347 -9.101127 1
v 12.57347 -9.101127 0
v 12.53863 -9.118882 1
v 12.53863 -9.118882 0
v 12.5 -9.125 1
v 12.5 -9.125 0
v 12.46137 -9.118882 1
v 12.46137 -9.118882 0
v 12.42653 -9.101127 1
v 12.42653 -9.101127 0
v 12.39887 -9.073473 1
v 12.39887 -9.073473 0
v 12.38112 -9.038627 1
v 12.38112 -9.038627 0
v 12.375 -9 1
v 12.375 -9 0
v 12.38112 -8.961373 1
v 12.38112 -8.961373 0
v 12.39887 -8.926527 1
v 12.39887 -8.926527 0
v 12.42653 -8.898873 1
v 12.42653 -8.898873 0
v 12.46137 -8.881118 1
v 12.46137 -8.881118 0
v 12.5 -8.87 0.7399999
v 12.5 -8.87 0.82
v 12.54017 -8.876363 0.82
v 12.54017 -8.876363 0.7399999
v 12.57641 -8.894828 0.82
v 12.57641 -8.894828 0.7399999
v 12.60517 -8.923588 0.82
v 12.60517 -8.923588 0.7399999
v 12.62364 -8.959827 0.82
v 12.62364 -8.959827 0.7399999
v 12.63 -9 0.82
v 12.63 -9 0.7399999
v 12.62364 -9.040173 0.82
v 12.62364 -9.040173 0.7399999
v 12.60517 -9.076412 0.82
v 12.60517 -9.076412 0.7399999
v 12.57641 -9.105172 0.82
v 12.57641 -9.105172 0.7399999
v 12.54017 -9.123637 0.82
v 12.54017 -9.123637 0.7399999
v 12.5 -9.13 0.82
v 12.5 -9.13 0.7399999
v 12.45983 -9.123637 0.82
v 12.45983 -9.123637 0.7399999
v 12.42359 -9.105172 0.82
v 12.42359 -9.105172 0.7399999
v 12.39483 -9.076412 0.82
v 12.39483 -9.076412 0.7399999
v 12.37636 -9.040173 0.82
v 12.37636 -9.040173 0.7399999
v 12.37 -9 0.82
v 12.37 -9 0.7399999
v 12.37636 -8.959827 0.82
v 12.37636 -8.959827 0.7399999
v 12.39483 -8.923588 0.82
v 12.39483 -8.923588 0.7399999
v 12.42359 -8.894828 0.82
v 12.42359 -8.894828 0.7399999
v 12.45983 -8.876363 0.82
v 12.45983 -8.876363 0.7399999
v -9.5 -19.94 0
v -9.5 -19.94 1
v -9.481459 -19.94294 1
v -9.481459 -19.94294 0
v -9.464733 -19.95146 1
v -9.464733 -19.95146 0
v -9.451459 -19.96473 1
v -9.451459 -19.96473 0
v -9.442937 -19.98146 1
v -9.442937 -19.98146 0
v -9.44 -20 1
v -9.44 -20 0
v -9.442937 -20.01854 1
v -9.442937 -20.01854 0
v -9.451459 -20.03527 1
v -9.451459 -20.03527 0
v -9.464733 -20.04854 1
v -9.464733 -20.04854 0
v -9.481459 -20.05706 1
v -9.481459 -20.05706 0
v -9.5 -20.06 1
v -9.5 -20.06 0
v -9.518541 -20.05706 1
v -9.518541 -20.05706 0
v -9.535267 -20.04854 1
v -9.535267 -20.04854 0
v -9.548541 -20.03527 1
v -9.548541 -20.03527 0
v -9.557063 -20.01854 1
v -9.557063 -20.01854 0
v -9.56 -20 1
v -9.56 -20 0
v -9.557063 -19.98146 1
v -9.557063 -19.98146 0
v -9.548541 -19.96473 1
v -9.548541 -19.96473 0
v -9.535267 -19.95146 1
v -9.535267 -19.95146 0
v -9.518541 -19.94294 1
v -9.518541 -19.94294 0
v -8.5 -19.94 0
v -8.5 -19.94 1
v -8.481459 -19.94294 1
v -8.481459 -19.94294 0
v -8.464733 -19.95146 1
v -8.464733 -19.95146 0
v -8.451459 -19.96473 1
v -8.451459 -19.96473 0
v -8.442937 -19.98146 1
v -8.442937 -19.98146 0
v -8.44 -20 1
v -8.44 -20 0
v -8.442937 -20.01854 1
v -8.442937 -20.01854 0
v -8.451459 -20.03527 1
v -8.451459 -20.03527 0
v -8.464733 -20.04854 1
v -8.464733 -20.04854 0
v -8.481459 -20.05706 1
v -8.481459 -20.05706 0
v -8.5 -20.06 1
v -8.5 -20.06 0
v -8.518541 -20.05706 1
v -8.518541 -20.05706 0
v -8.535267 -20.04854 1
v -8.535267 -20.04854 0
v -8.548541 -20.03527 1
v -8.548541 -20.03527 0
v -8.557063 -20.01854 1
v -8.557063 -20.01854 0
v -8.56 -20 1
v -8.56 -20 0
v -8.557063 -19.98146 1
v -8.557063 -19.98146 0
v -8.548541 -19.96473 1
v -8.548541 -19.96473 0
v -8.535267 -19.95146 1
v -8.535267 -19.95146 0
v -8.518541 -19.94294 1
v -8.518541 -19.94294 0
v -9.393934 -20.15 -0.106066
v -9.606066 -20.15 0.106066
v -9.606066 -19.85 0.106066
v -9.393934 -19.85 -0.106066
v -8.606066 -19.85 1.106066
v -8.393934 -19.85 0.893934
v -8.606066 -20.15 1.106066
v -8.393934 -20.15 0.893934
v -2.110311 -9.68945 0.9999999
v -2.110311 -9.68945 1.12
v -3.189451 -9.389689 1.12
v -3.189451 -9.389689 0.9999999
v -2.889689 -8.31055 1.12
v -2.889689 -8.31055 0.9999999
v -1.810549 -8.610311 1.12
v -1.810549 -8.610311 0.9999999
v -2.136004 -9.651177 1.095
v -2.136004 -9.651177 1.145
v -3.147698 -9.370152 1.145
v -3.147698 -9.370152 1.095
v -3.131639 -9.312341 1.145
v -3.131639 -9.312341 1.095
v -2.119946 -9.593367 1.145
v -2.119946 -9.593367 1.095
v -1.868361 -8.687659 1.095
v -1.868361 -8.687659 1.145
v -2.880054 -8.406633 1.145
v -2.880054 -8.406633 1.095
v -2.863996 -8.348823 1.145
v -2.863996 -8.348823 1.095
v -1.852302 -8.629848 1.145
v -1.852302 -8.629848 1.095
v -8.65 1.47136 0.201
v -8.65 1.47136 0.231
v -8.550694 1.455631 0.231
v -8.550694 1.455631 0.201
v -8.461109 1.409986 0.231
v -8.461109 1.409986 0.201
v -8.390014 1.338891 0.231
v -8.390014 1.338891 0.201
v -8.344368 1.249306 0.231
v -8.344368 1.249306 0.201
v -8.32864 1.15 0.231
v -8.32864 1.15 0.201
v -8.344368 1.050694 0.231
v -8.344368 1.050694 0.201
v -8.390014 0.9611093 0.231
v -8.390014 0.9611093 0.201
v -8.461109 0.8900142 0.231
v -8.461109 0.8900142 0.201
v -8.550694 0.8443684 0.231
v -8.550694 0.8443684 0.201
v -8.65 0.8286399 0.231
v -8.65 0.8286399 0.201
v -8.749306 0.8443684 0.231
v -8.749306 0.8443684 0.201
v -8.83889 0.8900142 0.231
v -8.83889 0.8900142 0.201
v -8.909986 0.9611093 0.231
v -8.909986 0.9611093 0.201
v -8.955631 1.050694 0.231
v -8.955631 1.050694 0.201
v -8.971359 1.15 0.231
v -8.971359 1.15 0.201
v -8.955631 1.249306 0.231
v -8.955631 1.249306 0.201
v -8.909986 1.338891 0.231
v -8.909986 1.338891 0.201
v -8.83889 1.409986 0.231
v -8.83889 1.409986 0.201
v -8.749306 1.455631 0.231
v -8.749306 1.455631 0.201
v -8.65 1.47136 0.435
v -8.65 1.47136 0.465
v -8.550694 1.455631 0.465
v -8.550694 1.455631 0.435
v -8.461109 1.409986 0.465
v -8.461109 1.409986 0.435
v -8.390014 1.338891 0.465
v -8.390014 1.338891 0.435
v -8.344368 1.249306 0.465
v -8.344368 1.249306 0.435
v -8.32864 1.15 0.465
v -8.32864 1.15 0.435
v -8.344368 1.050694 0.465
v -8.344368 1.050694 0.435
v -8.390014 0.9611093 0.465
v -8.390014 0.9611093 0.435
v -8.461109 0.8900142 0.465
v -8.461109 0.8900142 0.435
v -8.550694 0.8443684 0.465
v -8.550694 0.8443684 0.435
v -8.65 0.8286399 0.465
v -8.65 0.8286399 0.435
v -8.749306 0.8443684 0.465
v -8.749306 0.8443684 0.435
v -8.83889 0.8900142 0.465
v -8.83889 0.8900142 0.435
v -8.909986 0.9611093 0.465
v -8.909986 0.9611093 0.435
v -8.955631 1.050694 0.465
v -8.955631 1.050694 0.435
v -8.971359 1.15 0.465
v -8.971359 1.15 0.435
v -8.955631 1.249306 0.465
v -8.955631 1.249306 0.435
v -8.909986 1.338891 0.465
v -8.909986 1.338891 0.435
v -8.83889 1.409986 0.465
v -8.83889 1.409986 0.435
v -8.749306 1.455631 0.465
v -8.749306 1.455631 0.435
v -8.65 1.47136 0.669
v -8.65 1.47136 0.6989999
v -8.550694 1.455631 0.6989999
v -8.550694 1.455631 0.669
v -8.461109 1.409986 0.6989999
v -8.461109 1.409986 0.669
v -8.390014 1.338891 0.6989999
v -8.390014 1.338891 0.669
v -8.344368 1.249306 0.6989999
v -8.344368 1.249306 0.669
v -8.32864 1.15 0.6989999
v -8.32864 1.15 0.669
v -8.344368 1.050694 0.6989999
v -8.344368 1.050694 0.669
v -8.390014 0.9611093 0.6989999
v -8.390014 0.9611093 0.669
v -8.461109 0.8900142 0.6989999
v -8.461109 0.8900142 0.669
v -8.550694 0.8443684 0.6989999
v -8.550694 0.8443684 0.669
v -8.65 0.8286399 0.6989999
v -8.65 0.8286399 0.669
v -8.749306 0.8443684 0.6989999
v -8.749306 0.8443684 0.669
v -8.83889 0.8900142 0.6989999
v -8.83889 0.8900142 0.669
v -8.909986 0.9611093 0.6989999
v -8.909986 0.9611093 0.669
v -8.955631 1.050694 0.6989999
v -8.955631 1.050694 0.669
v -8.971359 1.15 0.6989999
v -8.971359 1.15 0.669
v -8.955631 1.249306 0.6989999
v -8.955631 1.249306 0.669
v -8.909986 1.338891 0.6989999
v -8.909986 1.338891 0.669
v -8.83889 1.409986 0.6989999
v -8.83889 1.409986 0.669
v -8.749306 1.455631 0.6989999
v -8.749306 1.455631 0.669
v -8.5252 1.195 0.897
v -8.5252 1.195 0.927
v -8.511294 1.192798 0.927
v -8.511294 1.192798 0.897
v -8.49875 1.186406 0.927
v -8.49875 1.186406 0.897
v -8.488794 1.17645 0.927
v -8.488794 1.17645 0.897
v -8.482403 1.163906 0.927
v -8.482403 1.163906 0.897
v -8.4802 1.15 0.927
v -8.4802 1.15 0.897
v -8.482403 1.136094 0.927
v -8.482403 1.136094 0.897
v -8.488794 1.12355 0.927
v -8.488794 1.12355 0.897
v -8.49875 1.113594 0.927
v -8.49875 1.113594 0.897
v -8.511294 1.107202 0.927
v -8.511294 1.107202 0.897
v -8.5252 1.105 0.927
v -8.5252 1.105 0.897
v -8.539105 1.107202 0.927
v -8.539105 1.107202 0.897
v -8.55165 1.113594 0.927
v -8.55165 1.113594 0.897
v -8.561605 1.12355 0.927
v -8.561605 1.12355 0.897
v -8.567997 1.136094 0.927
v -8.567997 1.136094 0.897
v -8.5702 1.15 0.927
v -8.5702 1.15 0.897
v -8.567997 1.163906 0.927
v -8.567997 1.163906 0.897
v -8.561605 1.17645 0.927
v -8.561605 1.17645 0.897
v -8.55165 1.186406 0.927
v -8.55165 1.186406 0.897
v -8.539105 1.192798 0.927
v -8.539105 1.192798 0.897
v -8.7592 1.26 0.8979999
v -8.7592 1.26 0.922
v -8.749311 1.258434 0.922
v -8.749311 1.258434 0.8979999
v -8.740391 1.253888 0.922
v -8.740391 1.253888 0.8979999
v -8.733312 1.246809 0.922
v -8.733312 1.246809 0.8979999
v -8.728766 1.237888 0.922
v -8.728766 1.237888 0.8979999
v -8.727201 1.228 0.922
v -8.727201 1.228 0.8979999
v -8.728766 1.218111 0.922
v -8.728766 1.218111 0.8979999
v -8.733312 1.209191 0.922
v -8.733312 1.209191 0.8979999
v -8.740391 1.202111 0.922
v -8.740391 1.202111 0.8979999
v -8.749311 1.197566 0.922
v -8.749311 1.197566 0.8979999
v -8.7592 1.196 0.922
v -8.7592 1.196 0.8979999
v -8.769089 1.197566 0.922
v -8.769089 1.197566 0.8979999
v -8.778009 1.202111 0.922
v -8.778009 1.202111 0.8979999
v -8.785089 1.209191 0.922
v -8.785089 1.209191 0.8979999
v -8.789634 1.218111 0.922
v -8.789634 1.218111 0.8979999
v -8.7912 1.228 0.922
v -8.7912 1.228 0.8979999
v -8.789634 1.237888 0.922
v -8.789634 1.237888 0.8979999
v -8.785089 1.246809 0.922
v -8.785089 1.246809 0.8979999
v -8.778009 1.253888 0.922
v -8.778009 1.253888 0.8979999
v -8.769089 1.258434 0.922
v -8.769089 1.258434 0.8979999
v 7.5 -8.8622 0.67
v 7.5 -8.8622 0.73
v 7.542583 -8.868944 0.73
v 7.542583 -8.868944 0.67
v 7.580997 -8.888517 0.73
v 7.580997 -8.888517 0.67
v 7.611483 -8.919003 0.73
v 7.611483 -8.919003 0.67
v 7.631056 -8.957417 0.73
v 7.631056 -8.957417 0.67
v 7.6378 -9 0.73
v 7.6378 -9 0.67
v 7.631056 -9.042583 0.73
v 7.631056 -9.042583 0.67
v 7.611483 -9.080997 0.73
v 7.611483 -9.080997 0.67
v 7.580997 -9.111483 0.73
v 7.580997 -9.111483 0.67
v 7.542583 -9.131056 0.73
v 7.542583 -9.131056 0.67
v 7.5 -9.1378 0.73
v 7.5 -9.1378 0.67
v 7.457417 -9.131056 0.73
v 7.457417 -9.131056 0.67
v 7.419003 -9.111483 0.73
v 7.419003 -9.111483 0.67
v 7.388517 -9.080997 0.73
v 7.388517 -9.080997 0.67
v 7.368944 -9.042583 0.73
v 7.368944 -9.042583 0.67
v 7.3622 -9 0.73
v 7.3622 -9 0.67
v 7.368944 -8.957417 0.73
v 7.368944 -8.957417 0.67
v 7.388517 -8.919003 0.73
v 7.388517 -8.919003 0.67
v 7.419003 -8.888517 0.73
v 7.419003 -8.888517 0.67
v 7.457417 -8.868944 0.73
v 7.457417 -8.868944 0.67
v 7.5 -8.8622 0.79
v 7.5 -8.8622 0.85
v 7.542583 -8.868944 0.85
v 7.542583 -8.868944 0.79
v 7.580997 -8.888517 0.85
v 7.580997 -8.888517 0.79
v 7.611483 -8.919003 0.85
v 7.611483 -8.919003 0.79
v 7.631056 -8.957417 0.85
v 7.631056 -8.957417 0.79
v 7.6378 -9 0.85
v 7.6378 -9 0.79
v 7.631056 -9.042583 0.85
v 7.631056 -9.042583 0.79
v 7.611483 -9.080997 0.85
v 7.611483 -9.080997 0.79
v 7.580997 -9.111483 0.85
v 7.580997 -9.111483 0.79
v 7.542583 -9.131056 0.85
v 7.542583 -9.131056 0.79
v 7.5 -9.1378 0.85
v 7.5 -9.1378 0.79
v 7.457417 -9.131056 0.85
v 7.457417 -9.131056 0.79
v 7.419003 -9.111483 0.85
v 7.419003 -9.111483 0.79
v 7.388517 -9.080997 0.85
v 7.388517 -9.080997 0.79
v 7.368944 -9.042583 0.85
v 7.368944 -9.042583 0.79
v 7.3622 -9 0.85
v 7.3622 -9 0.79
v 7.368944 -8.957417 0.85
v 7.368944 -8.957417 0.79
v 7.388517 -8.919003 0.85
v 7.388517 -8.919003 0.79
v 7.419003 -8.888517 0.85
v 7.419003 -8.888517 0.79
v 7.457417 -8.868944 0.85
v 7.457417 -8.868944 0.79
v 8.5 -8.8622 0.67
v 8.5 -8.8622 0.73
v 8.542583 -8.868944 0.73
v 8.542583 -8.868944 0.67
v 8.580997 -8.888517 0.73
v 8.580997 -8.888517 0.67
v 8.611483 -8.919003 0.73
v 8.611483 -8.919003 0.67
v 8.631056 -8.957417 0.73
v 8.631056 -8.957417 0.67
v 8.6378 -9 0.73
v 8.6378 -9 0.67
v 8.631056 -9.042583 0.73
v 8.631056 -9.042583 0.67
v 8.611483 -9.080997 0.73
v 8.611483 -9.080997 0.67
v 8.580997 -9.111483 0.73
v 8.580997 -9.111483 0.67
v 8.542583 -9.131056 0.73
v 8.542583 -9.131056 0.67
v 8.5 -9.1378 0.73
v 8.5 -9.1378 0.67
v 8.457417 -9.131056 0.73
v 8.457417 -9.131056 0.67
v 8.419003 -9.111483 0.73
v 8.419003 -9.111483 0.67
v 8.388517 -9.080997 0.73
v 8.388517 -9.080997 0.67
v 8.368944 -9.042583 0.73
v 8.368944 -9.042583 0.67
v 8.3622 -9 0.73
v 8.3622 -9 0.67
v 8.368944 -8.957417 0.73
v 8.368944 -8.957417 0.67
v 8.388517 -8.919003 0.73
v 8.388517 -8.919003 0.67
v 8.419003 -8.888517 0.73
v 8.419003 -8.888517 0.67
v 8.457417 -8.868944 0.73
v 8.457417 -8.868944 0.67
v 8.5 -8.8622 0.79
v 8.5 -8.8622 0.85
v 8.542583 -8.868944 0.85
v 8.542583 -8.868944 0.79
v 8.580997 -8.888517 0.85
v 8.580997 -8.888517 0.79
v 8.611483 -8.919003 0.85
v 8.611483 -8.919003 0.79
v 8.631056 -8.957417 0.85
v 8.631056 -8.957417 0.79
v 8.6378 -9 0.85
v 8.6378 -9 0.79
v 8.631056 -9.042583 0.85
v 8.631056 -9.042583 0.79
v 8.611483 -9.080997 0.85
v 8.611483 -9.080997 0.79
v 8.580997 -9.111483 0.85
v 8.580997 -9.111483 0.79
v 8.542583 -9.131056 0.85
v 8.542583 -9.131056 0.79
v 8.5 -9.1378 0.85
v 8.5 -9.1378 0.79
v 8.457417 -9.131056 0.85
v 8.457417 -9.131056 0.79
v 8.419003 -9.111483 0.85
v 8.419003 -9.111483 0.79
v 8.388517 -9.080997 0.85
v 8.388517 -9.080997 0.79
v 8.368944 -9.042583 0.85
v 8.368944 -9.042583 0.79
v 8.3622 -9 0.85
v 8.3622 -9 0.79
v 8.368944 -8.957417 0.85
v 8.368944 -8.957417 0.79
v 8.388517 -8.919003 0.85
v 8.388517 -8.919003 0.79
v 8.419003 -8.888517 0.85
v 8.419003 -8.888517 0.79
v 8.457417 -8.868944 0.85
v 8.457417 -8.868944 0.79
v 9.5 -8.8622 0.67
v 9.5 -8.8622 0.73
v 9.542583 -8.868944 0.73
v 9.542583 -8.868944 0.67
v 9.580997 -8.888517 0.73
v 9.580997 -8.888517 0.67
v 9.611483 -8.919003 0.73
v 9.611483 -8.919003 0.67
v 9.631056 -8.957417 0.73
v 9.631056 -8.957417 0.67
v 9.6378 -9 0.73
v 9.6378 -9 0.67
v 9.631056 -9.042583 0.73
v 9.631056 -9.042583 0.67
v 9.611483 -9.080997 0.73
v 9.611483 -9.080997 0.67
v 9.580997 -9.111483 0.73
v 9.580997 -9.111483 0.67
v 9.542583 -9.131056 0.73
v 9.542583 -9.131056 0.67
v 9.5 -9.1378 0.73
v 9.5 -9.1378 0.67
v 9.457417 -9.131056 0.73
v 9.457417 -9.131056 0.67
v 9.419003 -9.111483 0.73
v 9.419003 -9.111483 0.67
v 9.388517 -9.080997 0.73
v 9.388517 -9.080997 0.67
v 9.368944 -9.042583 0.73
v 9.368944 -9.042583 0.67
v 9.3622 -9 0.73
v 9.3622 -9 0.67
v 9.368944 -8.957417 0.73
v 9.368944 -8.957417 0.67
v 9.388517 -8.919003 0.73
v 9.388517 -8.919003 0.67
v 9.419003 -8.888517 0.73
v 9.419003 -8.888517 0.67
v 9.457417 -8.868944 0.73
v 9.457417 -8.868944 0.67
v 9.5 -8.8622 0.79
v 9.5 -8.8622 0.85
v 9.542583 -8.868944 0.85
v 9.542583 -8.868944 0.79
v 9.580997 -8.888517 0.85
v 9.580997 -8.888517 0.79
v 9.611483 -8.919003 0.85
v 9.611483 -8.919003 0.79
v 9.631056 -8.957417 0.85
v 9.631056 -8.957417 0.79
v 9.6378 -9 0.85
v 9.6378 -9 0.79
v 9.631056 -9.042583 0.85
v 9.631056 -9.042583 0.79
v 9.611483 -9.080997 0.85
v 9.611483 -9.080997 0.79
v 9.580997 -9.111483 0.85
v 9.580997 -9.111483 0.79
v 9.542583 -9.131056 0.85
v 9.542583 -9.131056 0.79
v 9.5 -9.1378 0.85
v 9.5 -9.1378 0.79
v 9.457417 -9.131056 0.85
v 9.457417 -9.131056 0.79
v 9.419003 -9.111483 0.85
v 9.419003 -9.111483 0.79
v 9.388517 -9.080997 0.85
v 9.388517 -9.080997 0.79
v 9.368944 -9.042583 0.85
v 9.368944 -9.042583 0.79
v 9.3622 -9 0.85
v 9.3622 -9 0.79
v 9.368944 -8.957417 0.85
v 9.368944 -8.957417 0.79
v 9.388517 -8.919003 0.85
v 9.388517 -8.919003 0.79
v 9.419003 -8.888517 0.85
v 9.419003 -8.888517 0.79
v 9.457417 -8.868944 0.85
v 9.457417 -8.868944 0.79
v 10.5 -8.8622 0.67
v 10.5 -8.8622 0.73
v 10.54258 -8.868944 0.73
v 10.54258 -8.868944 0.67
v 10.581 -8.888517 0.73
v 10.581 -8.888517 0.67
v 10.61148 -8.919003 0.73
v 10.61148 -8.919003 0.67
v 10.63106 -8.957417 0.73
v 10.63106 -8.957417 0.67
v 10.6378 -9 0.73
v 10.6378 -9 0.67
v 10.63106 -9.042583 0.73
v 10.63106 -9.042583 0.67
v 10.61148 -9.080997 0.73
v 10.61148 -9.080997 0.67
v 10.581 -9.111483 0.73
v 10.581 -9.111483 0.67
v 10.54258 -9.131056 0.73
v 10.54258 -9.131056 0.67
v 10.5 -9.1378 0.73
v 10.5 -9.1378 0.67
v 10.45742 -9.131056 0.73
v 10.45742 -9.131056 0.67
v 10.419 -9.111483 0.73
v 10.419 -9.111483 0.67
v 10.38852 -9.080997 0.73
v 10.38852 -9.080997 0.67
v 10.36894 -9.042583 0.73
v 10.36894 -9.042583 0.67
v 10.3622 -9 0.73
v 10.3622 -9 0.67
v 10.36894 -8.957417 0.73
v 10.36894 -8.957417 0.67
v 10.38852 -8.919003 0.73
v 10.38852 -8.919003 0.67
v 10.419 -8.888517 0.73
v 10.419 -8.888517 0.67
v 10.45742 -8.868944 0.73
v 10.45742 -8.868944 0.67
v 10.5 -8.8622 0.79
v 10.5 -8.8622 0.85
v 10.54258 -8.868944 0.85
v 10.54258 -8.868944 0.79
v 10.581 -8.888517 0.85
v 10.581 -8.888517 0.79
v 10.61148 -8.919003 0.85
v 10.61148 -8.919003 0.79
v 10.63106 -8.957417 0.85
v 10.63106 -8.957417 0.79
v 10.6378 -9 0.85
v 10.6378 -9 0.79
v 10.63106 -9.042583 0.85
v 10.63106 -9.042583 0.79
v 10.61148 -9.080997 0.85
v 10.61148 -9.080997 0.79
v 10.581 -9.111483 0.85
v 10.581 -9.111483 0.79
v 10.54258 -9.131056 0.85
v 10.54258 -9.131056 0.79
v 10.5 -9.1378 0.85
v 10.5 -9.1378 0.79
v 10.45742 -9.131056 0.85
v 10.45742 -9.131056 0.79
v 10.419 -9.111483 0.85
v 10.419 -9.111483 0.79
v 10.38852 -9.080997 0.85
v 10.38852 -9.080997 0.79
v 10.36894 -9.042583 0.85
v 10.36894 -9.042583 0.79
v 10.3622 -9 0.85
v 10.3622 -9 0.79
v 10.36894 -8.957417 0.85
v 10.36894 -8.957417 0.79
v 10.38852 -8.919003 0.85
v 10.38852 -8.919003 0.79
v 10.419 -8.888517 0.85
v 10.419 -8.888517 0.79
v 10.45742 -8.868944 0.85
v 10.45742 -8.868944 0.79
v 11.5 -8.8622 0.67
v 11.5 -8.8622 0.73
v 11.54258 -8.868944 0.73
v 11.54258 -8.868944 0.67
v 11.581 -8.888517 0.73
v 11.581 -8.888517 0.67
v 11.61148 -8.919003 0.73
v 11.61148 -8.919003 0.67
v 11.63106 -8.957417 0.73
v 11.63106 -8.957417 0.67
v 11.6378 -9 0.73
v 11.6378 -9 0.67
v 11.63106 -9.042583 0.73
v 11.63106 -9.042583 0.67
v 11.61148 -9.080997 0.73
v 11.61148 -9.080997 0.67
v 11.581 -9.111483 0.73
v 11.581 -9.111483 0.67
v 11.54258 -9.131056 0.73
v 11.54258 -9.131056 0.67
v 11.5 -9.1378 0.73
v 11.5 -9.1378 0.67
v 11.45742 -9.131056 0.73
v 11.45742 -9.131056 0.67
v 11.419 -9.111483 0.73
v 11.419 -9.111483 0.67
v 11.38852 -9.080997 0.73
v 11.38852 -9.080997 0.67
v 11.36894 -9.042583 0.73
v 11.36894 -9.042583 0.67
v 11.3622 -9 0.73
v 11.3622 -9 0.67
v 11.36894 -8.957417 0.73
v 11.36894 -8.957417 0.67
v 11.38852 -8.919003 0.73
v 11.38852 -8.919003 0.67
v 11.419 -8.888517 0.73
v 11.419 -8.888517 0.67
v 11.45742 -8.868944 0.73
v 11.45742 -8.868944 0.67
v 11.5 -8.8622 0.79
v 11.5 -8.8622 0.85
v 11.54258 -8.868944 0.85
v 11.54258 -8.868944 0.79
v 11.581 -8.888517 0.85
v 11.581 -8.888517 0.79
v 11.61148 -8.919003 0.85
v 11.61148 -8.919003 0.79
v 11.63106 -8.957417 0.85
v 11.63106 -8.957417 0.79
v 11.6378 -9 0.85
v 11.6378 -9 0.79
v 11.63106 -9.042583 0.85
v 11.63106 -9.042583 0.79
v 11.61148 -9.080997 0.85
v 11.61148 -9.080997 0.79
v 11.581 -9.111483 0.85
v 11.581 -9.111483 0.79
v 11.54258 -9.131056 0.85
v 11.54258 -9.131056 0.79
v 11.5 -9.1378 0.85
v 11.5 -9.1378 0.79
v 11.45742 -9.131056 0.85
v 11.45742 -9.131056 0.79
v 11.419 -9.111483 0.85
v 11.419 -9.111483 0.79
v 11.38852 -9.080997 0.85
v 11.38852 -9.080997 0.79
v 11.36894 -9.042583 0.85
v 11.36894 -9.042583 0.79
v 11.3622 -9 0.85
v 11.3622 -9 0.79
v 11.36894 -8.957417 0.85
v 11.36894 -8.957417 0.79
v 11.38852 -8.919003 0.85
v 11.38852 -8.919003 0.79
v 11.419 -8.888517 0.85
v 11.419 -8.888517 0.79
v 11.45742 -8.868944 0.85
v 11.45742 -8.868944 0.79
v 12.5 -8.8622 0.67
v 12.5 -8.8622 0.73
v 12.54258 -8.868944 0.73
v 12.54258 -8.868944 0.67
v 12.581 -8.888517 0.73
v 12.581 -8.888517 0.67
v 12.61148 -8.919003 0.73
v 12.61148 -8.919003 0.67
v 12.63106 -8.957417 0.73
v 12.63106 -8.957417 0.67
v 12.6378 -9 0.73
v 12.6378 -9 0.67
v 12.63106 -9.042583 0.73
v 12.63106 -9.042583 0.67
v 12.61148 -9.080997 0.73
v 12.61148 -9.080997 0.67
v 12.581 -9.111483 0.73
v 12.581 -9.111483 0.67
v 12.54258 -9.131056 0.73
v 12.54258 -9.131056 0.67
v 12.5 -9.1378 0.73
v 12.5 -9.1378 0.67
v 12.45742 -9.131056 0.73
v 12.45742 -9.131056 0.67
v 12.419 -9.111483 0.73
v 12.419 -9.111483 0.67
v 12.38852 -9.080997 0.73
v 12.38852 -9.080997 0.67
v 12.36894 -9.042583 0.73
v 12.36894 -9.042583 0.67
v 12.3622 -9 0.73
v 12.3622 -9 0.67
v 12.36894 -8.957417 0.73
v 12.36894 -8.957417 0.67
v 12.38852 -8.919003 0.73
v 12.38852 -8.919003 0.67
v 12.419 -8.888517 0.73
v 12.419 -8.888517 0.67
v 12.45742 -8.868944 0.73
v 12.45742 -8.868944 0.67
v 12.5 -8.8622 0.79
v 12.5 -8.8622 0.85
v 12.54258 -8.868944 0.85
v 12.54258 -8.868944 0.79
v 12.581 -8.888517 0.85
v 12.581 -8.888517 0.79
v 12.61148 -8.919003 0.85
v 12.61148 -8.919003 0.79
v 12.63106 -8.957417 0.85
v 12.63106 -8.957417 0.79
v 12.6378 -9 0.85
v 12.6378 -9 0.79
v 12.63106 -9.042583 0.85
v 12.63106 -9.042583 0.79
v 12.61148 -9.080997 0.85
v 12.61148 -9.080997 0.79
v 12.581 -9.111483 0.85
v 12.581 -9.111483 0.79
v 12.54258 -9.131056 0.85
v 12.54258 -9.131056 0.79
v 12.5 -9.1378 0.85
v 12.5 -9.1378 0.79
v 12.45742 -9.131056 0.85
v 12.45742 -9.131056 0.79
v 12.419 -9.111483 0.85
v 12.419 -9.111483 0.79
v 12.38852 -9.080997 0.85
v 12.38852 -9.080997 0.79
v 12.36894 -9.042583 0.85
v 12.36894 -9.042583 0.79
v 12.3622 -9 0.85
v 12.3622 -9 0.79
v 12.36894 -8.957417 0.85
v 12.36894 -8.957417 0.79
v 12.38852 -8.919003 0.85
v 12.38852 -8.919003 0.79
v 12.419 -8.888517 0.85
v 12.419 -8.888517 0.79
v 12.45742 -8.868944 0.85
v 12.45742 -8.868944 0.79
v -12.13199 1.435406 0.0035
v -12.13199 1.435406 0.0065
v -12.15347 1.553467 0.0065
v -12.15347 1.553467 0.0035
v -11.26801 1.714594 0.0065
v -11.26801 1.714594 0.0035
v -11.24653 1.596533 0.0065
v -11.24653 1.596533 0.0035
v -10.43199 2.285406 0.0035
v -10.43199 2.285406 0.0065
v -10.45347 2.403467 0.0065
v -10.45347 2.403467 0.0035
v -9.568012 2.564594 0.0065
v -9.568012 2.564594 0.0035
v -9.546529 2.446533 0.0065
v -9.546529 2.446533 0.0035
v -11.28199 2.285406 0.0035
v -11.28199 2.285406 0.0065
v -11.30347 2.403467 0.0065
v -11.30347 2.403467 0.0035
v -10.41801 2.564594 0.0065
v -10.41801 2.564594 0.0035
v -10.39653 2.446533 0.0065
v -10.39653 2.446533 0.0035
v -9.931988 1.010406 0.0035
v -9.931988 1.010406 0.0065
v -9.953471 1.128467 0.0065
v -9.953471 1.128467 0.0035
v -9.068012 1.289594 0.0065
v -9.068012 1.289594 0.0035
v -9.046529 1.171533 0.0065
v -9.046529 1.171533 0.0035
v -10.48982 0.8192992 0.003
v -10.48982 0.8192992 0.005
v -10.5857 0.9948158 0.005
v -10.5857 0.9948158 0.003
v -10.41018 1.090701 0.005
v -10.41018 1.090701 0.003
v -10.3143 0.9151843 0.005
v -10.3143 0.9151843 0.003
v -10.48982 1.669299 0.003
v -10.48982 1.669299 0.005
v -10.5857 1.844816 0.005
v -10.5857 1.844816 0.003
v -10.41018 1.940701 0.005
v -10.41018 1.940701 0.003
v -10.3143 1.765184 0.005
v -10.3143 1.765184 0.003
v -10.48982 1.244299 0.003
v -10.48982 1.244299 0.005
v -10.5857 1.419816 0.005
v -10.5857 1.419816 0.003
v -10.41018 1.515701 0.005
v -10.41018 1.515701 0.003
v -10.3143 1.340184 0.005
v -10.3143 1.340184 0.003
v -8.289816 0.3942991 0.003
v -8.289816 0.3942991 0.005
v -8.385701 0.5698157 0.005
v -8.385701 0.5698157 0.003
v -8.210184 0.6657008 0.005
v -8.210184 0.6657008 0.003
v -8.114299 0.4901843 0.005
v -8.114299 0.4901843 0.003
vt 0.375 0
vt 0.625 0
vt 0.625 0.25
vt 0.375 0.25
vt 0.625 0.5
vt 0.375 0.5
vt 0.625 0.75
vt 0.375 0.75
vt 0.625 1
vt 0.375 1
vt 0.125 0.5
vt 0.125 0.75
vt 0.875 0.5
vt 0.875 0.75
vt 1 0.5
vt 1 1
vt 0.95 1
vt 0.95 0.5
vt 0.9 1
vt 0.9 0.5
vt 0.85 1
vt 0.85 0.5
vt 0.8 1
vt 0.8 0.5
vt 0.7499999 1
vt 0.7499999 0.5
vt 0.6999999 1
vt 0.6999999 0.5
vt 0.6499999 1
vt 0.6499999 0.5
vt 0.5999999 1
vt 0.5999999 0.5
vt 0.5499999 1
vt 0.5499999 0.5
vt 0.4999999 1
vt 0.4999999 0.5
vt 0.4499999 1
vt 0.4499999 0.5
vt 0.3999999 1
vt 0.3999999 0.5
vt 0.3499998 1
vt 0.3499998 0.5
vt 0.2999998 1
vt 0.2999998 0.5
vt 0.2499998 1
vt 0.2499998 0.5
vt 0.1999998 1
vt 0.1999998 0.5
vt 0.1499998 1
vt 0.1499998 0.5
vt 0.09999985 1
vt 0.09999985 0.5
vt 0.3910685 0.4441641
vt 0.3241641 0.4782536
vt 0.25 0.49
vt 0.1758359 0.4782536
vt 0.1089316 0.4441641
vt 0.05583593 0.3910685
vt 0.02174643 0.3241641
vt 0.01000001 0.25
vt 0.02174643 0.1758359
vt 0.05583593 0.1089316
vt 0.1089316 0.05583593
vt 0.1758359 0.02174643
vt 0.25 0.01000001
vt 0.3241641 0.02174643
vt 0.3910685 0.05583593
vt 0.4441641 0.1089316
vt 0.4782536 0.1758359
vt 0.49 0.25
vt 0.4782536 0.3241641
vt 0.4441641 0.3910685
vt 0.04999984 1
vt 0.04999984 0.5
vt -1.564622e-07 1
vt -1.564622e-07 0.5
vt 0.6758359 0.4782536
vt 0.75 0.49
vt 0.8241641 0.4782536
vt 0.8910685 0.4441641
vt 0.944164 0.3910685
vt 0.9782536 0.3241641
vt 0.99 0.25
vt 0.9782536 0.1758359
vt 0.944164 0.1089316
vt 0.8910685 0.05583593
vt 0.8241641 0.02174643
vt 0.75 0.01000001
vt 0.6758359 0.02174643
vt 0.6089315 0.05583593
vt 0.555836 0.1089316
vt 0.5217464 0.1758359
vt 0.51 0.25
vt 0.5217464 0.3241641
vt 0.555836 0.3910685
vt 0.6089315 0.4441641
vt 0.3910685 0.4441641
vt 0.3241641 0.4782535
vt 0.1758359 0.4782535
vt 0.1089315 0.4441641
vt 0.05583592 0.3910685
vt 0.02174644 0.3241641
vt 0.02174644 0.1758359
vt 0.05583592 0.1089315
vt 0.1089315 0.05583592
vt 0.1758359 0.02174644
vt 0.3241641 0.02174644
vt 0.3910685 0.05583592
vt 0.4441641 0.1089315
vt 0.4782535 0.1758359
vt 0.4782535 0.3241641
vt 0.4441641 0.3910685
vt 0.6758359 0.4782535
vt 0.8241641 0.4782535
vt 0.8910685 0.4441641
vt 0.9441641 0.3910685
vt 0.9782535 0.3241641
vt 0.9782535 0.1758359
vt 0.9441641 0.1089315
vt 0.8910685 0.05583592
vt 0.8241641 0.02174644
vt 0.6758359 0.02174644
vt 0.6089315 0.05583592
vt 0.5558359 0.1089315
vt 0.5217465 0.1758359
vt 0.5217465 0.3241641
vt 0.5558359 0.3910685
vt 0.6089315 0.4441641
vt 0.1758359 0.4782536
vt 0.02174643 0.1758359
vt 0.1758359 0.02174643
vt 0.4782536 0.1758359
vt 0.9782536 0.1758359
vt 0.5217464 0.1758359
vn -1 0 0
vn 0 1 0
vn 1 0 0
vn 0 -1 0
vn 0 0 -1
vn 0 0 1
vn -0.1736482 -0.9848078 0
vn -0.9848078 0.1736482 0
vn 0.1736482 0.9848078 0
vn 0.9848078 -0.1736482 0
vn -0.1736482 0.9848078 0
vn 0.9848078 0.1736482 0
vn 0.1736482 -0.9848078 0
vn -0.9848078 -0.1736482 0
vn -0.2676438 -0.9635179 0
vn -0.9635179 0.2676438 0
vn 0.2676438 0.9635179 0
vn 0.9635179 -0.2676438 0
vn -0.2676438 -0.963518 0
vn 0.2676438 0.963518 0
vn 0.1564343 0.9876884 0
vn 0.4539908 0.8910064 0
vn 0.7071068 0.7071067 0
vn 0.8910064 0.4539908 0
vn 0.9876883 0.1564343 0
vn 0.9876883 -0.1564343 0
vn 0.8910064 -0.4539908 0
vn 0.7071068 -0.7071067 0
vn 0.4539908 -0.8910064 0
vn 0.1564343 -0.9876884 0
vn -0.1564343 -0.9876884 0
vn -0.4539908 -0.8910064 0
vn -0.7071068 -0.7071067 0
vn -0.8910064 -0.4539908 0
vn -0.9876883 -0.1564343 0
vn -0.9876883 0.1564343 0
vn -0.8910064 0.4539908 0
vn -0.7071068 0.7071067 0
vn 3.870067e-10 0 1
vn -0.4539908 0.8910064 0
vn -0.1564343 0.9876884 0
vn 1.935034e-09 0 -1
vn 0.1564344 0.9876884 0
vn 0.4539905 0.8910065 0
vn 0.7071068 0.7071068 0
vn 0.8910065 0.4539905 0
vn 0.9876884 0.1564344 0
vn 0.9876884 -0.1564344 0
vn 0.8910065 -0.4539905 0
vn 0.7071068 -0.7071068 0
vn 0.4539905 -0.8910065 0
vn 0.1564344 -0.9876884 0
vn -0.1564344 -0.9876884 0
vn -0.4539905 -0.8910065 0
vn -0.7071068 -0.7071068 0
vn -0.8910065 -0.4539905 0
vn -0.9876884 -0.1564344 0
vn -0.9876884 0.1564344 0
vn -0.8910065 0.4539905 0
vn -0.7071068 0.7071068 0
vn -1.543078e-07 0 1
vn -0.4539905 0.8910065 0
vn -0.1564344 0.9876884 0
vn 1.543078e-07 0 -1
vn 0.1564343 0.9876884 0
vn 0.4539905 0.8910065 0
vn 0.7071067 0.7071069 0
vn 0.8910065 0.4539905 0
vn 0.9876884 0.1564343 0
vn 0.9876884 -0.1564343 0
vn 0.8910065 -0.4539905 0
vn 0.7071067 -0.7071069 0
vn 0.4539905 -0.8910065 0
vn 0.1564343 -0.9876884 0
vn -0.1564343 -0.9876884 0
vn -0.4539905 -0.8910065 0
vn -0.7071067 -0.7071069 0
vn -0.8910065 -0.4539905 0
vn -0.9876884 -0.1564343 0
vn -0.9876884 0.1564343 0
vn -0.8910065 0.4539905 0
vn -0.7071067 0.7071069 0
vn -2.229159e-09 0 1
vn -0.4539905 0.8910065 0
vn -0.1564343 0.9876884 0
vn -3.343739e-09 0 -1
vn 0.1564345 0.9876884 0
vn 0.4539904 0.8910066 0
vn 0.8910066 0.4539904 0
vn 0.9876884 0.1564345 0
vn 0.9876884 -0.1564345 0
vn 0.8910066 -0.4539904 0
vn 0.4539904 -0.8910066 0
vn 0.1564345 -0.9876884 0
vn -0.1564345 -0.9876884 0
vn -0.4539904 -0.8910066 0
vn -0.8910066 -0.4539904 0
vn -0.9876884 -0.1564345 0
vn -0.9876884 0.1564345 0
vn -0.8910066 0.4539904 0
vn 3.348693e-07 0 1
vn -0.4539904 0.8910066 0
vn -0.1564345 0.9876884 0
vn -0.7071068 0 -0.7071068
vn 0.7071068 0 0.7071068
vn 0.7071068 0 -0.7071068
vn -0.7071068 0 0.7071068
vn 0.1564344 0.9876883 0
vn 0.4539906 0.8910065 0
vn 0.7071068 0.7071068 0
vn 0.8910065 0.4539905 0
vn 0.9876884 0.1564345 0
vn 0.9876884 -0.1564345 0
vn 0.8910065 -0.4539905 0
vn 0.7071068 -0.7071068 0
vn 0.4539906 -0.8910065 0
vn 0.1564344 -0.9876883 0
vn -0.1564344 -0.9876883 0
vn -0.4539906 -0.8910065 0
vn -0.7071068 -0.7071068 0
vn -0.8910065 -0.4539905 0
vn -0.9876884 -0.1564345 0
vn -0.9876884 0.1564345 0
vn -0.8910065 0.4539905 0
vn -0.7071068 0.7071068 0
vn 1.823954e-09 0 1
vn -0.4539906 0.8910065 0
vn -0.1564344 0.9876883 0
vn 1.276768e-09 0 -1
vn 0.1564343 0.9876884 0
vn 0.4539905 0.8910065 0
vn 0.7071067 0.7071068 0
vn 0.9876884 0.1564342 0
vn 0.9876884 -0.1564342 0
vn 0.7071067 -0.7071068 0
vn 0.4539905 -0.8910065 0
vn 0.1564343 -0.9876884 0
vn -0.1564343 -0.9876884 0
vn -0.4539905 -0.8910065 0
vn -0.7071067 -0.7071068 0
vn -0.9876884 -0.1564342 0
vn -0.9876884 0.1564342 0
vn -0.7071067 0.7071068 0
vn -6.976442e-09 0 1
vn -0.4539905 0.8910065 0
vn -0.1564343 0.9876884 0
vn -4.650961e-09 0 -1
vn 0.4539906 0.8910065 0
vn 0.8910065 0.4539907 0
vn 0.9876884 0.1564342 0
vn 0.9876884 -0.1564342 0
vn 0.8910065 -0.4539907 0
vn 0.4539906 -0.8910065 0
vn -0.4539906 -0.8910065 0
vn -0.8910065 -0.4539907 0
vn -0.9876884 -0.1564342 0
vn -0.9876884 0.1564342 0
vn -0.8910065 0.4539907 0
vn -1.149682e-08 0 1
vn -0.4539906 0.8910065 0
vn -1.149682e-08 0 -1
vn 0.1564344 0.9876884 0
vn 0.4539907 0.8910065 0
vn 0.8910064 0.4539907 0
vn 0.9876884 0.1564342 0
vn 0.9876884 -0.1564342 0
vn 0.8910064 -0.4539907 0
vn 0.4539907 -0.8910065 0
vn 0.1564344 -0.9876884 0
vn -0.1564344 -0.9876884 0
vn -0.4539907 -0.8910065 0
vn -0.8910064 -0.4539907 0
vn -0.9876884 -0.1564342 0
vn -0.9876884 0.1564342 0
vn -0.8910064 0.4539907 0
vn -2.97591e-09 0 1
vn -0.4539907 0.8910065 0
vn -0.1564344 0.9876884 0
vn -9.9197e-09 0 -1
vn -0.9838437 -0.1790296 0
vn -0.1790296 0.9838437 0
vn 0.9838437 0.1790296 0
vn 0.1790296 -0.9838437 0
vn -0.8775826 -0.4794255 0
vn -0.4794255 0.8775826 0
vn 0.8775826 0.4794255 0
vn 0.4794255 -0.8775826 0
f 1/1/1 2/2/1 3/3/1
f 1/1/1 3/3/1 4/4/1
f 4/4/2 3/3/2 5/5/2
f 4/4/2 5/5/2 6/6/2
f 6/6/3 5/5/3 7/7/3
f 6/6/3 7/7/3 8/8/3
f 8/8/4 7/7/4 2/9/4
f 8/8/4 2/9/4 1/10/4
f 4/11/5 6/6/5 8/8/5
f 4/11/5 8/8/5 1/12/5
f 5/5/6 3/13/6 2/14/6
f 5/5/6 2/14/6 7/7/6
f 9/1/1 10/2/1 11/3/1
f 9/1/1 11/3/1 12/4/1
f 12/4/2 11/3/2 13/5/2
f 12/4/2 13/5/2 14/6/2
f 14/6/3 13/5/3 15/7/3
f 14/6/3 15/7/3 16/8/3
f 16/8/4 15/7/4 10/9/4
f 16/8/4 10/9/4 9/10/4
f 12/11/5 14/6/5 16/8/5
f 12/11/5 16/8/5 9/12/5
f 13/5/6 11/13/6 10/14/6
f 13/5/6 10/14/6 15/7/6
f 17/1/7 18/2/7 19/3/7
f 17/1/7 19/3/7 20/4/7
f 20/4/8 19/3/8 21/5/8
f 20/4/8 21/5/8 22/6/8
f 22/6/9 21/5/9 23/7/9
f 22/6/9 23/7/9 24/8/9
f 24/8/10 23/7/10 18/9/10
f 24/8/10 18/9/10 17/10/10
f 20/11/5 22/6/5 24/8/5
f 20/11/5 24/8/5 17/12/5
f 21/5/6 19/13/6 18/14/6
f 21/5/6 18/14/6 23/7/6
f 25/1/11 26/2/11 27/3/11
f 25/1/11 27/3/11 28/4/11
f 28/4/12 27/3/12 29/5/12
f 28/4/12 29/5/12 30/6/12
f 30/6/13 29/5/13 31/7/13
f 30/6/13 31/7/13 32/8/13
f 32/8/14 31/7/14 26/9/14
f 32/8/14 26/9/14 25/10/14
f 28/11/5 30/6/5 32/8/5
f 28/11/5 32/8/5 25/12/5
f 29/5/6 27/13/6 26/14/6
f 29/5/6 26/14/6 31/7/6
f 33/1/15 34/2/15 35/3/15
f 33/1/15 35/3/15 36/4/15
f 36/4/16 35/3/16 37/5/16
f 36/4/16 37/5/16 38/6/16
f 38/6/17 37/5/17 39/7/17
f 38/6/17 39/7/17 40/8/17
f 40/8/18 39/7/18 34/9/18
f 40/8/18 34/9/18 33/10/18
f 36/11/5 38/6/5 40/8/5
f 36/11/5 40/8/5 33/12/5
f 37/5/6 35/13/6 34/14/6
f 37/5/6 34/14/6 39/7/6
f 41/1/15 42/2/15 43/3/15
f 41/1/15 43/3/15 44/4/15
f 44/4/16 43/3/16 45/5/16
f 44/4/16 45/5/16 46/6/16
f 46/6/17 45/5/17 47/7/17
f 46/6/17 47/7/17 48/8/17
f 48/8/18 47/7/18 42/9/18
f 48/8/18 42/9/18 41/10/18
f 44/11/5 46/6/5 48/8/5
f 44/11/5 48/8/5 41/12/5
f 45/5/6 43/13/6 42/14/6
f 45/5/6 42/14/6 47/7/6
f 49/1/15 50/2/15 51/3/15
f 49/1/15 51/3/15 52/4/15
f 52/4/16 51/3/16 53/5/16
f 52/4/16 53/5/16 54/6/16
f 54/6/17 53/5/17 55/7/17
f 54/6/17 55/7/17 56/8/17
f 56/8/18 55/7/18 50/9/18
f 56/8/18 50/9/18 49/10/18
f 52/11/5 54/6/5 56/8/5
f 52/11/5 56/8/5 49/12/5
f 53/5/6 51/13/6 50/14/6
f 53/5/6 50/14/6 55/7/6
f 57/1/15 58/2/15 59/3/15
f 57/1/15 59/3/15 60/4/15
f 60/4/16 59/3/16 61/5/16
f 60/4/16 61/5/16 62/6/16
f 62/6/17 61/5/17 63/7/17
f 62/6/17 63/7/17 64/8/17
f 64/8/18 63/7/18 58/9/18
f 64/8/18 58/9/18 57/10/18
f 60/11/5 62/6/5 64/8/5
f 60/11/5 64/8/5 57/12/5
f 61/5/6 59/13/6 58/14/6
f 61/5/6 58/14/6 63/7/6
f 65/1/15 66/2/15 67/3/15
f 65/1/15 67/3/15 51/4/15
f 51/4/16 67/3/16 68/5/16
f 51/4/16 68/5/16 69/6/16
f 69/6/17 68/5/17 70/7/17
f 69/6/17 70/7/17 71/8/17
f 71/8/18 70/7/18 66/9/18
f 71/8/18 66/9/18 65/10/18
f 51/11/5 69/6/5 71/8/5
f 51/11/5 71/8/5 65/12/5
f 68/5/6 67/13/6 66/14/6
f 68/5/6 66/14/6 70/7/6
f 72/1/19 73/2/19 74/3/19
f 72/1/19 74/3/19 75/4/19
f 75/4/16 74/3/16 76/5/16
f 75/4/16 76/5/16 77/6/16
f 77/6/20 76/5/20 78/7/20
f 77/6/20 78/7/20 79/8/20
f 79/8/18 78/7/18 73/9/18
f 79/8/18 73/9/18 72/10/18
f 75/11/5 77/6/5 79/8/5
f 75/11/5 79/8/5 72/12/5
f 76/5/6 74/13/6 73/14/6
f 76/5/6 73/14/6 78/7/6
f 80/1/15 81/2/15 82/3/15
f 80/1/15 82/3/15 83/4/15
f 83/4/16 82/3/16 84/5/16
f 83/4/16 84/5/16 85/6/16
f 85/6/17 84/5/17 86/7/17
f 85/6/17 86/7/17 87/8/17
f 87/8/18 86/7/18 81/9/18
f 87/8/18 81/9/18 80/10/18
f 83/11/5 85/6/5 87/8/5
f 83/11/5 87/8/5 80/12/5
f 84/5/6 82/13/6 81/14/6
f 84/5/6 81/14/6 86/7/6
f 88/15/21 89/16/21 90/17/21
f 88/15/21 90/17/21 91/18/21
f 91/18/22 90/17/22 92/19/22
f 91/18/22 92/19/22 93/20/22
f 93/20/23 92/19/23 94/21/23
f 93/20/23 94/21/23 95/22/23
f 95/22/24 94/21/24 96/23/24
f 95/22/24 96/23/24 97/24/24
f 97/24/25 96/23/25 98/25/25
f 97/24/25 98/25/25 99/26/25
f 99/26/26 98/25/26 100/27/26
f 99/26/26 100/27/26 101/28/26
f 101/28/27 100/27/27 102/29/27
f 101/28/27 102/29/27 103/30/27
f 103/30/28 102/29/28 104/31/28
f 103/30/28 104/31/28 105/32/28
f 105/32/29 104/31/29 106/33/29
f 105/32/29 106/33/29 107/34/29
f 107/34/30 106/33/30 108/35/30
f 107/34/30 108/35/30 109/36/30
f 109/36/31 108/35/31 110/37/31
f 109/36/31 110/37/31 111/38/31
f 111/38/32 110/37/32 112/39/32
f 111/38/32 112/39/32 113/40/32
f 113/40/33 112/39/33 114/41/33
f 113/40/33 114/41/33 115/42/33
f 115/42/34 114/41/34 116/43/34
f 115/42/34 116/43/34 117/44/34
f 117/44/35 116/43/35 118/45/35
f 117/44/35 118/45/35 119/46/35
f 119/46/36 118/45/36 120/47/36
f 119/46/36 120/47/36 121/48/36
f 121/48/37 120/47/37 122/49/37
f 121/48/37 122/49/37 123/50/37
f 123/50/38 122/49/38 124/51/38
f 123/50/38 124/51/38 125/52/38
f 92/53/39 90/54/39 89/55/39
f 89/55/39 126/56/39 124/57/39
f 124/57/39 122/58/39 120/59/39
f 120/59/39 118/60/39 116/61/39
f 116/61/39 114/62/39 112/63/39
f 112/63/39 110/64/39 108/65/39
f 108/65/39 106/66/39 104/67/39
f 104/67/39 102/68/39 100/69/39
f 100/69/39 98/70/39 96/71/39
f 96/71/39 94/72/39 92/53/39
f 92/53/39 89/55/39 124/57/39
f 124/57/39 120/59/39 116/61/39
f 116/61/39 112/63/39 108/65/39
f 108/65/39 104/67/39 100/69/39
f 100/69/39 96/71/39 92/53/39
f 92/53/39 124/57/39 116/61/39
f 116/61/39 108/65/39 100/69/39
f 116/61/39 100/69/39 92/53/39
f 125/52/40 124/51/40 126/73/40
f 125/52/40 126/73/40 127/74/40
f 127/74/41 126/73/41 89/75/41
f 127/74/41 89/75/41 88/76/41
f 127/77/42 88/78/42 91/79/42
f 91/79/42 93/80/42 95/81/42
f 95/81/42 97/82/42 99/83/42
f 99/83/42 101/84/42 103/85/42
f 103/85/42 105/86/42 107/87/42
f 107/87/42 109/88/42 111/89/42
f 111/89/42 113/90/42 115/91/42
f 115/91/42 117/92/42 119/93/42
f 119/93/42 121/94/42 123/95/42
f 123/95/42 125/96/42 127/77/42
f 127/77/42 91/79/42 95/81/42
f 95/81/42 99/83/42 103/85/42
f 103/85/42 107/87/42 111/89/42
f 111/89/42 115/91/42 119/93/42
f 119/93/42 123/95/42 127/77/42
f 127/77/42 95/81/42 103/85/42
f 103/85/42 111/89/42 119/93/42
f 103/85/42 119/93/42 127/77/42
f 128/15/21 129/16/21 130/17/21
f 128/15/21 130/17/21 131/18/21
f 131/18/22 130/17/22 132/19/22
f 131/18/22 132/19/22 133/20/22
f 133/20/23 132/19/23 134/21/23
f 133/20/23 134/21/23 135/22/23
f 135/22/24 134/21/24 136/23/24
f 135/22/24 136/23/24 137/24/24
f 137/24/25 136/23/25 138/25/25
f 137/24/25 138/25/25 139/26/25
f 139/26/26 138/25/26 140/27/26
f 139/26/26 140/27/26 141/28/26
f 141/28/27 140/27/27 142/29/27
f 141/28/27 142/29/27 143/30/27
f 143/30/28 142/29/28 144/31/28
f 143/30/28 144/31/28 145/32/28
f 145/32/29 144/31/29 146/33/29
f 145/32/29 146/33/29 147/34/29
f 147/34/30 146/33/30 148/35/30
f 147/34/30 148/35/30 149/36/30
f 149/36/31 148/35/31 150/37/31
f 149/36/31 150/37/31 151/38/31
f 151/38/32 150/37/32 152/39/32
f 151/38/32 152/39/32 153/40/32
f 153/40/33 152/39/33 154/41/33
f 153/40/33 154/41/33 155/42/33
f 155/42/34 154/41/34 156/43/34
f 155/42/34 156/43/34 157/44/34
f 157/44/35 156/43/35 158/45/35
f 157/44/35 158/45/35 159/46/35
f 159/46/36 158/45/36 160/47/36
f 159/46/36 160/47/36 161/48/36
f 161/48/37 160/47/37 162/49/37
f 161/48/37 162/49/37 163/50/37
f 163/50/38 162/49/38 164/51/38
f 163/50/38 164/51/38 165/52/38
f 132/53/39 130/54/39 129/55/39
f 129/55/39 166/56/39 164/57/39
f 164/57/39 162/58/39 160/59/39
f 160/59/39 158/60/39 156/61/39
f 156/61/39 154/62/39 152/63/39
f 152/63/39 150/64/39 148/65/39
f 148/65/39 146/66/39 144/67/39
f 144/67/39 142/68/39 140/69/39
f 140/69/39 138/70/39 136/71/39
f 136/71/39 134/72/39 132/53/39
f 132/53/39 129/55/39 164/57/39
f 164/57/39 160/59/39 156/61/39
f 156/61/39 152/63/39 148/65/39
f 148/65/39 144/67/39 140/69/39
f 140/69/39 136/71/39 132/53/39
f 132/53/39 164/57/39 156/61/39
f 156/61/39 148/65/39 140/69/39
f 156/61/39 140/69/39 132/53/39
f 165/52/40 164/51/40 166/73/40
f 165/52/40 166/73/40 167/74/40
f 167/74/41 166/73/41 129/75/41
f 167/74/41 129/75/41 128/76/41
f 167/77/42 128/78/42 131/79/42
f 131/79/42 133/80/42 135/81/42
f 135/81/42 137/82/42 139/83/42
f 139/83/42 141/84/42 143/85/42
f 143/85/42 145/86/42 147/87/42
f 147/87/42 149/88/42 151/89/42
f 151/89/42 153/90/42 155/91/42
f 155/91/42 157/92/42 159/93/42
f 159/93/42 161/94/42 163/95/42
f 163/95/42 165/96/42 167/77/42
f 167/77/42 131/79/42 135/81/42
f 135/81/42 139/83/42 143/85/42
f 143/85/42 147/87/42 151/89/42
f 151/89/42 155/91/42 159/93/42
f 159/93/42 163/95/42 167/77/42
f 167/77/42 135/81/42 143/85/42
f 143/85/42 151/89/42 159/93/42
f 143/85/42 159/93/42 167/77/42
f 168/15/43 169/16/43 170/17/43
f 168/15/43 170/17/43 171/18/43
f 171/18/44 170/17/44 172/19/44
f 171/18/44 172/19/44 173/20/44
f 173/20/45 172/19/45 174/21/45
f 173/20/45 174/21/45 175/22/45
f 175/22/46 174/21/46 176/23/46
f 175/22/46 176/23/46 177/24/46
f 177/24/47 176/23/47 178/25/47
f 177/24/47 178/25/47 179/26/47
f 179/26/48 178/25/48 180/27/48
f 179/26/48 180/27/48 181/28/48
f 181/28/49 180/27/49 182/29/49
f 181/28/49 182/29/49 183/30/49
f 183/30/50 182/29/50 184/31/50
f 183/30/50 184/31/50 185/32/50
f 185/32/51 184/31/51 186/33/51
f 185/32/51 186/33/51 187/34/51
f 187/34/52 186/33/52 188/35/52
f 187/34/52 188/35/52 189/36/52
f 189/36/53 188/35/53 190/37/53
f 189/36/53 190/37/53 191/38/53
f 191/38/54 190/37/54 192/39/54
f 191/38/54 192/39/54 193/40/54
f 193/40/55 192/39/55 194/41/55
f 193/40/55 194/41/55 195/42/55
f 195/42/56 194/41/56 196/43/56
f 195/42/56 196/43/56 197/44/56
f 197/44/57 196/43/57 198/45/57
f 197/44/57 198/45/57 199/46/57
f 199/46/58 198/45/58 200/47/58
f 199/46/58 200/47/58 201/48/58
f 201/48/59 200/47/59 202/49/59
f 201/48/59 202/49/59 203/50/59
f 203/50/60 202/49/60 204/51/60
f 203/50/60 204/51/60 205/52/60
f 172/97/61 170/98/61 169/55/61
f 169/55/61 206/99/61 204/100/61
f 204/100/61 202/101/61 200/102/61
f 200/102/61 198/60/61 196/103/61
f 196/103/61 194/104/61 192/105/61
f 192/105/61 190/106/61 188/65/61
f 188/65/61 186/107/61 184/108/61
f 184/108/61 182/109/61 180/110/61
f 180/110/61 178/70/61 176/111/61
f 176/111/61 174/112/61 172/97/61
f 172/97/61 169/55/61 204/100/61
f 204/100/61 200/102/61 196/103/61
f 196/103/61 192/105/61 188/65/61
f 188/65/61 184/108/61 180/110/61
f 180/110/61 176/111/61 172/97/61
f 172/97/61 204/100/61 196/103/61
f 196/103/61 188/65/61 180/110/61
f 196/103/61 180/110/61 172/97/61
f 205/52/62 204/51/62 206/73/62
f 205/52/62 206/73/62 207/74/62
f 207/74/63 206/73/63 169/75/63
f 207/74/63 169/75/63 168/76/63
f 207/113/64 168/78/64 171/114/64
f 171/114/64 173/115/64 175/116/64
f 175/116/64 177/117/64 179/83/64
f 179/83/64 181/118/64 183/119/64
f 183/119/64 185/120/64 187/121/64
f 187/121/64 189/88/64 191/122/64
f 191/122/64 193/123/64 195/124/64
f 195/124/64 197/125/64 199/93/64
f 199/93/64 201/126/64 203/127/64
f 203/127/64 205/128/64 207/113/64
f 207/113/64 171/114/64 175/116/64
f 175/116/64 179/83/64 183/119/64
f 183/119/64 187/121/64 191/122/64
f 191/122/64 195/124/64 199/93/64
f 199/93/64 203/127/64 207/113/64
f 207/113/64 175/116/64 183/119/64
f 183/119/64 191/122/64 199/93/64
f 183/119/64 199/93/64 207/113/64
f 208/15/65 209/16/65 210/17/65
f 208/15/65 210/17/65 211/18/65
f 211/18/66 210/17/66 212/19/66
f 211/18/66 212/19/66 213/20/66
f 213/20/67 212/19/67 214/21/67
f 213/20/67 214/21/67 215/22/67
f 215/22/68 214/21/68 216/23/68
f 215/22/68 216/23/68 217/24/68
f 217/24/69 216/23/69 218/25/69
f 217/24/69 218/25/69 219/26/69
f 219/26/70 218/25/70 220/27/70
f 219/26/70 220/27/70 221/28/70
f 221/28/71 220/27/71 222/29/71
f 221/28/71 222/29/71 223/30/71
f 223/30/72 222/29/72 224/31/72
f 223/30/72 224/31/72 225/32/72
f 225/32/73 224/31/73 226/33/73
f 225/32/73 226/33/73 227/34/73
f 227/34/74 226/33/74 228/35/74
f 227/34/74 228/35/74 229/36/74
f 229/36/75 228/35/75 230/37/75
f 229/36/75 230/37/75 231/38/75
f 231/38/76 230/37/76 232/39/76
f 231/38/76 232/39/76 233/40/76
f 233/40/77 232/39/77 234/41/77
f 233/40/77 234/41/77 235/42/77
f 235/42/78 234/41/78 236/43/78
f 235/42/78 236/43/78 237/44/78
f 237/44/79 236/43/79 238/45/79
f 237/44/79 238/45/79 239/46/79
f 239/46/80 238/45/80 240/47/80
f 239/46/80 240/47/80 241/48/80
f 241/48/81 240/47/81 242/49/81
f 241/48/81 242/49/81 243/50/81
f 243/50/82 242/49/82 244/51/82
f 243/50/82 244/51/82 245/52/82
f 212/97/83 210/54/83 209/55/83
f 209/55/83 246/56/83 244/100/83
f 244/100/83 242/101/83 240/59/83
f 240/59/83 238/60/83 236/61/83
f 236/61/83 234/104/83 232/105/83
f 232/105/83 230/64/83 228/65/83
f 228/65/83 226/66/83 224/108/83
f 224/108/83 222/109/83 220/69/83
f 220/69/83 218/70/83 216/71/83
f 216/71/83 214/112/83 212/97/83
f 212/97/83 209/55/83 244/100/83
f 244/100/83 240/59/83 236/61/83
f 236/61/83 232/105/83 228/65/83
f 228/65/83 224/108/83 220/69/83
f 220/69/83 216/71/83 212/97/83
f 212/97/83 244/100/83 236/61/83
f 236/61/83 228/65/83 220/69/83
f 236/61/83 220/69/83 212/97/83
f 245/52/84 244/51/84 246/73/84
f 245/52/84 246/73/84 247/74/84
f 247/74/85 246/73/85 209/75/85
f 247/74/85 209/75/85 208/76/85
f 247/77/86 208/78/86 211/79/86
f 211/79/86 213/115/86 215/116/86
f 215/116/86 217/82/86 219/83/86
f 219/83/86 221/84/86 223/119/86
f 223/119/86 225/120/86 227/87/86
f 227/87/86 229/88/86 231/89/86
f 231/89/86 233/123/86 235/124/86
f 235/124/86 237/92/86 239/93/86
f 239/93/86 241/94/86 243/127/86
f 243/127/86 245/128/86 247/77/86
f 247/77/86 211/79/86 215/116/86
f 215/116/86 219/83/86 223/119/86
f 223/119/86 227/87/86 231/89/86
f 231/89/86 235/124/86 239/93/86
f 239/93/86 243/127/86 247/77/86
f 247/77/86 215/116/86 223/119/86
f 223/119/86 231/89/86 239/93/86
f 223/119/86 239/93/86 247/77/86
f 248/15/43 249/16/43 250/17/43
f 248/15/43 250/17/43 251/18/43
f 251/18/44 250/17/44 252/19/44
f 251/18/44 252/19/44 253/20/44
f 253/20/45 252/19/45 254/21/45
f 253/20/45 254/21/45 255/22/45
f 255/22/46 254/21/46 256/23/46
f 255/22/46 256/23/46 257/24/46
f 257/24/47 256/23/47 258/25/47
f 257/24/47 258/25/47 259/26/47
f 259/26/48 258/25/48 260/27/48
f 259/26/48 260/27/48 261/28/48
f 261/28/49 260/27/49 262/29/49
f 261/28/49 262/29/49 263/30/49
f 263/30/50 262/29/50 264/31/50
f 263/30/50 264/31/50 265/32/50
f 265/32/51 264/31/51 266/33/51
f 265/32/51 266/33/51 267/34/51
f 267/34/52 266/33/52 268/35/52
f 267/34/52 268/35/52 269/36/52
f 269/36/53 268/35/53 270/37/53
f 269/36/53 270/37/53 271/38/53
f 271/38/54 270/37/54 272/39/54
f 271/38/54 272/39/54 273/40/54
f 273/40/55 272/39/55 274/41/55
f 273/40/55 274/41/55 275/42/55
f 275/42/56 274/41/56 276/43/56
f 275/42/56 276/43/56 277/44/56
f 277/44/57 276/43/57 278/45/57
f 277/44/57 278/45/57 279/46/57
f 279/46/58 278/45/58 280/47/58
f 279/46/58 280/47/58 281/48/58
f 281/48/59 280/47/59 282/49/59
f 281/48/59 282/49/59 283/50/59
f 283/50/60 282/49/60 284/51/60
f 283/50/60 284/51/60 285/52/60
f 252/97/61 250/98/61 249/55/61
f 249/55/61 286/99/61 284/100/61
f 284/100/61 282/101/61 280/102/61
f 280/102/61 278/60/61 276/103/61
f 276/103/61 274/104/61 272/105/61
f 272/105/61 270/106/61 268/65/61
f 268/65/61 266/107/61 264/108/61
f 264/108/61 262/109/61 260/110/61
f 260/110/61 258/70/61 256/111/61
f 256/111/61 254/112/61 252/97/61
f 252/97/61 249/55/61 284/100/61
f 284/100/61 280/102/61 276/103/61
f 276/103/61 272/105/61 268/65/61
f 268/65/61 264/108/61 260/110/61
f 260/110/61 256/111/61 252/97/61
f 252/97/61 284/100/61 276/103/61
f 276/103/61 268/65/61 260/110/61
f 276/103/61 260/110/61 252/97/61
f 285/52/62 284/51/62 286/73/62
f 285/52/62 286/73/62 287/74/62
f 287/74/63 286/73/63 249/75/63
f 287/74/63 249/75/63 248/76/63
f 287/113/64 248/78/64 251/114/64
f 251/114/64 253/115/64 255/116/64
f 255/116/64 257/117/64 259/83/64
f 259/83/64 261/118/64 263/119/64
f 263/119/64 265/120/64 267/121/64
f 267/121/64 269/88/64 271/122/64
f 271/122/64 273/123/64 275/124/64
f 275/124/64 277/125/64 279/93/64
f 279/93/64 281/126/64 283/127/64
f 283/127/64 285/128/64 287/113/64
f 287/113/64 251/114/64 255/116/64
f 255/116/64 259/83/64 263/119/64
f 263/119/64 267/121/64 271/122/64
f 271/122/64 275/124/64 279/93/64
f 279/93/64 283/127/64 287/113/64
f 287/113/64 255/116/64 263/119/64
f 263/119/64 271/122/64 279/93/64
f 263/119/64 279/93/64 287/113/64
f 288/15/65 289/16/65 290/17/65
f 288/15/65 290/17/65 291/18/65
f 291/18/66 290/17/66 292/19/66
f 291/18/66 292/19/66 293/20/66
f 293/20/67 292/19/67 294/21/67
f 293/20/67 294/21/67 295/22/67
f 295/22/68 294/21/68 296/23/68
f 295/22/68 296/23/68 297/24/68
f 297/24/69 296/23/69 298/25/69
f 297/24/69 298/25/69 299/26/69
f 299/26/70 298/25/70 300/27/70
f 299/26/70 300/27/70 301/28/70
f 301/28/71 300/27/71 302/29/71
f 301/28/71 302/29/71 303/30/71
f 303/30/72 302/29/72 304/31/72
f 303/30/72 304/31/72 305/32/72
f 305/32/73 304/31/73 306/33/73
f 305/32/73 306/33/73 307/34/73
f 307/34/74 306/33/74 308/35/74
f 307/34/74 308/35/74 309/36/74
f 309/36/75 308/35/75 310/37/75
f 309/36/75 310/37/75 311/38/75
f 311/38/76 310/37/76 312/39/76
f 311/38/76 312/39/76 313/40/76
f 313/40/77 312/39/77 314/41/77
f 313/40/77 314/41/77 315/42/77
f 315/42/78 314/41/78 316/43/78
f 315/42/78 316/43/78 317/44/78
f 317/44/79 316/43/79 318/45/79
f 317/44/79 318/45/79 319/46/79
f 319/46/80 318/45/80 320/47/80
f 319/46/80 320/47/80 321/48/80
f 321/48/81 320/47/81 322/49/81
f 321/48/81 322/49/81 323/50/81
f 323/50/82 322/49/82 324/51/82
f 323/50/82 324/51/82 325/52/82
f 292/97/83 290/54/83 289/55/83
f 289/55/83 326/56/83 324/100/83
f 324/100/83 322/101/83 320/59/83
f 320/59/83 318/60/83 316/61/83
f 316/61/83 314/104/83 312/105/83
f 312/105/83 310/64/83 308/65/83
f 308/65/83 306/66/83 304/108/83
f 304/108/83 302/109/83 300/69/83
f 300/69/83 298/70/83 296/71/83
f 296/71/83 294/112/83 292/97/83
f 292/97/83 289/55/83 324/100/83
f 324/100/83 320/59/83 316/61/83
f 316/61/83 312/105/83 308/65/83
f 308/65/83 304/108/83 300/69/83
f 300/69/83 296/71/83 292/97/83
f 292/97/83 324/100/83 316/61/83
f 316/61/83 308/65/83 300/69/83
f 316/61/83 300/69/83 292/97/83
f 325/52/84 324/51/84 326/73/84
f 325/52/84 326/73/84 327/74/84
f 327/74/85 326/73/85 289/75/85
f 327/74/85 289/75/85 288/76/85
f 327/77/86 288/78/86 291/79/86
f 291/79/86 293/115/86 295/116/86
f 295/116/86 297/82/86 299/83/86
f 299/83/86 301/84/86 303/119/86
f 303/119/86 305/120/86 307/87/86
f 307/87/86 309/88/86 311/89/86
f 311/89/86 313/123/86 315/124/86
f 315/124/86 317/92/86 319/93/86
f 319/93/86 321/94/86 323/127/86
f 323/127/86 325/128/86 327/77/86
f 327/77/86 291/79/86 295/116/86
f 295/116/86 299/83/86 303/119/86
f 303/119/86 307/87/86 311/89/86
f 311/89/86 315/124/86 319/93/86
f 319/93/86 323/127/86 327/77/86
f 327/77/86 295/116/86 303/119/86
f 303/119/86 311/89/86 319/93/86
f 303/119/86 319/93/86 327/77/86
f 328/15/43 329/16/43 330/17/43
f 328/15/43 330/17/43 331/18/43
f 331/18/44 330/17/44 332/19/44
f 331/18/44 332/19/44 333/20/44
f 333/20/45 332/19/45 334/21/45
f 333/20/45 334/21/45 335/22/45
f 335/22/46 334/21/46 336/23/46
f 335/22/46 336/23/46 337/24/46
f 337/24/47 336/23/47 338/25/47
f 337/24/47 338/25/47 339/26/47
f 339/26/48 338/25/48 340/27/48
f 339/26/48 340/27/48 341/28/48
f 341/28/49 340/27/49 342/29/49
f 341/28/49 342/29/49 343/30/49
f 343/30/50 342/29/50 344/31/50
f 343/30/50 344/31/50 345/32/50
f 345/32/51 344/31/51 346/33/51
f 345/32/51 346/33/51 347/34/51
f 347/34/52 346/33/52 348/35/52
f 347/34/52 348/35/52 349/36/52
f 349/36/53 348/35/53 350/37/53
f 349/36/53 350/37/53 351/38/53
f 351/38/54 350/37/54 352/39/54
f 351/38/54 352/39/54 353/40/54
f 353/40/55 352/39/55 354/41/55
f 353/40/55 354/41/55 355/42/55
f 355/42/56 354/41/56 356/43/56
f 355/42/56 356/43/56 357/44/56
f 357/44/57 356/43/57 358/45/57
f 357/44/57 358/45/57 359/46/57
f 359/46/58 358/45/58 360/47/58
f 359/46/58 360/47/58 361/48/58
f 361/48/59 360/47/59 362/49/59
f 361/48/59 362/49/59 363/50/59
f 363/50/60 362/49/60 364/51/60
f 363/50/60 364/51/60 365/52/60
f 332/97/61 330/98/61 329/55/61
f 329/55/61 366/99/61 364/100/61
f 364/100/61 362/101/61 360/102/61
f 360/102/61 358/60/61 356/103/61
f 356/103/61 354/104/61 352/105/61
f 352/105/61 350/106/61 348/65/61
f 348/65/61 346/107/61 344/108/61
f 344/108/61 342/109/61 340/110/61
f 340/110/61 338/70/61 336/111/61
f 336/111/61 334/112/61 332/97/61
f 332/97/61 329/55/61 364/100/61
f 364/100/61 360/102/61 356/103/61
f 356/103/61 352/105/61 348/65/61
f 348/65/61 344/108/61 340/110/61
f 340/110/61 336/111/61 332/97/61
f 332/97/61 364/100/61 356/103/61
f 356/103/61 348/65/61 340/110/61
f 356/103/61 340/110/61 332/97/61
f 365/52/62 364/51/62 366/73/62
f 365/52/62 366/73/62 367/74/62
f 367/74/63 366/73/63 329/75/63
f 367/74/63 329/75/63 328/76/63
f 367/113/64 328/78/64 331/114/64
f 331/114/64 333/115/64 335/116/64
f 335/116/64 337/117/64 339/83/64
f 339/83/64 341/118/64 343/119/64
f 343/119/64 345/120/64 347/121/64
f 347/121/64 349/88/64 351/122/64
f 351/122/64 353/123/64 355/124/64
f 355/124/64 357/125/64 359/93/64
f 359/93/64 361/126/64 363/127/64
f 363/127/64 365/128/64 367/113/64
f 367/113/64 331/114/64 335/116/64
f 335/116/64 339/83/64 343/119/64
f 343/119/64 347/121/64 351/122/64
f 351/122/64 355/124/64 359/93/64
f 359/93/64 363/127/64 367/113/64
f 367/113/64 335/116/64 343/119/64
f 343/119/64 351/122/64 359/93/64
f 343/119/64 359/93/64 367/113/64
f 368/15/65 369/16/65 370/17/65
f 368/15/65 370/17/65 371/18/65
f 371/18/66 370/17/66 372/19/66
f 371/18/66 372/19/66 373/20/66
f 373/20/67 372/19/67 374/21/67
f 373/20/67 374/21/67 375/22/67
f 375/22/68 374/21/68 376/23/68
f 375/22/68 376/23/68 377/24/68
f 377/24/69 376/23/69 378/25/69
f 377/24/69 378/25/69 379/26/69
f 379/26/70 378/25/70 380/27/70
f 379/26/70 380/27/70 381/28/70
f 381/28/71 380/27/71 382/29/71
f 381/28/71 382/29/71 383/30/71
f 383/30/72 382/29/72 384/31/72
f 383/30/72 384/31/72 385/32/72
f 385/32/73 384/31/73 386/33/73
f 385/32/73 386/33/73 387/34/73
f 387/34/74 386/33/74 388/35/74
f 387/34/74 388/35/74 389/36/74
f 389/36/75 388/35/75 390/37/75
f 389/36/75 390/37/75 391/38/75
f 391/38/76 390/37/76 392/39/76
f 391/38/76 392/39/76 393/40/76
f 393/40/77 392/39/77 394/41/77
f 393/40/77 394/41/77 395/42/77
f 395/42/78 394/41/78 396/43/78
f 395/42/78 396/43/78 397/44/78
f 397/44/79 396/43/79 398/45/79
f 397/44/79 398/45/79 399/46/79
f 399/46/80 398/45/80 400/47/80
f 399/46/80 400/47/80 401/48/80
f 401/48/81 400/47/81 402/49/81
f 401/48/81 402/49/81 403/50/81
f 403/50/82 402/49/82 404/51/82
f 403/50/82 404/51/82 405/52/82
f 372/97/83 370/54/83 369/55/83
f 369/55/83 406/56/83 404/100/83
f 404/100/83 402/101/83 400/59/83
f 400/59/83 398/60/83 396/61/83
f 396/61/83 394/104/83 392/105/83
f 392/105/83 390/64/83 388/65/83
f 388/65/83 386/66/83 384/108/83
f 384/108/83 382/109/83 380/69/83
f 380/69/83 378/70/83 376/71/83
f 376/71/83 374/112/83 372/97/83
f 372/97/83 369/55/83 404/100/83
f 404/100/83 400/59/83 396/61/83
f 396/61/83 392/105/83 388/65/83
f 388/65/83 384/108/83 380/69/83
f 380/69/83 376/71/83 372/97/83
f 372/97/83 404/100/83 396/61/83
f 396/61/83 388/65/83 380/69/83
f 396/61/83 380/69/83 372/97/83
f 405/52/84 404/51/84 406/73/84
f 405/52/84 406/73/84 407/74/84
f 407/74/85 406/73/85 369/75/85
f 407/74/85 369/75/85 368/76/85
f 407/77/86 368/78/86 371/79/86
f 371/79/86 373/115/86 375/116/86
f 375/116/86 377/82/86 379/83/86
f 379/83/86 381/84/86 383/119/86
f 383/119/86 385/120/86 387/87/86
f 387/87/86 389/88/86 391/89/86
f 391/89/86 393/123/86 395/124/86
f 395/124/86 397/92/86 399/93/86
f 399/93/86 401/94/86 403/127/86
f 403/127/86 405/128/86 407/77/86
f 407/77/86 371/79/86 375/116/86
f 375/116/86 379/83/86 383/119/86
f 383/119/86 387/87/86 391/89/86
f 391/89/86 395/124/86 399/93/86
f 399/93/86 403/127/86 407/77/86
f 407/77/86 375/116/86 383/119/86
f 383/119/86 391/89/86 399/93/86
f 383/119/86 399/93/86 407/77/86
f 408/15/43 409/16/43 410/17/43
f 408/15/43 410/17/43 411/18/43
f 411/18/44 410/17/44 412/19/44
f 411/18/44 412/19/44 413/20/44
f 413/20/45 412/19/45 414/21/45
f 413/20/45 414/21/45 415/22/45
f 415/22/46 414/21/46 416/23/46
f 415/22/46 416/23/46 417/24/46
f 417/24/47 416/23/47 418/25/47
f 417/24/47 418/25/47 419/26/47
f 419/26/48 418/25/48 420/27/48
f 419/26/48 420/27/48 421/28/48
f 421/28/49 420/27/49 422/29/49
f 421/28/49 422/29/49 423/30/49
f 423/30/50 422/29/50 424/31/50
f 423/30/50 424/31/50 425/32/50
f 425/32/51 424/31/51 426/33/51
f 425/32/51 426/33/51 427/34/51
f 427/34/52 426/33/52 428/35/52
f 427/34/52 428/35/52 429/36/52
f 429/36/53 428/35/53 430/37/53
f 429/36/53 430/37/53 431/38/53
f 431/38/54 430/37/54 432/39/54
f 431/38/54 432/39/54 433/40/54
f 433/40/55 432/39/55 434/41/55
f 433/40/55 434/41/55 435/42/55
f 435/42/56 434/41/56 436/43/56
f 435/42/56 436/43/56 437/44/56
f 437/44/57 436/43/57 438/45/57
f 437/44/57 438/45/57 439/46/57
f 439/46/58 438/45/58 440/47/58
f 439/46/58 440/47/58 441/48/58
f 441/48/59 440/47/59 442/49/59
f 441/48/59 442/49/59 443/50/59
f 443/50/60 442/49/60 444/51/60
f 443/50/60 444/51/60 445/52/60
f 412/97/61 410/98/61 409/55/61
f 409/55/61 446/99/61 444/100/61
f 444/100/61 442/101/61 440/102/61
f 440/102/61 438/60/61 436/103/61
f 436/103/61 434/104/61 432/105/61
f 432/105/61 430/106/61 428/65/61
f 428/65/61 426/107/61 424/108/61
f 424/108/61 422/109/61 420/110/61
f 420/110/61 418/70/61 416/111/61
f 416/111/61 414/112/61 412/97/61
f 412/97/61 409/55/61 444/100/61
f 444/100/61 440/102/61 436/103/61
f 436/103/61 432/105/61 428/65/61
f 428/65/61 424/108/61 420/110/61
f 420/110/61 416/111/61 412/97/61
f 412/97/61 444/100/61 436/103/61
f 436/103/61 428/65/61 420/110/61
f 436/103/61 420/110/61 412/97/61
f 445/52/62 444/51/62 446/73/62
f 445/52/62 446/73/62 447/74/62
f 447/74/63 446/73/63 409/75/63
f 447/74/63 409/75/63 408/76/63
f 447/113/64 408/78/64 411/114/64
f 411/114/64 413/115/64 415/116/64
f 415/116/64 417/117/64 419/83/64
f 419/83/64 421/118/64 423/119/64
f 423/119/64 425/120/64 427/121/64
f 427/121/64 429/88/64 431/122/64
f 431/122/64 433/123/64 435/124/64
f 435/124/64 437/125/64 439/93/64
f 439/93/64 441/126/64 443/127/64
f 443/127/64 445/128/64 447/113/64
f 447/113/64 411/114/64 415/116/64
f 415/116/64 419/83/64 423/119/64
f 423/119/64 427/121/64 431/122/64
f 431/122/64 435/124/64 439/93/64
f 439/93/64 443/127/64 447/113/64
f 447/113/64 415/116/64 423/119/64
f 423/119/64 431/122/64 439/93/64
f 423/119/64 439/93/64 447/113/64
f 448/15/65 449/16/65 450/17/65
f 448/15/65 450/17/65 451/18/65
f 451/18/66 450/17/66 452/19/66
f 451/18/66 452/19/66 453/20/66
f 453/20/67 452/19/67 454/21/67
f 453/20/67 454/21/67 455/22/67
f 455/22/68 454/21/68 456/23/68
f 455/22/68 456/23/68 457/24/68
f 457/24/69 456/23/69 458/25/69
f 457/24/69 458/25/69 459/26/69
f 459/26/70 458/25/70 460/27/70
f 459/26/70 460/27/70 461/28/70
f 461/28/71 460/27/71 462/29/71
f 461/28/71 462/29/71 463/30/71
f 463/30/72 462/29/72 464/31/72
f 463/30/72 464/31/72 465/32/72
f 465/32/73 464/31/73 466/33/73
f 465/32/73 466/33/73 467/34/73
f 467/34/74 466/33/74 468/35/74
f 467/34/74 468/35/74 469/36/74
f 469/36/75 468/35/75 470/37/75
f 469/36/75 470/37/75 471/38/75
f 471/38/76 470/37/76 472/39/76
f 471/38/76 472/39/76 473/40/76
f 473/40/77 472/39/77 474/41/77
f 473/40/77 474/41/77 475/42/77
f 475/42/78 474/41/78 476/43/78
f 475/42/78 476/43/78 477/44/78
f 477/44/79 476/43/79 478/45/79
f 477/44/79 478/45/79 479/46/79
f 479/46/80 478/45/80 480/47/80
f 479/46/80 480/47/80 481/48/80
f 481/48/81 480/47/81 482/49/81
f 481/48/81 482/49/81 483/50/81
f 483/50/82 482/49/82 484/51/82
f 483/50/82 484/51/82 485/52/82
f 452/97/83 450/54/83 449/55/83
f 449/55/83 486/56/83 484/100/83
f 484/100/83 482/101/83 480/59/83
f 480/59/83 478/60/83 476/61/83
f 476/61/83 474/104/83 472/105/83
f 472/105/83 470/64/83 468/65/83
f 468/65/83 466/66/83 464/108/83
f 464/108/83 462/109/83 460/69/83
f 460/69/83 458/70/83 456/71/83
f 456/71/83 454/112/83 452/97/83
f 452/97/83 449/55/83 484/100/83
f 484/100/83 480/59/83 476/61/83
f 476/61/83 472/105/83 468/65/83
f 468/65/83 464/108/83 460/69/83
f 460/69/83 456/71/83 452/97/83
f 452/97/83 484/100/83 476/61/83
f 476/61/83 468/65/83 460/69/83
f 476/61/83 460/69/83 452/97/83
f 485/52/84 484/51/84 486/73/84
f 485/52/84 486/73/84 487/74/84
f 487/74/85 486/73/85 449/75/85
f 487/74/85 449/75/85 448/76/85
f 487/77/86 448/78/86 451/79/86
f 451/79/86 453/115/86 455/116/86
f 455/116/86 457/82/86 459/83/86
f 459/83/86 461/84/86 463/119/86
f 463/119/86 465/120/86 467/87/86
f 467/87/86 469/88/86 471/89/86
f 471/89/86 473/123/86 475/124/86
f 475/124/86 477/92/86 479/93/86
f 479/93/86 481/94/86 483/127/86
f 483/127/86 485/128/86 487/77/86
f 487/77/86 451/79/86 455/116/86
f 455/116/86 459/83/86 463/119/86
f 463/119/86 467/87/86 471/89/86
f 471/89/86 475/124/86 479/93/86
f 479/93/86 483/127/86 487/77/86
f 487/77/86 455/116/86 463/119/86
f 463/119/86 471/89/86 479/93/86
f 463/119/86 479/93/86 487/77/86
f 488/15/43 489/16/43 490/17/43
f 488/15/43 490/17/43 491/18/43
f 491/18/44 490/17/44 492/19/44
f 491/18/44 492/19/44 493/20/44
f 493/20/45 492/19/45 494/21/45
f 493/20/45 494/21/45 495/22/45
f 495/22/46 494/21/46 496/23/46
f 495/22/46 496/23/46 497/24/46
f 497/24/47 496/23/47 498/25/47
f 497/24/47 498/25/47 499/26/47
f 499/26/48 498/25/48 500/27/48
f 499/26/48 500/27/48 501/28/48
f 501/28/49 500/27/49 502/29/49
f 501/28/49 502/29/49 503/30/49
f 503/30/50 502/29/50 504/31/50
f 503/30/50 504/31/50 505/32/50
f 505/32/51 504/31/51 506/33/51
f 505/32/51 506/33/51 507/34/51
f 507/34/52 506/33/52 508/35/52
f 507/34/52 508/35/52 509/36/52
f 509/36/53 508/35/53 510/37/53
f 509/36/53 510/37/53 511/38/53
f 511/38/54 510/37/54 512/39/54
f 511/38/54 512/39/54 513/40/54
f 513/40/55 512/39/55 514/41/55
f 513/40/55 514/41/55 515/42/55
f 515/42/56 514/41/56 516/43/56
f 515/42/56 516/43/56 517/44/56
f 517/44/57 516/43/57 518/45/57
f 517/44/57 518/45/57 519/46/57
f 519/46/58 518/45/58 520/47/58
f 519/46/58 520/47/58 521/48/58
f 521/48/59 520/47/59 522/49/59
f 521/48/59 522/49/59 523/50/59
f 523/50/60 522/49/60 524/51/60
f 523/50/60 524/51/60 525/52/60
f 492/97/61 490/98/61 489/55/61
f 489/55/61 526/99/61 524/100/61
f 524/100/61 522/101/61 520/102/61
f 520/102/61 518/60/61 516/103/61
f 516/103/61 514/104/61 512/105/61
f 512/105/61 510/106/61 508/65/61
f 508/65/61 506/107/61 504/108/61
f 504/108/61 502/109/61 500/110/61
f 500/110/61 498/70/61 496/111/61
f 496/111/61 494/112/61 492/97/61
f 492/97/61 489/55/61 524/100/61
f 524/100/61 520/102/61 516/103/61
f 516/103/61 512/105/61 508/65/61
f 508/65/61 504/108/61 500/110/61
f 500/110/61 496/111/61 492/97/61
f 492/97/61 524/100/61 516/103/61
f 516/103/61 508/65/61 500/110/61
f 516/103/61 500/110/61 492/97/61
f 525/52/62 524/51/62 526/73/62
f 525/52/62 526/73/62 527/74/62
f 527/74/63 526/73/63 489/75/63
f 527/74/63 489/75/63 488/76/63
f 527/113/64 488/78/64 491/114/64
f 491/114/64 493/115/64 495/116/64
f 495/116/64 497/117/64 499/83/64
f 499/83/64 501/118/64 503/119/64
f 503/119/64 505/120/64 507/121/64
f 507/121/64 509/88/64 511/122/64
f 511/122/64 513/123/64 515/124/64
f 515/124/64 517/125/64 519/93/64
f 519/93/64 521/126/64 523/127/64
f 523/127/64 525/128/64 527/113/64
f 527/113/64 491/114/64 495/116/64
f 495/116/64 499/83/64 503/119/64
f 503/119/64 507/121/64 511/122/64
f 511/122/64 515/124/64 519/93/64
f 519/93/64 523/127/64 527/113/64
f 527/113/64 495/116/64 503/119/64
f 503/119/64 511/122/64 519/93/64
f 503/119/64 519/93/64 527/113/64
f 528/15/65 529/16/65 530/17/65
f 528/15/65 530/17/65 531/18/65
f 531/18/66 530/17/66 532/19/66
f 531/18/66 532/19/66 533/20/66
f 533/20/67 532/19/67 534/21/67
f 533/20/67 534/21/67 535/22/67
f 535/22/68 534/21/68 536/23/68
f 535/22/68 536/23/68 537/24/68
f 537/24/69 536/23/69 538/25/69
f 537/24/69 538/25/69 539/26/69
f 539/26/70 538/25/70 540/27/70
f 539/26/70 540/27/70 541/28/70
f 541/28/71 540/27/71 542/29/71
f 541/28/71 542/29/71 543/30/71
f 543/30/72 542/29/72 544/31/72
f 543/30/72 544/31/72 545/32/72
f 545/32/73 544/31/73 546/33/73
f 545/32/73 546/33/73 547/34/73
f 547/34/74 546/33/74 548/35/74
f 547/34/74 548/35/74 549/36/74
f 549/36/75 548/35/75 550/37/75
f 549/36/75 550/37/75 551/38/75
f 551/38/76 550/37/76 552/39/76
f 551/38/76 552/39/76 553/40/76
f 553/40/77 552/39/77 554/41/77
f 553/40/77 554/41/77 555/42/77
f 555/42/78 554/41/78 556/43/78
f 555/42/78 556/43/78 557/44/78
f 557/44/79 556/43/79 558/45/79
f 557/44/79 558/45/79 559/46/79
f 559/46/80 558/45/80 560/47/80
f 559/46/80 560/47/80 561/48/80
f 561/48/81 560/47/81 562/49/81
f 561/48/81 562/49/81 563/50/81
f 563/50/82 562/49/82 564/51/82
f 563/50/82 564/51/82 565/52/82
f 532/97/83 530/54/83 529/55/83
f 529/55/83 566/56/83 564/100/83
f 564/100/83 562/101/83 560/59/83
f 560/59/83 558/60/83 556/61/83
f 556/61/83 554/104/83 552/105/83
f 552/105/83 550/64/83 548/65/83
f 548/65/83 546/66/83 544/108/83
f 544/108/83 542/109/83 540/69/83
f 540/69/83 538/70/83 536/71/83
f 536/71/83 534/112/83 532/97/83
f 532/97/83 529/55/83 564/100/83
f 564/100/83 560/59/83 556/61/83
f 556/61/83 552/105/83 548/65/83
f 548/65/83 544/108/83 540/69/83
f 540/69/83 536/71/83 532/97/83
f 532/97/83 564/100/83 556/61/83
f 556/61/83 548/65/83 540/69/83
f 556/61/83 540/69/83 532/97/83
f 565/52/84 564/51/84 566/73/84
f 565/52/84 566/73/84 567/74/84
f 567/74/85 566/73/85 529/75/85
f 567/74/85 529/75/85 528/76/85
f 567/77/86 528/78/86 531/79/86
f 531/79/86 533/115/86 535/116/86
f 535/116/86 537/82/86 539/83/86
f 539/83/86 541/84/86 543/119/86
f 543/119/86 545/120/86 547/87/86
f 547/87/86 549/88/86 551/89/86
f 551/89/86 553/123/86 555/124/86
f 555/124/86 557/92/86 559/93/86
f 559/93/86 561/94/86 563/127/86
f 563/127/86 565/128/86 567/77/86
f 567/77/86 531/79/86 535/116/86
f 535/116/86 539/83/86 543/119/86
f 543/119/86 547/87/86 551/89/86
f 551/89/86 555/124/86 559/93/86
f 559/93/86 563/127/86 567/77/86
f 567/77/86 535/116/86 543/119/86
f 543/119/86 551/89/86 559/93/86
f 543/119/86 559/93/86 567/77/86
f 568/15/43 569/16/43 570/17/43
f 568/15/43 570/17/43 571/18/43
f 571/18/44 570/17/44 572/19/44
f 571/18/44 572/19/44 573/20/44
f 573/20/45 572/19/45 574/21/45
f 573/20/45 574/21/45 575/22/45
f 575/22/46 574/21/46 576/23/46
f 575/22/46 576/23/46 577/24/46
f 577/24/47 576/23/47 578/25/47
f 577/24/47 578/25/47 579/26/47
f 579/26/48 578/25/48 580/27/48
f 579/26/48 580/27/48 581/28/48
f 581/28/49 580/27/49 582/29/49
f 581/28/49 582/29/49 583/30/49
f 583/30/50 582/29/50 584/31/50
f 583/30/50 584/31/50 585/32/50
f 585/32/51 584/31/51 586/33/51
f 585/32/51 586/33/51 587/34/51
f 587/34/52 586/33/52 588/35/52
f 587/34/52 588/35/52 589/36/52
f 589/36/53 588/35/53 590/37/53
f 589/36/53 590/37/53 591/38/53
f 591/38/54 590/37/54 592/39/54
f 591/38/54 592/39/54 593/40/54
f 593/40/55 592/39/55 594/41/55
f 593/40/55 594/41/55 595/42/55
f 595/42/56 594/41/56 596/43/56
f 595/42/56 596/43/56 597/44/56
f 597/44/57 596/43/57 598/45/57
f 597/44/57 598/45/57 599/46/57
f 599/46/58 598/45/58 600/47/58
f 599/46/58 600/47/58 601/48/58
f 601/48/59 600/47/59 602/49/59
f 601/48/59 602/49/59 603/50/59
f 603/50/60 602/49/60 604/51/60
f 603/50/60 604/51/60 605/52/60
f 572/97/61 570/98/61 569/55/61
f 569/55/61 606/99/61 604/100/61
f 604/100/61 602/101/61 600/102/61
f 600/102/61 598/60/61 596/103/61
f 596/103/61 594/104/61 592/105/61
f 592/105/61 590/106/61 588/65/61
f 588/65/61 586/107/61 584/108/61
f 584/108/61 582/109/61 580/110/61
f 580/110/61 578/70/61 576/111/61
f 576/111/61 574/112/61 572/97/61
f 572/97/61 569/55/61 604/100/61
f 604/100/61 600/102/61 596/103/61
f 596/103/61 592/105/61 588/65/61
f 588/65/61 584/108/61 580/110/61
f 580/110/61 576/111/61 572/97/61
f 572/97/61 604/100/61 596/103/61
f 596/103/61 588/65/61 580/110/61
f 596/103/61 580/110/61 572/97/61
f 605/52/62 604/51/62 606/73/62
f 605/52/62 606/73/62 607/74/62
f 607/74/63 606/73/63 569/75/63
f 607/74/63 569/75/63 568/76/63
f 607/113/64 568/78/64 571/114/64
f 571/114/64 573/115/64 575/116/64
f 575/116/64 577/117/64 579/83/64
f 579/83/64 581/118/64 583/119/64
f 583/119/64 585/120/64 587/121/64
f 587/121/64 589/88/64 591/122/64
f 591/122/64 593/123/64 595/124/64
f 595/124/64 597/125/64 599/93/64
f 599/93/64 601/126/64 603/127/64
f 603/127/64 605/128/64 607/113/64
f 607/113/64 571/114/64 575/116/64
f 575/116/64 579/83/64 583/119/64
f 583/119/64 587/121/64 591/122/64
f 591/122/64 595/124/64 599/93/64
f 599/93/64 603/127/64 607/113/64
f 607/113/64 575/116/64 583/119/64
f 583/119/64 591/122/64 599/93/64
f 583/119/64 599/93/64 607/113/64
f 608/15/65 609/16/65 610/17/65
f 608/15/65 610/17/65 611/18/65
f 611/18/66 610/17/66 612/19/66
f 611/18/66 612/19/66 613/20/66
f 613/20/67 612/19/67 614/21/67
f 613/20/67 614/21/67 615/22/67
f 615/22/68 614/21/68 616/23/68
f 615/22/68 616/23/68 617/24/68
f 617/24/69 616/23/69 618/25/69
f 617/24/69 618/25/69 619/26/69
f 619/26/70 618/25/70 620/27/70
f 619/26/70 620/27/70 621/28/70
f 621/28/71 620/27/71 622/29/71
f 621/28/71 622/29/71 623/30/71
f 623/30/72 622/29/72 624/31/72
f 623/30/72 624/31/72 625/32/72
f 625/32/73 624/31/73 626/33/73
f 625/32/73 626/33/73 627/34/73
f 627/34/74 626/33/74 628/35/74
f 627/34/74 628/35/74 629/36/74
f 629/36/75 628/35/75 630/37/75
f 629/36/75 630/37/75 631/38/75
f 631/38/76 630/37/76 632/39/76
f 631/38/76 632/39/76 633/40/76
f 633/40/77 632/39/77 634/41/77
f 633/40/77 634/41/77 635/42/77
f 635/42/78 634/41/78 636/43/78
f 635/42/78 636/43/78 637/44/78
f 637/44/79 636/43/79 638/45/79
f 637/44/79 638/45/79 639/46/79
f 639/46/80 638/45/80 640/47/80
f 639/46/80 640/47/80 641/48/80
f 641/48/81 640/47/81 642/49/81
f 641/48/81 642/49/81 643/50/81
f 643/50/82 642/49/82 644/51/82
f 643/50/82 644/51/82 645/52/82
f 612/97/83 610/54/83 609/55/83
f 609/55/83 646/56/83 644/100/83
f 644/100/83 642/101/83 640/59/83
f 640/59/83 638/60/83 636/61/83
f 636/61/83 634/104/83 632/105/83
f 632/105/83 630/64/83 628/65/83
f 628/65/83 626/66/83 624/108/83
f 624/108/83 622/109/83 620/69/83
f 620/69/83 618/70/83 616/71/83
f 616/71/83 614/112/83 612/97/83
f 612/97/83 609/55/83 644/100/83
f 644/100/83 640/59/83 636/61/83
f 636/61/83 632/105/83 628/65/83
f 628/65/83 624/108/83 620/69/83
f 620/69/83 616/71/83 612/97/83
f 612/97/83 644/100/83 636/61/83
f 636/61/83 628/65/83 620/69/83
f 636/61/83 620/69/83 612/97/83
f 645/52/84 644/51/84 646/73/84
f 645/52/84 646/73/84 647/74/84
f 647/74/85 646/73/85 609/75/85
f 647/74/85 609/75/85 608/76/85
f 647/77/86 608/78/86 611/79/86
f 611/79/86 613/115/86 615/116/86
f 615/116/86 617/82/86 619/83/86
f 619/83/86 621/84/86 623/119/86
f 623/119/86 625/120/86 627/87/86
f 627/87/86 629/88/86 631/89/86
f 631/89/86 633/123/86 635/124/86
f 635/124/86 637/92/86 639/93/86
f 639/93/86 641/94/86 643/127/86
f 643/127/86 645/128/86 647/77/86
f 647/77/86 611/79/86 615/116/86
f 615/116/86 619/83/86 623/119/86
f 623/119/86 627/87/86 631/89/86
f 631/89/86 635/124/86 639/93/86
f 639/93/86 643/127/86 647/77/86
f 647/77/86 615/116/86 623/119/86
f 623/119/86 631/89/86 639/93/86
f 623/119/86 639/93/86 647/77/86
f 648/15/87 649/16/87 650/17/87
f 648/15/87 650/17/87 651/18/87
f 651/18/88 650/17/88 652/19/88
f 651/18/88 652/19/88 653/20/88
f 653/20/45 652/19/45 654/21/45
f 653/20/45 654/21/45 655/22/45
f 655/22/89 654/21/89 656/23/89
f 655/22/89 656/23/89 657/24/89
f 657/24/90 656/23/90 658/25/90
f 657/24/90 658/25/90 659/26/90
f 659/26/91 658/25/91 660/27/91
f 659/26/91 660/27/91 661/28/91
f 661/28/92 660/27/92 662/29/92
f 661/28/92 662/29/92 663/30/92
f 663/30/50 662/29/50 664/31/50
f 663/30/50 664/31/50 665/32/50
f 665/32/93 664/31/93 666/33/93
f 665/32/93 666/33/93 667/34/93
f 667/34/94 666/33/94 668/35/94
f 667/34/94 668/35/94 669/36/94
f 669/36/95 668/35/95 670/37/95
f 669/36/95 670/37/95 671/38/95
f 671/38/96 670/37/96 672/39/96
f 671/38/96 672/39/96 673/40/96
f 673/40/55 672/39/55 674/41/55
f 673/40/55 674/41/55 675/42/55
f 675/42/97 674/41/97 676/43/97
f 675/42/97 676/43/97 677/44/97
f 677/44/98 676/43/98 678/45/98
f 677/44/98 678/45/98 679/46/98
f 679/46/99 678/45/99 680/47/99
f 679/46/99 680/47/99 681/48/99
f 681/48/100 680/47/100 682/49/100
f 681/48/100 682/49/100 683/50/100
f 683/50/60 682/49/60 684/51/60
f 683/50/60 684/51/60 685/52/60
f 652/97/101 650/98/101 649/55/101
f 649/55/101 686/99/101 684/100/101
f 684/100/101 682/101/101 680/102/101
f 680/102/101 678/60/101 676/103/101
f 676/103/101 674/104/101 672/105/101
f 672/105/101 670/106/101 668/65/101
f 668/65/101 666/107/101 664/108/101
f 664/108/101 662/109/101 660/110/101
f 660/110/101 658/70/101 656/111/101
f 656/111/101 654/112/101 652/97/101
f 652/97/101 649/55/101 684/100/101
f 684/100/101 680/102/101 676/103/101
f 676/103/101 672/105/101 668/65/101
f 668/65/101 664/108/101 660/110/101
f 660/110/101 656/111/101 652/97/101
f 652/97/101 684/100/101 676/103/101
f 676/103/101 668/65/101 660/110/101
f 676/103/101 660/110/101 652/97/101
f 685/52/102 684/51/102 686/73/102
f 685/52/102 686/73/102 687/74/102
f 687/74/103 686/73/103 649/75/103
f 687/74/103 649/75/103 648/76/103
f 687/113/5 648/78/5 651/114/5
f 651/114/5 653/115/5 655/116/5
f 655/116/5 657/117/5 659/83/5
f 659/83/5 661/118/5 663/119/5
f 663/119/5 665/120/5 667/121/5
f 667/121/5 669/88/5 671/122/5
f 671/122/5 673/123/5 675/124/5
f 675/124/5 677/125/5 679/93/5
f 679/93/5 681/126/5 683/127/5
f 683/127/5 685/128/5 687/113/5
f 687/113/5 651/114/5 655/116/5
f 655/116/5 659/83/5 663/119/5
f 663/119/5 667/121/5 671/122/5
f 671/122/5 675/124/5 679/93/5
f 679/93/5 683/127/5 687/113/5
f 687/113/5 655/116/5 663/119/5
f 663/119/5 671/122/5 679/93/5
f 663/119/5 679/93/5 687/113/5
f 688/15/87 689/16/87 690/17/87
f 688/15/87 690/17/87 691/18/87
f 691/18/88 690/17/88 692/19/88
f 691/18/88 692/19/88 693/20/88
f 693/20/45 692/19/45 694/21/45
f 693/20/45 694/21/45 695/22/45
f 695/22/89 694/21/89 696/23/89
f 695/22/89 696/23/89 697/24/89
f 697/24/90 696/23/90 698/25/90
f 697/24/90 698/25/90 699/26/90
f 699/26/91 698/25/91 700/27/91
f 699/26/91 700/27/91 701/28/91
f 701/28/92 700/27/92 702/29/92
f 701/28/92 702/29/92 703/30/92
f 703/30/50 702/29/50 704/31/50
f 703/30/50 704/31/50 705/32/50
f 705/32/93 704/31/93 706/33/93
f 705/32/93 706/33/93 707/34/93
f 707/34/94 706/33/94 708/35/94
f 707/34/94 708/35/94 709/36/94
f 709/36/95 708/35/95 710/37/95
f 709/36/95 710/37/95 711/38/95
f 711/38/96 710/37/96 712/39/96
f 711/38/96 712/39/96 713/40/96
f 713/40/55 712/39/55 714/41/55
f 713/40/55 714/41/55 715/42/55
f 715/42/97 714/41/97 716/43/97
f 715/42/97 716/43/97 717/44/97
f 717/44/98 716/43/98 718/45/98
f 717/44/98 718/45/98 719/46/98
f 719/46/99 718/45/99 720/47/99
f 719/46/99 720/47/99 721/48/99
f 721/48/100 720/47/100 722/49/100
f 721/48/100 722/49/100 723/50/100
f 723/50/60 722/49/60 724/51/60
f 723/50/60 724/51/60 725/52/60
f 692/97/101 690/98/101 689/55/101
f 689/55/101 726/99/101 724/100/101
f 724/100/101 722/101/101 720/102/101
f 720/102/101 718/60/101 716/103/101
f 716/103/101 714/104/101 712/105/101
f 712/105/101 710/106/101 708/65/101
f 708/65/101 706/107/101 704/108/101
f 704/108/101 702/109/101 700/110/101
f 700/110/101 698/70/101 696/111/101
f 696/111/101 694/112/101 692/97/101
f 692/97/101 689/55/101 724/100/101
f 724/100/101 720/102/101 716/103/101
f 716/103/101 712/105/101 708/65/101
f 708/65/101 704/108/101 700/110/101
f 700/110/101 696/111/101 692/97/101
f 692/97/101 724/100/101 716/103/101
f 716/103/101 708/65/101 700/110/101
f 716/103/101 700/110/101 692/97/101
f 725/52/102 724/51/102 726/73/102
f 725/52/102 726/73/102 727/74/102
f 727/74/103 726/73/103 689/75/103
f 727/74/103 689/75/103 688/76/103
f 727/113/5 688/78/5 691/114/5
f 691/114/5 693/115/5 695/116/5
f 695/116/5 697/117/5 699/83/5
f 699/83/5 701/118/5 703/119/5
f 703/119/5 705/120/5 707/121/5
f 707/121/5 709/88/5 711/122/5
f 711/122/5 713/123/5 715/124/5
f 715/124/5 717/125/5 719/93/5
f 719/93/5 721/126/5 723/127/5
f 723/127/5 725/128/5 727/113/5
f 727/113/5 691/114/5 695/116/5
f 695/116/5 699/83/5 703/119/5
f 703/119/5 707/121/5 711/122/5
f 711/122/5 715/124/5 719/93/5
f 719/93/5 723/127/5 727/113/5
f 727/113/5 695/116/5 703/119/5
f 703/119/5 711/122/5 719/93/5
f 703/119/5 719/93/5 727/113/5
f 728/1/104 729/2/104 730/3/104
f 728/1/104 730/3/104 731/4/104
f 731/4/2 730/3/2 732/5/2
f 731/4/2 732/5/2 733/6/2
f 733/6/105 732/5/105 734/7/105
f 733/6/105 734/7/105 735/8/105
f 735/8/4 734/7/4 729/9/4
f 735/8/4 729/9/4 728/10/4
f 731/11/106 733/6/106 735/8/106
f 731/11/106 735/8/106 728/12/106
f 732/5/107 730/13/107 729/14/107
f 732/5/107 729/14/107 734/7/107
f 736/1/15 737/2/15 738/3/15
f 736/1/15 738/3/15 739/4/15
f 739/4/16 738/3/16 740/5/16
f 739/4/16 740/5/16 741/6/16
f 741/6/17 740/5/17 742/7/17
f 741/6/17 742/7/17 743/8/17
f 743/8/18 742/7/18 737/9/18
f 743/8/18 737/9/18 736/10/18
f 739/11/5 741/6/5 743/8/5
f 739/11/5 743/8/5 736/12/5
f 740/5/6 738/13/6 737/14/6
f 740/5/6 737/14/6 742/7/6
f 744/1/19 745/2/19 746/3/19
f 744/1/19 746/3/19 747/4/19
f 747/4/16 746/3/16 748/5/16
f 747/4/16 748/5/16 749/6/16
f 749/6/20 748/5/20 750/7/20
f 749/6/20 750/7/20 751/8/20
f 751/8/18 750/7/18 745/9/18
f 751/8/18 745/9/18 744/10/18
f 747/11/5 749/6/5 751/8/5
f 747/11/5 751/8/5 744/12/5
f 748/5/6 746/13/6 745/14/6
f 748/5/6 745/14/6 750/7/6
f 752/1/19 753/2/19 754/3/19
f 752/1/19 754/3/19 755/4/19
f 755/4/16 754/3/16 756/5/16
f 755/4/16 756/5/16 757/6/16
f 757/6/20 756/5/20 758/7/20
f 757/6/20 758/7/20 759/8/20
f 759/8/18 758/7/18 753/9/18
f 759/8/18 753/9/18 752/10/18
f 755/11/5 757/6/5 759/8/5
f 755/11/5 759/8/5 752/12/5
f 756/5/6 754/13/6 753/14/6
f 756/5/6 753/14/6 758/7/6
f 760/15/108 761/16/108 762/17/108
f 760/15/108 762/17/108 763/18/108
f 763/18/109 762/17/109 764/19/109
f 763/18/109 764/19/109 765/20/109
f 765/20/110 764/19/110 766/21/110
f 765/20/110 766/21/110 767/22/110
f 767/22/111 766/21/111 768/23/111
f 767/22/111 768/23/111 769/24/111
f 769/24/112 768/23/112 770/25/112
f 769/24/112 770/25/112 771/26/112
f 771/26/113 770/25/113 772/27/113
f 771/26/113 772/27/113 773/28/113
f 773/28/114 772/27/114 774/29/114
f 773/28/114 774/29/114 775/30/114
f 775/30/115 774/29/115 776/31/115
f 775/30/115 776/31/115 777/32/115
f 777/32/116 776/31/116 778/33/116
f 777/32/116 778/33/116 779/34/116
f 779/34/117 778/33/117 780/35/117
f 779/34/117 780/35/117 781/36/117
f 781/36/118 780/35/118 782/37/118
f 781/36/118 782/37/118 783/38/118
f 783/38/119 782/37/119 784/39/119
f 783/38/119 784/39/119 785/40/119
f 785/40/120 784/39/120 786/41/120
f 785/40/120 786/41/120 787/42/120
f 787/42/121 786/41/121 788/43/121
f 787/42/121 788/43/121 789/44/121
f 789/44/122 788/43/122 790/45/122
f 789/44/122 790/45/122 791/46/122
f 791/46/123 790/45/123 792/47/123
f 791/46/123 792/47/123 793/48/123
f 793/48/124 792/47/124 794/49/124
f 793/48/124 794/49/124 795/50/124
f 795/50/125 794/49/125 796/51/125
f 795/50/125 796/51/125 797/52/125
f 764/97/126 762/54/126 761/55/126
f 761/55/126 798/56/126 796/100/126
f 796/100/126 794/101/126 792/59/126
f 792/59/126 790/60/126 788/61/126
f 788/61/126 786/104/126 784/105/126
f 784/105/126 782/64/126 780/65/126
f 780/65/126 778/66/126 776/108/126
f 776/108/126 774/109/126 772/69/126
f 772/69/126 770/70/126 768/71/126
f 768/71/126 766/112/126 764/97/126
f 764/97/126 761/55/126 796/100/126
f 796/100/126 792/59/126 788/61/126
f 788/61/126 784/105/126 780/65/126
f 780/65/126 776/108/126 772/69/126
f 772/69/126 768/71/126 764/97/126
f 764/97/126 796/100/126 788/61/126
f 788/61/126 780/65/126 772/69/126
f 788/61/126 772/69/126 764/97/126
f 797/52/127 796/51/127 798/73/127
f 797/52/127 798/73/127 799/74/127
f 799/74/128 798/73/128 761/75/128
f 799/74/128 761/75/128 760/76/128
f 799/77/129 760/78/129 763/79/129
f 763/79/129 765/115/129 767/116/129
f 767/116/129 769/82/129 771/83/129
f 771/83/129 773/84/129 775/119/129
f 775/119/129 777/120/129 779/87/129
f 779/87/129 781/88/129 783/89/129
f 783/89/129 785/123/129 787/124/129
f 787/124/129 789/92/129 791/93/129
f 791/93/129 793/94/129 795/127/129
f 795/127/129 797/128/129 799/77/129
f 799/77/129 763/79/129 767/116/129
f 767/116/129 771/83/129 775/119/129
f 775/119/129 779/87/129 783/89/129
f 783/89/129 787/124/129 791/93/129
f 791/93/129 795/127/129 799/77/129
f 799/77/129 767/116/129 775/119/129
f 775/119/129 783/89/129 791/93/129
f 775/119/129 791/93/129 799/77/129
f 800/15/108 801/16/108 802/17/108
f 800/15/108 802/17/108 803/18/108
f 803/18/109 802/17/109 804/19/109
f 803/18/109 804/19/109 805/20/109
f 805/20/110 804/19/110 806/21/110
f 805/20/110 806/21/110 807/22/110
f 807/22/111 806/21/111 808/23/111
f 807/22/111 808/23/111 809/24/111
f 809/24/112 808/23/112 810/25/112
f 809/24/112 810/25/112 811/26/112
f 811/26/113 810/25/113 812/27/113
f 811/26/113 812/27/113 813/28/113
f 813/28/114 812/27/114 814/29/114
f 813/28/114 814/29/114 815/30/114
f 815/30/115 814/29/115 816/31/115
f 815/30/115 816/31/115 817/32/115
f 817/32/116 816/31/116 818/33/116
f 817/32/116 818/33/116 819/34/116
f 819/34/117 818/33/117 820/35/117
f 819/34/117 820/35/117 821/36/117
f 821/36/118 820/35/118 822/37/118
f 821/36/118 822/37/118 823/38/118
f 823/38/119 822/37/119 824/39/119
f 823/38/119 824/39/119 825/40/119
f 825/40/120 824/39/120 826/41/120
f 825/40/120 826/41/120 827/42/120
f 827/42/121 826/41/121 828/43/121
f 827/42/121 828/43/121 829/44/121
f 829/44/122 828/43/122 830/45/122
f 829/44/122 830/45/122 831/46/122
f 831/46/123 830/45/123 832/47/123
f 831/46/123 832/47/123 833/48/123
f 833/48/124 832/47/124 834/49/124
f 833/48/124 834/49/124 835/50/124
f 835/50/125 834/49/125 836/51/125
f 835/50/125 836/51/125 837/52/125
f 804/97/126 802/54/126 801/55/126
f 801/55/126 838/56/126 836/100/126
f 836/100/126 834/101/126 832/59/126
f 832/59/126 830/60/126 828/61/126
f 828/61/126 826/104/126 824/105/126
f 824/105/126 822/64/126 820/65/126
f 820/65/126 818/66/126 816/108/126
f 816/108/126 814/109/126 812/69/126
f 812/69/126 810/70/126 808/71/126
f 808/71/126 806/112/126 804/97/126
f 804/97/126 801/55/126 836/100/126
f 836/100/126 832/59/126 828/61/126
f 828/61/126 824/105/126 820/65/126
f 820/65/126 816/108/126 812/69/126
f 812/69/126 808/71/126 804/97/126
f 804/97/126 836/100/126 828/61/126
f 828/61/126 820/65/126 812/69/126
f 828/61/126 812/69/126 804/97/126
f 837/52/127 836/51/127 838/73/127
f 837/52/127 838/73/127 839/74/127
f 839/74/128 838/73/128 801/75/128
f 839/74/128 801/75/128 800/76/128
f 839/77/129 800/78/129 803/79/129
f 803/79/129 805/115/129 807/116/129
f 807/116/129 809/82/129 811/83/129
f 811/83/129 813/84/129 815/119/129
f 815/119/129 817/120/129 819/87/129
f 819/87/129 821/88/129 823/89/129
f 823/89/129 825/123/129 827/124/129
f 827/124/129 829/92/129 831/93/129
f 831/93/129 833/94/129 835/127/129
f 835/127/129 837/128/129 839/77/129
f 839/77/129 803/79/129 807/116/129
f 807/116/129 811/83/129 815/119/129
f 815/119/129 819/87/129 823/89/129
f 823/89/129 827/124/129 831/93/129
f 831/93/129 835/127/129 839/77/129
f 839/77/129 807/116/129 815/119/129
f 815/119/129 823/89/129 831/93/129
f 815/119/129 831/93/129 839/77/129
f 840/15/108 841/16/108 842/17/108
f 840/15/108 842/17/108 843/18/108
f 843/18/109 842/17/109 844/19/109
f 843/18/109 844/19/109 845/20/109
f 845/20/110 844/19/110 846/21/110
f 845/20/110 846/21/110 847/22/110
f 847/22/111 846/21/111 848/23/111
f 847/22/111 848/23/111 849/24/111
f 849/24/112 848/23/112 850/25/112
f 849/24/112 850/25/112 851/26/112
f 851/26/113 850/25/113 852/27/113
f 851/26/113 852/27/113 853/28/113
f 853/28/114 852/27/114 854/29/114
f 853/28/114 854/29/114 855/30/114
f 855/30/115 854/29/115 856/31/115
f 855/30/115 856/31/115 857/32/115
f 857/32/116 856/31/116 858/33/116
f 857/32/116 858/33/116 859/34/116
f 859/34/117 858/33/117 860/35/117
f 859/34/117 860/35/117 861/36/117
f 861/36/118 860/35/118 862/37/118
f 861/36/118 862/37/118 863/38/118
f 863/38/119 862/37/119 864/39/119
f 863/38/119 864/39/119 865/40/119
f 865/40/120 864/39/120 866/41/120
f 865/40/120 866/41/120 867/42/120
f 867/42/121 866/41/121 868/43/121
f 867/42/121 868/43/121 869/44/121
f 869/44/122 868/43/122 870/45/122
f 869/44/122 870/45/122 871/46/122
f 871/46/123 870/45/123 872/47/123
f 871/46/123 872/47/123 873/48/123
f 873/48/124 872/47/124 874/49/124
f 873/48/124 874/49/124 875/50/124
f 875/50/125 874/49/125 876/51/125
f 875/50/125 876/51/125 877/52/125
f 844/97/126 842/54/126 841/55/126
f 841/55/126 878/56/126 876/100/126
f 876/100/126 874/101/126 872/59/126
f 872/59/126 870/60/126 868/61/126
f 868/61/126 866/104/126 864/105/126
f 864/105/126 862/64/126 860/65/126
f 860/65/126 858/66/126 856/108/126
f 856/108/126 854/109/126 852/69/126
f 852/69/126 850/70/126 848/71/126
f 848/71/126 846/112/126 844/97/126
f 844/97/126 841/55/126 876/100/126
f 876/100/126 872/59/126 868/61/126
f 868/61/126 864/105/126 860/65/126
f 860/65/126 856/108/126 852/69/126
f 852/69/126 848/71/126 844/97/126
f 844/97/126 876/100/126 868/61/126
f 868/61/126 860/65/126 852/69/126
f 868/61/126 852/69/126 844/97/126
f 877/52/127 876/51/127 878/73/127
f 877/52/127 878/73/127 879/74/127
f 879/74/128 878/73/128 841/75/128
f 879/74/128 841/75/128 840/76/128
f 879/77/129 840/78/129 843/79/129
f 843/79/129 845/115/129 847/116/129
f 847/116/129 849/82/129 851/83/129
f 851/83/129 853/84/129 855/119/129
f 855/119/129 857/120/129 859/87/129
f 859/87/129 861/88/129 863/89/129
f 863/89/129 865/123/129 867/124/129
f 867/124/129 869/92/129 871/93/129
f 871/93/129 873/94/129 875/127/129
f 875/127/129 877/128/129 879/77/129
f 879/77/129 843/79/129 847/116/129
f 847/116/129 851/83/129 855/119/129
f 855/119/129 859/87/129 863/89/129
f 863/89/129 867/124/129 871/93/129
f 871/93/129 875/127/129 879/77/129
f 879/77/129 847/116/129 855/119/129
f 855/119/129 863/89/129 871/93/129
f 855/119/129 871/93/129 879/77/129
f 880/15/130 881/16/130 882/17/130
f 880/15/130 882/17/130 883/18/130
f 883/18/131 882/17/131 884/19/131
f 883/18/131 884/19/131 885/20/131
f 885/20/132 884/19/132 886/21/132
f 885/20/132 886/21/132 887/22/132
f 887/22/111 886/21/111 888/23/111
f 887/22/111 888/23/111 889/24/111
f 889/24/133 888/23/133 890/25/133
f 889/24/133 890/25/133 891/26/133
f 891/26/134 890/25/134 892/27/134
f 891/26/134 892/27/134 893/28/134
f 893/28/114 892/27/114 894/29/114
f 893/28/114 894/29/114 895/30/114
f 895/30/135 894/29/135 896/31/135
f 895/30/135 896/31/135 897/32/135
f 897/32/136 896/31/136 898/33/136
f 897/32/136 898/33/136 899/34/136
f 899/34/137 898/33/137 900/35/137
f 899/34/137 900/35/137 901/36/137
f 901/36/138 900/35/138 902/37/138
f 901/36/138 902/37/138 903/38/138
f 903/38/139 902/37/139 904/39/139
f 903/38/139 904/39/139 905/40/139
f 905/40/140 904/39/140 906/41/140
f 905/40/140 906/41/140 907/42/140
f 907/42/121 906/41/121 908/43/121
f 907/42/121 908/43/121 909/44/121
f 909/44/141 908/43/141 910/45/141
f 909/44/141 910/45/141 911/46/141
f 911/46/142 910/45/142 912/47/142
f 911/46/142 912/47/142 913/48/142
f 913/48/124 912/47/124 914/49/124
f 913/48/124 914/49/124 915/50/124
f 915/50/143 914/49/143 916/51/143
f 915/50/143 916/51/143 917/52/143
f 884/97/144 882/54/144 881/55/144
f 881/55/144 918/56/144 916/100/144
f 916/100/144 914/101/144 912/59/144
f 912/59/144 910/60/144 908/61/144
f 908/61/144 906/104/144 904/105/144
f 904/105/144 902/64/144 900/65/144
f 900/65/144 898/66/144 896/108/144
f 896/108/144 894/109/144 892/69/144
f 892/69/144 890/70/144 888/71/144
f 888/71/144 886/112/144 884/97/144
f 884/97/144 881/55/144 916/100/144
f 916/100/144 912/59/144 908/61/144
f 908/61/144 904/105/144 900/65/144
f 900/65/144 896/108/144 892/69/144
f 892/69/144 888/71/144 884/97/144
f 884/97/144 916/100/144 908/61/144
f 908/61/144 900/65/144 892/69/144
f 908/61/144 892/69/144 884/97/144
f 917/52/145 916/51/145 918/73/145
f 917/52/145 918/73/145 919/74/145
f 919/74/146 918/73/146 881/75/146
f 919/74/146 881/75/146 880/76/146
f 919/77/147 880/78/147 883/79/147
f 883/79/147 885/115/147 887/116/147
f 887/116/147 889/82/147 891/83/147
f 891/83/147 893/84/147 895/119/147
f 895/119/147 897/120/147 899/87/147
f 899/87/147 901/88/147 903/89/147
f 903/89/147 905/123/147 907/124/147
f 907/124/147 909/92/147 911/93/147
f 911/93/147 913/94/147 915/127/147
f 915/127/147 917/128/147 919/77/147
f 919/77/147 883/79/147 887/116/147
f 887/116/147 891/83/147 895/119/147
f 895/119/147 899/87/147 903/89/147
f 903/89/147 907/124/147 911/93/147
f 911/93/147 915/127/147 919/77/147
f 919/77/147 887/116/147 895/119/147
f 895/119/147 903/89/147 911/93/147
f 895/119/147 911/93/147 919/77/147
f 920/15/65 921/16/65 922/17/65
f 920/15/65 922/17/65 923/18/65
f 923/18/148 922/17/148 924/19/148
f 923/18/148 924/19/148 925/20/148
f 925/20/45 924/19/45 926/21/45
f 925/20/45 926/21/45 927/22/45
f 927/22/149 926/21/149 928/23/149
f 927/22/149 928/23/149 929/24/149
f 929/24/150 928/23/150 930/25/150
f 929/24/150 930/25/150 931/26/150
f 931/26/151 930/25/151 932/27/151
f 931/26/151 932/27/151 933/28/151
f 933/28/152 932/27/152 934/29/152
f 933/28/152 934/29/152 935/30/152
f 935/30/50 934/29/50 936/31/50
f 935/30/50 936/31/50 937/32/50
f 937/32/153 936/31/153 938/33/153
f 937/32/153 938/33/153 939/34/153
f 939/34/74 938/33/74 940/35/74
f 939/34/74 940/35/74 941/36/74
f 941/36/75 940/35/75 942/37/75
f 941/36/75 942/37/75 943/38/75
f 943/38/154 942/37/154 944/39/154
f 943/38/154 944/39/154 945/40/154
f 945/40/55 944/39/55 946/41/55
f 945/40/55 946/41/55 947/42/55
f 947/42/155 946/41/155 948/43/155
f 947/42/155 948/43/155 949/44/155
f 949/44/156 948/43/156 950/45/156
f 949/44/156 950/45/156 951/46/156
f 951/46/157 950/45/157 952/47/157
f 951/46/157 952/47/157 953/48/157
f 953/48/158 952/47/158 954/49/158
f 953/48/158 954/49/158 955/50/158
f 955/50/60 954/49/60 956/51/60
f 955/50/60 956/51/60 957/52/60
f 924/97/159 922/54/159 921/55/159
f 921/55/159 958/56/159 956/100/159
f 956/100/159 954/101/159 952/59/159
f 952/59/159 950/60/159 948/61/159
f 948/61/159 946/104/159 944/105/159
f 944/105/159 942/64/159 940/65/159
f 940/65/159 938/66/159 936/108/159
f 936/108/159 934/109/159 932/69/159
f 932/69/159 930/70/159 928/71/159
f 928/71/159 926/112/159 924/97/159
f 924/97/159 921/55/159 956/100/159
f 956/100/159 952/59/159 948/61/159
f 948/61/159 944/105/159 940/65/159
f 940/65/159 936/108/159 932/69/159
f 932/69/159 928/71/159 924/97/159
f 924/97/159 956/100/159 948/61/159
f 948/61/159 940/65/159 932/69/159
f 948/61/159 932/69/159 924/97/159
f 957/52/160 956/51/160 958/73/160
f 957/52/160 958/73/160 959/74/160
f 959/74/85 958/73/85 921/75/85
f 959/74/85 921/75/85 920/76/85
f 959/77/161 920/78/161 923/79/161
f 923/79/161 925/115/161 927/116/161
f 927/116/161 929/82/161 931/83/161
f 931/83/161 933/84/161 935/119/161
f 935/119/161 937/120/161 939/87/161
f 939/87/161 941/88/161 943/89/161
f 943/89/161 945/123/161 947/124/161
f 947/124/161 949/92/161 951/93/161
f 951/93/161 953/94/161 955/127/161
f 955/127/161 957/128/161 959/77/161
f 959/77/161 923/79/161 927/116/161
f 927/116/161 931/83/161 935/119/161
f 935/119/161 939/87/161 943/89/161
f 943/89/161 947/124/161 951/93/161
f 951/93/161 955/127/161 959/77/161
f 959/77/161 927/116/161 935/119/161
f 935/119/161 943/89/161 951/93/161
f 935/119/161 951/93/161 959/77/161
f 960/15/162 961/16/162 962/17/162
f 960/15/162 962/17/162 963/18/162
f 963/18/163 962/17/163 964/19/163
f 963/18/163 964/19/163 965/20/163
f 965/20/110 964/19/110 966/21/110
f 965/20/110 966/21/110 967/22/110
f 967/22/164 966/21/164 968/23/164
f 967/22/164 968/23/164 969/24/164
f 969/24/165 968/23/165 970/25/165
f 969/24/165 970/25/165 971/26/165
f 971/26/166 970/25/166 972/27/166
f 971/26/166 972/27/166 973/28/166
f 973/28/167 972/27/167 974/29/167
f 973/28/167 974/29/167 975/30/167
f 975/30/115 974/29/115 976/31/115
f 975/30/115 976/31/115 977/32/115
f 977/32/168 976/31/168 978/33/168
f 977/32/168 978/33/168 979/34/168
f 979/34/169 978/33/169 980/35/169
f 979/34/169 980/35/169 981/36/169
f 981/36/170 980/35/170 982/37/170
f 981/36/170 982/37/170 983/38/170
f 983/38/171 982/37/171 984/39/171
f 983/38/171 984/39/171 985/40/171
f 985/40/120 984/39/120 986/41/120
f 985/40/120 986/41/120 987/42/120
f 987/42/172 986/41/172 988/43/172
f 987/42/172 988/43/172 989/44/172
f 989/44/173 988/43/173 990/45/173
f 989/44/173 990/45/173 991/46/173
f 991/46/174 990/45/174 992/47/174
f 991/46/174 992/47/174 993/48/174
f 993/48/175 992/47/175 994/49/175
f 993/48/175 994/49/175 995/50/175
f 995/50/125 994/49/125 996/51/125
f 995/50/125 996/51/125 997/52/125
f 964/97/176 962/54/176 961/55/176
f 961/55/176 998/129/176 996/100/176
f 996/100/176 994/101/176 992/59/176
f 992/59/176 990/60/176 988/130/176
f 988/130/176 986/104/176 984/105/176
f 984/105/176 982/131/176 980/65/176
f 980/65/176 978/66/176 976/108/176
f 976/108/176 974/109/176 972/132/176
f 972/132/176 970/70/176 968/71/176
f 968/71/176 966/112/176 964/97/176
f 964/97/176 961/55/176 996/100/176
f 996/100/176 992/59/176 988/130/176
f 988/130/176 984/105/176 980/65/176
f 980/65/176 976/108/176 972/132/176
f 972/132/176 968/71/176 964/97/176
f 964/97/176 996/100/176 988/130/176
f 988/130/176 980/65/176 972/132/176
f 988/130/176 972/132/176 964/97/176
f 997/52/177 996/51/177 998/73/177
f 997/52/177 998/73/177 999/74/177
f 999/74/178 998/73/178 961/75/178
f 999/74/178 961/75/178 960/76/178
f 999/77/179 960/78/179 963/79/179
f 963/79/179 965/115/179 967/116/179
f 967/116/179 969/82/179 971/83/179
f 971/83/179 973/133/179 975/119/179
f 975/119/179 977/120/179 979/87/179
f 979/87/179 981/88/179 983/89/179
f 983/89/179 985/123/179 987/124/179
f 987/124/179 989/134/179 991/93/179
f 991/93/179 993/94/179 995/127/179
f 995/127/179 997/128/179 999/77/179
f 999/77/179 963/79/179 967/116/179
f 967/116/179 971/83/179 975/119/179
f 975/119/179 979/87/179 983/89/179
f 983/89/179 987/124/179 991/93/179
f 991/93/179 995/127/179 999/77/179
f 999/77/179 967/116/179 975/119/179
f 975/119/179 983/89/179 991/93/179
f 975/119/179 991/93/179 999/77/179
f 1000/15/162 1001/16/162 1002/17/162
f 1000/15/162 1002/17/162 1003/18/162
f 1003/18/163 1002/17/163 1004/19/163
f 1003/18/163 1004/19/163 1005/20/163
f 1005/20/110 1004/19/110 1006/21/110
f 1005/20/110 1006/21/110 1007/22/110
f 1007/22/164 1006/21/164 1008/23/164
f 1007/22/164 1008/23/164 1009/24/164
f 1009/24/165 1008/23/165 1010/25/165
f 1009/24/165 1010/25/165 1011/26/165
f 1011/26/166 1010/25/166 1012/27/166
f 1011/26/166 1012/27/166 1013/28/166
f 1013/28/167 1012/27/167 1014/29/167
f 1013/28/167 1014/29/167 1015/30/167
f 1015/30/115 1014/29/115 1016/31/115
f 1015/30/115 1016/31/115 1017/32/115
f 1017/32/168 1016/31/168 1018/33/168
f 1017/32/168 1018/33/168 1019/34/168
f 1019/34/169 1018/33/169 1020/35/169
f 1019/34/169 1020/35/169 1021/36/169
f 1021/36/170 1020/35/170 1022/37/170
f 1021/36/170 1022/37/170 1023/38/170
f 1023/38/171 1022/37/171 1024/39/171
f 1023/38/171 1024/39/171 1025/40/171
f 1025/40/120 1024/39/120 1026/41/120
f 1025/40/120 1026/41/120 1027/42/120
f 1027/42/172 1026/41/172 1028/43/172
f 1027/42/172 1028/43/172 1029/44/172
f 1029/44/173 1028/43/173 1030/45/173
f 1029/44/173 1030/45/173 1031/46/173
f 1031/46/174 1030/45/174 1032/47/174
f 1031/46/174 1032/47/174 1033/48/174
f 1033/48/175 1032/47/175 1034/49/175
f 1033/48/175 1034/49/175 1035/50/175
f 1035/50/125 1034/49/125 1036/51/125
f 1035/50/125 1036/51/125 1037/52/125
f 1004/97/176 1002/54/176 1001/55/176
f 1001/55/176 1038/129/176 1036/100/176
f 1036/100/176 1034/101/176 1032/59/176
f 1032/59/176 1030/60/176 1028/130/176
f 1028/130/176 1026/104/176 1024/105/176
f 1024/105/176 1022/131/176 1020/65/176
f 1020/65/176 1018/66/176 1016/108/176
f 1016/108/176 1014/109/176 1012/132/176
f 1012/132/176 1010/70/176 1008/71/176
f 1008/71/176 1006/112/176 1004/97/176
f 1004/97/176 1001/55/176 1036/100/176
f 1036/100/176 1032/59/176 1028/130/176
f 1028/130/176 1024/105/176 1020/65/176
f 1020/65/176 1016/108/176 1012/132/176
f 1012/132/176 1008/71/176 1004/97/176
f 1004/97/176 1036/100/176 1028/130/176
f 1028/130/176 1020/65/176 1012/132/176
f 1028/130/176 1012/132/176 1004/97/176
f 1037/52/177 1036/51/177 1038/73/177
f 1037/52/177 1038/73/177 1039/74/177
f 1039/74/178 1038/73/178 1001/75/178
f 1039/74/178 1001/75/178 1000/76/178
f 1039/77/179 1000/78/179 1003/79/179
f 1003/79/179 1005/115/179 1007/116/179
f 1007/116/179 1009/82/179 1011/83/179
f 1011/83/179 1013/133/179 1015/119/179
f 1015/119/179 1017/120/179 1019/87/179
f 1019/87/179 1021/88/179 1023/89/179
f 1023/89/179 1025/123/179 1027/124/179
f 1027/124/179 1029/134/179 1031/93/179
f 1031/93/179 1033/94/179 1035/127/179
f 1035/127/179 1037/128/179 1039/77/179
f 1039/77/179 1003/79/179 1007/116/179
f 1007/116/179 1011/83/179 1015/119/179
f 1015/119/179 1019/87/179 1023/89/179
f 1023/89/179 1027/124/179 1031/93/179
f 1031/93/179 1035/127/179 1039/77/179
f 1039/77/179 1007/116/179 1015/119/179
f 1015/119/179 1023/89/179 1031/93/179
f 1015/119/179 1031/93/179 1039/77/179
f 1040/15/162 1041/16/162 1042/17/162
f 1040/15/162 1042/17/162 1043/18/162
f 1043/18/163 1042/17/163 1044/19/163
f 1043/18/163 1044/19/163 1045/20/163
f 1045/20/110 1044/19/110 1046/21/110
f 1045/20/110 1046/21/110 1047/22/110
f 1047/22/164 1046/21/164 1048/23/164
f 1047/22/164 1048/23/164 1049/24/164
f 1049/24/165 1048/23/165 1050/25/165
f 1049/24/165 1050/25/165 1051/26/165
f 1051/26/166 1050/25/166 1052/27/166
f 1051/26/166 1052/27/166 1053/28/166
f 1053/28/167 1052/27/167 1054/29/167
f 1053/28/167 1054/29/167 1055/30/167
f 1055/30/115 1054/29/115 1056/31/115
f 1055/30/115 1056/31/115 1057/32/115
f 1057/32/168 1056/31/168 1058/33/168
f 1057/32/168 1058/33/168 1059/34/168
f 1059/34/169 1058/33/169 1060/35/169
f 1059/34/169 1060/35/169 1061/36/169
f 1061/36/170 1060/35/170 1062/37/170
f 1061/36/170 1062/37/170 1063/38/170
f 1063/38/171 1062/37/171 1064/39/171
f 1063/38/171 1064/39/171 1065/40/171
f 1065/40/120 1064/39/120 1066/41/120
f 1065/40/120 1066/41/120 1067/42/120
f 1067/42/172 1066/41/172 1068/43/172
f 1067/42/172 1068/43/172 1069/44/172
f 1069/44/173 1068/43/173 1070/45/173
f 1069/44/173 1070/45/173 1071/46/173
f 1071/46/174 1070/45/174 1072/47/174
f 1071/46/174 1072/47/174 1073/48/174
f 1073/48/175 1072/47/175 1074/49/175
f 1073/48/175 1074/49/175 1075/50/175
f 1075/50/125 1074/49/125 1076/51/125
f 1075/50/125 1076/51/125 1077/52/125
f 1044/97/176 1042/54/176 1041/55/176
f 1041/55/176 1078/129/176 1076/100/176
f 1076/100/176 1074/101/176 1072/59/176
f 1072/59/176 1070/60/176 1068/130/176
f 1068/130/176 1066/104/176 1064/105/176
f 1064/105/176 1062/131/176 1060/65/176
f 1060/65/176 1058/66/176 1056/108/176
f 1056/108/176 1054/109/176 1052/132/176
f 1052/132/176 1050/70/176 1048/71/176
f 1048/71/176 1046/112/176 1044/97/176
f 1044/97/176 1041/55/176 1076/100/176
f 1076/100/176 1072/59/176 1068/130/176
f 1068/130/176 1064/105/176 1060/65/176
f 1060/65/176 1056/108/176 1052/132/176
f 1052/132/176 1048/71/176 1044/97/176
f 1044/97/176 1076/100/176 1068/130/176
f 1068/130/176 1060/65/176 1052/132/176
f 1068/130/176 1052/132/176 1044/97/176
f 1077/52/177 1076/51/177 1078/73/177
f 1077/52/177 1078/73/177 1079/74/177
f 1079/74/178 1078/73/178 1041/75/178
f 1079/74/178 1041/75/178 1040/76/178
f 1079/77/179 1040/78/179 1043/79/179
f 1043/79/179 1045/115/179 1047/116/179
f 1047/116/179 1049/82/179 1051/83/179
f 1051/83/179 1053/133/179 1055/119/179
f 1055/119/179 1057/120/179 1059/87/179
f 1059/87/179 1061/88/179 1063/89/179
f 1063/89/179 1065/123/179 1067/124/179
f 1067/124/179 1069/134/179 1071/93/179
f 1071/93/179 1073/94/179 1075/127/179
f 1075/127/179 1077/128/179 1079/77/179
f 1079/77/179 1043/79/179 1047/116/179
f 1047/116/179 1051/83/179 1055/119/179
f 1055/119/179 1059/87/179 1063/89/179
f 1063/89/179 1067/124/179 1071/93/179
f 1071/93/179 1075/127/179 1079/77/179
f 1079/77/179 1047/116/179 1055/119/179
f 1055/119/179 1063/89/179 1071/93/179
f 1055/119/179 1071/93/179 1079/77/179
f 1080/15/162 1081/16/162 1082/17/162
f 1080/15/162 1082/17/162 1083/18/162
f 1083/18/163 1082/17/163 1084/19/163
f 1083/18/163 1084/19/163 1085/20/163
f 1085/20/110 1084/19/110 1086/21/110
f 1085/20/110 1086/21/110 1087/22/110
f 1087/22/164 1086/21/164 1088/23/164
f 1087/22/164 1088/23/164 1089/24/164
f 1089/24/165 1088/23/165 1090/25/165
f 1089/24/165 1090/25/165 1091/26/165
f 1091/26/166 1090/25/166 1092/27/166
f 1091/26/166 1092/27/166 1093/28/166
f 1093/28/167 1092/27/167 1094/29/167
f 1093/28/167 1094/29/167 1095/30/167
f 1095/30/115 1094/29/115 1096/31/115
f 1095/30/115 1096/31/115 1097/32/115
f 1097/32/168 1096/31/168 1098/33/168
f 1097/32/168 1098/33/168 1099/34/168
f 1099/34/169 1098/33/169 1100/35/169
f 1099/34/169 1100/35/169 1101/36/169
f 1101/36/170 1100/35/170 1102/37/170
f 1101/36/170 1102/37/170 1103/38/170
f 1103/38/171 1102/37/171 1104/39/171
f 1103/38/171 1104/39/171 1105/40/171
f 1105/40/120 1104/39/120 1106/41/120
f 1105/40/120 1106/41/120 1107/42/120
f 1107/42/172 1106/41/172 1108/43/172
f 1107/42/172 1108/43/172 1109/44/172
f 1109/44/173 1108/43/173 1110/45/173
f 1109/44/173 1110/45/173 1111/46/173
f 1111/46/174 1110/45/174 1112/47/174
f 1111/46/174 1112/47/174 1113/48/174
f 1113/48/175 1112/47/175 1114/49/175
f 1113/48/175 1114/49/175 1115/50/175
f 1115/50/125 1114/49/125 1116/51/125
f 1115/50/125 1116/51/125 1117/52/125
f 1084/97/176 1082/54/176 1081/55/176
f 1081/55/176 1118/129/176 1116/100/176
f 1116/100/176 1114/101/176 1112/59/176
f 1112/59/176 1110/60/176 1108/130/176
f 1108/130/176 1106/104/176 1104/105/176
f 1104/105/176 1102/131/176 1100/65/176
f 1100/65/176 1098/66/176 1096/108/176
f 1096/108/176 1094/109/176 1092/132/176
f 1092/132/176 1090/70/176 1088/71/176
f 1088/71/176 1086/112/176 1084/97/176
f 1084/97/176 1081/55/176 1116/100/176
f 1116/100/176 1112/59/176 1108/130/176
f 1108/130/176 1104/105/176 1100/65/176
f 1100/65/176 1096/108/176 1092/132/176
f 1092/132/176 1088/71/176 1084/97/176
f 1084/97/176 1116/100/176 1108/130/176
f 1108/130/176 1100/65/176 1092/132/176
f 1108/130/176 1092/132/176 1084/97/176
f 1117/52/177 1116/51/177 1118/73/177
f 1117/52/177 1118/73/177 1119/74/177
f 1119/74/178 1118/73/178 1081/75/178
f 1119/74/178 1081/75/178 1080/76/178
f 1119/77/179 1080/78/179 1083/79/179
f 1083/79/179 1085/115/179 1087/116/179
f 1087/116/179 1089/82/179 1091/83/179
f 1091/83/179 1093/133/179 1095/119/179
f 1095/119/179 1097/120/179 1099/87/179
f 1099/87/179 1101/88/179 1103/89/179
f 1103/89/179 1105/123/179 1107/124/179
f 1107/124/179 1109/134/179 1111/93/179
f 1111/93/179 1113/94/179 1115/127/179
f 1115/127/179 1117/128/179 1119/77/179
f 1119/77/179 1083/79/179 1087/116/179
f 1087/116/179 1091/83/179 1095/119/179
f 1095/119/179 1099/87/179 1103/89/179
f 1103/89/179 1107/124/179 1111/93/179
f 1111/93/179 1115/127/179 1119/77/179
f 1119/77/179 1087/116/179 1095/119/179
f 1095/119/179 1103/89/179 1111/93/179
f 1095/119/179 1111/93/179 1119/77/179
f 1120/15/162 1121/16/162 1122/17/162
f 1120/15/162 1122/17/162 1123/18/162
f 1123/18/163 1122/17/163 1124/19/163
f 1123/18/163 1124/19/163 1125/20/163
f 1125/20/110 1124/19/110 1126/21/110
f 1125/20/110 1126/21/110 1127/22/110
f 1127/22/164 1126/21/164 1128/23/164
f 1127/22/164 1128/23/164 1129/24/164
f 1129/24/165 1128/23/165 1130/25/165
f 1129/24/165 1130/25/165 1131/26/165
f 1131/26/166 1130/25/166 1132/27/166
f 1131/26/166 1132/27/166 1133/28/166
f 1133/28/167 1132/27/167 1134/29/167
f 1133/28/167 1134/29/167 1135/30/167
f 1135/30/115 1134/29/115 1136/31/115
f 1135/30/115 1136/31/115 1137/32/115
f 1137/32/168 1136/31/168 1138/33/168
f 1137/32/168 1138/33/168 1139/34/168
f 1139/34/169 1138/33/169 1140/35/169
f 1139/34/169 1140/35/169 1141/36/169
f 1141/36/170 1140/35/170 1142/37/170
f 1141/36/170 1142/37/170 1143/38/170
f 1143/38/171 1142/37/171 1144/39/171
f 1143/38/171 1144/39/171 1145/40/171
f 1145/40/120 1144/39/120 1146/41/120
f 1145/40/120 1146/41/120 1147/42/120
f 1147/42/172 1146/41/172 1148/43/172
f 1147/42/172 1148/43/172 1149/44/172
f 1149/44/173 1148/43/173 1150/45/173
f 1149/44/173 1150/45/173 1151/46/173
f 1151/46/174 1150/45/174 1152/47/174
f 1151/46/174 1152/47/174 1153/48/174
f 1153/48/175 1152/47/175 1154/49/175
f 1153/48/175 1154/49/175 1155/50/175
f 1155/50/125 1154/49/125 1156/51/125
f 1155/50/125 1156/51/125 1157/52/125
f 1124/97/176 1122/54/176 1121/55/176
f 1121/55/176 1158/129/176 1156/100/176
f 1156/100/176 1154/101/176 1152/59/176
f 1152/59/176 1150/60/176 1148/130/176
f 1148/130/176 1146/104/176 1144/105/176
f 1144/105/176 1142/131/176 1140/65/176
f 1140/65/176 1138/66/176 1136/108/176
f 1136/108/176 1134/109/176 1132/132/176
f 1132/132/176 1130/70/176 1128/71/176
f 1128/71/176 1126/112/176 1124/97/176
f 1124/97/176 1121/55/176 1156/100/176
f 1156/100/176 1152/59/176 1148/130/176
f 1148/130/176 1144/105/176 1140/65/176
f 1140/65/176 1136/108/176 1132/132/176
f 1132/132/176 1128/71/176 1124/97/176
f 1124/97/176 1156/100/176 1148/130/176
f 1148/130/176 1140/65/176 1132/132/176
f 1148/130/176 1132/132/176 1124/97/176
f 1157/52/177 1156/51/177 1158/73/177
f 1157/52/177 1158/73/177 1159/74/177
f 1159/74/178 1158/73/178 1121/75/178
f 1159/74/178 1121/75/178 1120/76/178
f 1159/77/179 1120/78/179 1123/79/179
f 1123/79/179 1125/115/179 1127/116/179
f 1127/116/179 1129/82/179 1131/83/179
f 1131/83/179 1133/133/179 1135/119/179
f 1135/119/179 1137/120/179 1139/87/179
f 1139/87/179 1141/88/179 1143/89/179
f 1143/89/179 1145/123/179 1147/124/179
f 1147/124/179 1149/134/179 1151/93/179
f 1151/93/179 1153/94/179 1155/127/179
f 1155/127/179 1157/128/179 1159/77/179
f 1159/77/179 1123/79/179 1127/116/179
f 1127/116/179 1131/83/179 1135/119/179
f 1135/119/179 1139/87/179 1143/89/179
f 1143/89/179 1147/124/179 1151/93/179
f 1151/93/179 1155/127/179 1159/77/179
f 1159/77/179 1127/116/179 1135/119/179
f 1135/119/179 1143/89/179 1151/93/179
f 1135/119/179 1151/93/179 1159/77/179
f 1160/15/162 1161/16/162 1162/17/162
f 1160/15/162 1162/17/162 1163/18/162
f 1163/18/163 1162/17/163 1164/19/163
f 1163/18/163 1164/19/163 1165/20/163
f 1165/20/110 1164/19/110 1166/21/110
f 1165/20/110 1166/21/110 1167/22/110
f 1167/22/164 1166/21/164 1168/23/164
f 1167/22/164 1168/23/164 1169/24/164
f 1169/24/165 1168/23/165 1170/25/165
f 1169/24/165 1170/25/165 1171/26/165
f 1171/26/166 1170/25/166 1172/27/166
f 1171/26/166 1172/27/166 1173/28/166
f 1173/28/167 1172/27/167 1174/29/167
f 1173/28/167 1174/29/167 1175/30/167
f 1175/30/115 1174/29/115 1176/31/115
f 1175/30/115 1176/31/115 1177/32/115
f 1177/32/168 1176/31/168 1178/33/168
f 1177/32/168 1178/33/168 1179/34/168
f 1179/34/169 1178/33/169 1180/35/169
f 1179/34/169 1180/35/169 1181/36/169
f 1181/36/170 1180/35/170 1182/37/170
f 1181/36/170 1182/37/170 1183/38/170
f 1183/38/171 1182/37/171 1184/39/171
f 1183/38/171 1184/39/171 1185/40/171
f 1185/40/120 1184/39/120 1186/41/120
f 1185/40/120 1186/41/120 1187/42/120
f 1187/42/172 1186/41/172 1188/43/172
f 1187/42/172 1188/43/172 1189/44/172
f 1189/44/173 1188/43/173 1190/45/173
f 1189/44/173 1190/45/173 1191/46/173
f 1191/46/174 1190/45/174 1192/47/174
f 1191/46/174 1192/47/174 1193/48/174
f 1193/48/175 1192/47/175 1194/49/175
f 1193/48/175 1194/49/175 1195/50/175
f 1195/50/125 1194/49/125 1196/51/125
f 1195/50/125 1196/51/125 1197/52/125
f 1164/97/176 1162/54/176 1161/55/176
f 1161/55/176 1198/129/176 1196/100/176
f 1196/100/176 1194/101/176 1192/59/176
f 1192/59/176 1190/60/176 1188/130/176
f 1188/130/176 1186/104/176 1184/105/176
f 1184/105/176 1182/131/176 1180/65/176
f 1180/65/176 1178/66/176 1176/108/176
f 1176/108/176 1174/109/176 1172/132/176
f 1172/132/176 1170/70/176 1168/71/176
f 1168/71/176 1166/112/176 1164/97/176
f 1164/97/176 1161/55/176 1196/100/176
f 1196/100/176 1192/59/176 1188/130/176
f 1188/130/176 1184/105/176 1180/65/176
f 1180/65/176 1176/108/176 1172/132/176
f 1172/132/176 1168/71/176 1164/97/176
f 1164/97/176 1196/100/176 1188/130/176
f 1188/130/176 1180/65/176 1172/132/176
f 1188/130/176 1172/132/176 1164/97/176
f 1197/52/177 1196/51/177 1198/73/177
f 1197/52/177 1198/73/177 1199/74/177
f 1199/74/178 1198/73/178 1161/75/178
f 1199/74/178 1161/75/178 1160/76/178
f 1199/77/179 1160/78/179 1163/79/179
f 1163/79/179 1165/115/179 1167/116/179
f 1167/116/179 1169/82/179 1171/83/179
f 1171/83/179 1173/133/179 1175/119/179
f 1175/119/179 1177/120/179 1179/87/179
f 1179/87/179 1181/88/179 1183/89/179
f 1183/89/179 1185/123/179 1187/124/179
f 1187/124/179 1189/134/179 1191/93/179
f 1191/93/179 1193/94/179 1195/127/179
f 1195/127/179 1197/128/179 1199/77/179
f 1199/77/179 1163/79/179 1167/116/179
f 1167/116/179 1171/83/179 1175/119/179
f 1175/119/179 1179/87/179 1183/89/179
f 1183/89/179 1187/124/179 1191/93/179
f 1191/93/179 1195/127/179 1199/77/179
f 1199/77/179 1167/116/179 1175/119/179
f 1175/119/179 1183/89/179 1191/93/179
f 1175/119/179 1191/93/179 1199/77/179
f 1200/15/162 1201/16/162 1202/17/162
f 1200/15/162 1202/17/162 1203/18/162
f 1203/18/163 1202/17/163 1204/19/163
f 1203/18/163 1204/19/163 1205/20/163
f 1205/20/110 1204/19/110 1206/21/110
f 1205/20/110 1206/21/110 1207/22/110
f 1207/22/164 1206/21/164 1208/23/164
f 1207/22/164 1208/23/164 1209/24/164
f 1209/24/165 1208/23/165 1210/25/165
f 1209/24/165 1210/25/165 1211/26/165
f 1211/26/166 1210/25/166 1212/27/166
f 1211/26/166 1212/27/166 1213/28/166
f 1213/28/167 1212/27/167 1214/29/167
f 1213/28/167 1214/29/167 1215/30/167
f 1215/30/115 1214/29/115 1216/31/115
f 1215/30/115 1216/31/115 1217/32/115
f 1217/32/168 1216/31/168 1218/33/168
f 1217/32/168 1218/33/168 1219/34/168
f 1219/34/169 1218/33/169 1220/35/169
f 1219/34/169 1220/35/169 1221/36/169
f 1221/36/170 1220/35/170 1222/37/170
f 1221/36/170 1222/37/170 1223/38/170
f 1223/38/171 1222/37/171 1224/39/171
f 1223/38/171 1224/39/171 1225/40/171
f 1225/40/120 1224/39/120 1226/41/120
f 1225/40/120 1226/41/120 1227/42/120
f 1227/42/172 1226/41/172 1228/43/172
f 1227/42/172 1228/43/172 1229/44/172
f 1229/44/173 1228/43/173 1230/45/173
f 1229/44/173 1230/45/173 1231/46/173
f 1231/46/174 1230/45/174 1232/47/174
f 1231/46/174 1232/47/174 1233/48/174
f 1233/48/175 1232/47/175 1234/49/175
f 1233/48/175 1234/49/175 1235/50/175
f 1235/50/125 1234/49/125 1236/51/125
f 1235/50/125 1236/51/125 1237/52/125
f 1204/97/176 1202/54/176 1201/55/176
f 1201/55/176 1238/129/176 1236/100/176
f 1236/100/176 1234/101/176 1232/59/176
f 1232/59/176 1230/60/176 1228/130/176
f 1228/130/176 1226/104/176 1224/105/176
f 1224/105/176 1222/131/176 1220/65/176
f 1220/65/176 1218/66/176 1216/108/176
f 1216/108/176 1214/109/176 1212/132/176
f 1212/132/176 1210/70/176 1208/71/176
f 1208/71/176 1206/112/176 1204/97/176
f 1204/97/176 1201/55/176 1236/100/176
f 1236/100/176 1232/59/176 1228/130/176
f 1228/130/176 1224/105/176 1220/65/176
f 1220/65/176 1216/108/176 1212/132/176
f 1212/132/176 1208/71/176 1204/97/176
f 1204/97/176 1236/100/176 1228/130/176
f 1228/130/176 1220/65/176 1212/132/176
f 1228/130/176 1212/132/176 1204/97/176
f 1237/52/177 1236/51/177 1238/73/177
f 1237/52/177 1238/73/177 1239/74/177
f 1239/74/178 1238/73/178 1201/75/178
f 1239/74/178 1201/75/178 1200/76/178
f 1239/77/179 1200/78/179 1203/79/179
f 1203/79/179 1205/115/179 1207/116/179
f 1207/116/179 1209/82/179 1211/83/179
f 1211/83/179 1213/133/179 1215/119/179
f 1215/119/179 1217/120/179 1219/87/179
f 1219/87/179 1221/88/179 1223/89/179
f 1223/89/179 1225/123/179 1227/124/179
f 1227/124/179 1229/134/179 1231/93/179
f 1231/93/179 1233/94/179 1235/127/179
f 1235/127/179 1237/128/179 1239/77/179
f 1239/77/179 1203/79/179 1207/116/179
f 1207/116/179 1211/83/179 1215/119/179
f 1215/119/179 1219/87/179 1223/89/179
f 1223/89/179 1227/124/179 1231/93/179
f 1231/93/179 1235/127/179 1239/77/179
f 1239/77/179 1207/116/179 1215/119/179
f 1215/119/179 1223/89/179 1231/93/179
f 1215/119/179 1231/93/179 1239/77/179
f 1240/15/162 1241/16/162 1242/17/162
f 1240/15/162 1242/17/162 1243/18/162
f 1243/18/163 1242/17/163 1244/19/163
f 1243/18/163 1244/19/163 1245/20/163
f 1245/20/110 1244/19/110 1246/21/110
f 1245/20/110 1246/21/110 1247/22/110
f 1247/22/164 1246/21/164 1248/23/164
f 1247/22/164 1248/23/164 1249/24/164
f 1249/24/165 1248/23/165 1250/25/165
f 1249/24/165 1250/25/165 1251/26/165
f 1251/26/166 1250/25/166 1252/27/166
f 1251/26/166 1252/27/166 1253/28/166
f 1253/28/167 1252/27/167 1254/29/167
f 1253/28/167 1254/29/167 1255/30/167
f 1255/30/115 1254/29/115 1256/31/115
f 1255/30/115 1256/31/115 1257/32/115
f 1257/32/168 1256/31/168 1258/33/168
f 1257/32/168 1258/33/168 1259/34/168
f 1259/34/169 1258/33/169 1260/35/169
f 1259/34/169 1260/35/169 1261/36/169
f 1261/36/170 1260/35/170 1262/37/170
f 1261/36/170 1262/37/170 1263/38/170
f 1263/38/171 1262/37/171 1264/39/171
f 1263/38/171 1264/39/171 1265/40/171
f 1265/40/120 1264/39/120 1266/41/120
f 1265/40/120 1266/41/120 1267/42/120
f 1267/42/172 1266/41/172 1268/43/172
f 1267/42/172 1268/43/172 1269/44/172
f 1269/44/173 1268/43/173 1270/45/173
f 1269/44/173 1270/45/173 1271/46/173
f 1271/46/174 1270/45/174 1272/47/174
f 1271/46/174 1272/47/174 1273/48/174
f 1273/48/175 1272/47/175 1274/49/175
f 1273/48/175 1274/49/175 1275/50/175
f 1275/50/125 1274/49/125 1276/51/125
f 1275/50/125 1276/51/125 1277/52/125
f 1244/97/176 1242/54/176 1241/55/176
f 1241/55/176 1278/129/176 1276/100/176
f 1276/100/176 1274/101/176 1272/59/176
f 1272/59/176 1270/60/176 1268/130/176
f 1268/130/176 1266/104/176 1264/105/176
f 1264/105/176 1262/131/176 1260/65/176
f 1260/65/176 1258/66/176 1256/108/176
f 1256/108/176 1254/109/176 1252/132/176
f 1252/132/176 1250/70/176 1248/71/176
f 1248/71/176 1246/112/176 1244/97/176
f 1244/97/176 1241/55/176 1276/100/176
f 1276/100/176 1272/59/176 1268/130/176
f 1268/130/176 1264/105/176 1260/65/176
f 1260/65/176 1256/108/176 1252/132/176
f 1252/132/176 1248/71/176 1244/97/176
f 1244/97/176 1276/100/176 1268/130/176
f 1268/130/176 1260/65/176 1252/132/176
f 1268/130/176 1252/132/176 1244/97/176
f 1277/52/177 1276/51/177 1278/73/177
f 1277/52/177 1278/73/177 1279/74/177
f 1279/74/178 1278/73/178 1241/75/178
f 1279/74/178 1241/75/178 1240/76/178
f 1279/77/179 1240/78/179 1243/79/179
f 1243/79/179 1245/115/179 1247/116/179
f 1247/116/179 1249/82/179 1251/83/179
f 1251/83/179 1253/133/179 1255/119/179
f 1255/119/179 1257/120/179 1259/87/179
f 1259/87/179 1261/88/179 1263/89/179
f 1263/89/179 1265/123/179 1267/124/179
f 1267/124/179 1269/134/179 1271/93/179
f 1271/93/179 1273/94/179 1275/127/179
f 1275/127/179 1277/128/179 1279/77/179
f 1279/77/179 1243/79/179 1247/116/179
f 1247/116/179 1251/83/179 1255/119/179
f 1255/119/179 1259/87/179 1263/89/179
f 1263/89/179 1267/124/179 1271/93/179
f 1271/93/179 1275/127/179 1279/77/179
f 1279/77/179 1247/116/179 1255/119/179
f 1255/119/179 1263/89/179 1271/93/179
f 1255/119/179 1271/93/179 1279/77/179
f 1280/15/162 1281/16/162 1282/17/162
f 1280/15/162 1282/17/162 1283/18/162
f 1283/18/163 1282/17/163 1284/19/163
f 1283/18/163 1284/19/163 1285/20/163
f 1285/20/110 1284/19/110 1286/21/110
f 1285/20/110 1286/21/110 1287/22/110
f 1287/22/164 1286/21/164 1288/23/164
f 1287/22/164 1288/23/164 1289/24/164
f 1289/24/165 1288/23/165 1290/25/165
f 1289/24/165 1290/25/165 1291/26/165
f 1291/26/166 1290/25/166 1292/27/166
f 1291/26/166 1292/27/166 1293/28/166
f 1293/28/167 1292/27/167 1294/29/167
f 1293/28/167 1294/29/167 1295/30/167
f 1295/30/115 1294/29/115 1296/31/115
f 1295/30/115 1296/31/115 1297/32/115
f 1297/32/168 1296/31/168 1298/33/168
f 1297/32/168 1298/33/168 1299/34/168
f 1299/34/169 1298/33/169 1300/35/169
f 1299/34/169 1300/35/169 1301/36/169
f 1301/36/170 1300/35/170 1302/37/170
f 1301/36/170 1302/37/170 1303/38/170
f 1303/38/171 1302/37/171 1304/39/171
f 1303/38/171 1304/39/171 1305/40/171
f 1305/40/120 1304/39/120 1306/41/120
f 1305/40/120 1306/41/120 1307/42/120
f 1307/42/172 1306/41/172 1308/43/172
f 1307/42/172 1308/43/172 1309/44/172
f 1309/44/173 1308/43/173 1310/45/173
f 1309/44/173 1310/45/173 1311/46/173
f 1311/46/174 1310/45/174 1312/47/174
f 1311/46/174 1312/47/174 1313/48/174
f 1313/48/175 1312/47/175 1314/49/175
f 1313/48/175 1314/49/175 1315/50/175
f 1315/50/125 1314/49/125 1316/51/125
f 1315/50/125 1316/51/125 1317/52/125
f 1284/97/176 1282/54/176 1281/55/176
f 1281/55/176 1318/129/176 1316/100/176
f 1316/100/176 1314/101/176 1312/59/176
f 1312/59/176 1310/60/176 1308/130/176
f 1308/130/176 1306/104/176 1304/105/176
f 1304/105/176 1302/131/176 1300/65/176
f 1300/65/176 1298/66/176 1296/108/176
f 1296/108/176 1294/109/176 1292/132/176
f 1292/132/176 1290/70/176 1288/71/176
f 1288/71/176 1286/112/176 1284/97/176
f 1284/97/176 1281/55/176 1316/100/176
f 1316/100/176 1312/59/176 1308/130/176
f 1308/130/176 1304/105/176 1300/65/176
f 1300/65/176 1296/108/176 1292/132/176
f 1292/132/176 1288/71/176 1284/97/176
f 1284/97/176 1316/100/176 1308/130/176
f 1308/130/176 1300/65/176 1292/132/176
f 1308/130/176 1292/132/176 1284/97/176
f 1317/52/177 1316/51/177 1318/73/177
f 1317/52/177 1318/73/177 1319/74/177
f 1319/74/178 1318/73/178 1281/75/178
f 1319/74/178 1281/75/178 1280/76/178
f 1319/77/179 1280/78/179 1283/79/179
f 1283/79/179 1285/115/179 1287/116/179
f 1287/116/179 1289/82/179 1291/83/179
f 1291/83/179 1293/133/179 1295/119/179
f 1295/119/179 1297/120/179 1299/87/179
f 1299/87/179 1301/88/179 1303/89/179
f 1303/89/179 1305/123/179 1307/124/179
f 1307/124/179 1309/134/179 1311/93/179
f 1311/93/179 1313/94/179 1315/127/179
f 1315/127/179 1317/128/179 1319/77/179
f 1319/77/179 1283/79/179 1287/116/179
f 1287/116/179 1291/83/179 1295/119/179
f 1295/119/179 1299/87/179 1303/89/179
f 1303/89/179 1307/124/179 1311/93/179
f 1311/93/179 1315/127/179 1319/77/179
f 1319/77/179 1287/116/179 1295/119/179
f 1295/119/179 1303/89/179 1311/93/179
f 1295/119/179 1311/93/179 1319/77/179
f 1320/15/162 1321/16/162 1322/17/162
f 1320/15/162 1322/17/162 1323/18/162
f 1323/18/163 1322/17/163 1324/19/163
f 1323/18/163 1324/19/163 1325/20/163
f 1325/20/110 1324/19/110 1326/21/110
f 1325/20/110 1326/21/110 1327/22/110
f 1327/22/164 1326/21/164 1328/23/164
f 1327/22/164 1328/23/164 1329/24/164
f 1329/24/165 1328/23/165 1330/25/165
f 1329/24/165 1330/25/165 1331/26/165
f 1331/26/166 1330/25/166 1332/27/166
f 1331/26/166 1332/27/166 1333/28/166
f 1333/28/167 1332/27/167 1334/29/167
f 1333/28/167 1334/29/167 1335/30/167
f 1335/30/115 1334/29/115 1336/31/115
f 1335/30/115 1336/31/115 1337/32/115
f 1337/32/168 1336/31/168 1338/33/168
f 1337/32/168 1338/33/168 1339/34/168
f 1339/34/169 1338/33/169 1340/35/169
f 1339/34/169 1340/35/169 1341/36/169
f 1341/36/170 1340/35/170 1342/37/170
f 1341/36/170 1342/37/170 1343/38/170
f 1343/38/171 1342/37/171 1344/39/171
f 1343/38/171 1344/39/171 1345/40/171
f 1345/40/120 1344/39/120 1346/41/120
f 1345/40/120 1346/41/120 1347/42/120
f 1347/42/172 1346/41/172 1348/43/172
f 1347/42/172 1348/43/172 1349/44/172
f 1349/44/173 1348/43/173 1350/45/173
f 1349/44/173 1350/45/173 1351/46/173
f 1351/46/174 1350/45/174 1352/47/174
f 1351/46/174 1352/47/174 1353/48/174
f 1353/48/175 1352/47/175 1354/49/175
f 1353/48/175 1354/49/175 1355/50/175
f 1355/50/125 1354/49/125 1356/51/125
f 1355/50/125 1356/51/125 1357/52/125
f 1324/97/176 1322/54/176 1321/55/176
f 1321/55/176 1358/129/176 1356/100/176
f 1356/100/176 1354/101/176 1352/59/176
f 1352/59/176 1350/60/176 1348/130/176
f 1348/130/176 1346/104/176 1344/105/176
f 1344/105/176 1342/131/176 1340/65/176
f 1340/65/176 1338/66/176 1336/108/176
f 1336/108/176 1334/109/176 1332/132/176
f 1332/132/176 1330/70/176 1328/71/176
f 1328/71/176 1326/112/176 1324/97/176
f 1324/97/176 1321/55/176 1356/100/176
f 1356/100/176 1352/59/176 1348/130/176
f 1348/130/176 1344/105/176 1340/65/176
f 1340/65/176 1336/108/176 1332/132/176
f 1332/132/176 1328/71/176 1324/97/176
f 1324/97/176 1356/100/176 1348/130/176
f 1348/130/176 1340/65/176 1332/132/176
f 1348/130/176 1332/132/176 1324/97/176
f 1357/52/177 1356/51/177 1358/73/177
f 1357/52/177 1358/73/177 1359/74/177
f 1359/74/178 1358/73/178 1321/75/178
f 1359/74/178 1321/75/178 1320/76/178
f 1359/77/179 1320/78/179 1323/79/179
f 1323/79/179 1325/115/179 1327/116/179
f 1327/116/179 1329/82/179 1331/83/179
f 1331/83/179 1333/133/179 1335/119/179
f 1335/119/179 1337/120/179 1339/87/179
f 1339/87/179 1341/88/179 1343/89/179
f 1343/89/179 1345/123/179 1347/124/179
f 1347/124/179 1349/134/179 1351/93/179
f 1351/93/179 1353/94/179 1355/127/179
f 1355/127/179 1357/128/179 1359/77/179
f 1359/77/179 1323/79/179 1327/116/179
f 1327/116/179 1331/83/179 1335/119/179
f 1335/119/179 1339/87/179 1343/89/179
f 1343/89/179 1347/124/179 1351/93/179
f 1351/93/179 1355/127/179 1359/77/179
f 1359/77/179 1327/116/179 1335/119/179
f 1335/119/179 1343/89/179 1351/93/179
f 1335/119/179 1351/93/179 1359/77/179
f 1360/15/162 1361/16/162 1362/17/162
f 1360/15/162 1362/17/162 1363/18/162
f 1363/18/163 1362/17/163 1364/19/163
f 1363/18/163 1364/19/163 1365/20/163
f 1365/20/110 1364/19/110 1366/21/110
f 1365/20/110 1366/21/110 1367/22/110
f 1367/22/164 1366/21/164 1368/23/164
f 1367/22/164 1368/23/164 1369/24/164
f 1369/24/165 1368/23/165 1370/25/165
f 1369/24/165 1370/25/165 1371/26/165
f 1371/26/166 1370/25/166 1372/27/166
f 1371/26/166 1372/27/166 1373/28/166
f 1373/28/167 1372/27/167 1374/29/167
f 1373/28/167 1374/29/167 1375/30/167
f 1375/30/115 1374/29/115 1376/31/115
f 1375/30/115 1376/31/115 1377/32/115
f 1377/32/168 1376/31/168 1378/33/168
f 1377/32/168 1378/33/168 1379/34/168
f 1379/34/169 1378/33/169 1380/35/169
f 1379/34/169 1380/35/169 1381/36/169
f 1381/36/170 1380/35/170 1382/37/170
f 1381/36/170 1382/37/170 1383/38/170
f 1383/38/171 1382/37/171 1384/39/171
f 1383/38/171 1384/39/171 1385/40/171
f 1385/40/120 1384/39/120 1386/41/120
f 1385/40/120 1386/41/120 1387/42/120
f 1387/42/172 1386/41/172 1388/43/172
f 1387/42/172 1388/43/172 1389/44/172
f 1389/44/173 1388/43/173 1390/45/173
f 1389/44/173 1390/45/173 1391/46/173
f 1391/46/174 1390/45/174 1392/47/174
f 1391/46/174 1392/47/174 1393/48/174
f 1393/48/175 1392/47/175 1394/49/175
f 1393/48/175 1394/49/175 1395/50/175
f 1395/50/125 1394/49/125 1396/51/125
f 1395/50/125 1396/51/125 1397/52/125
f 1364/97/176 1362/54/176 1361/55/176
f 1361/55/176 1398/129/176 1396/100/176
f 1396/100/176 1394/101/176 1392/59/176
f 1392/59/176 1390/60/176 1388/130/176
f 1388/130/176 1386/104/176 1384/105/176
f 1384/105/176 1382/131/176 1380/65/176
f 1380/65/176 1378/66/176 1376/108/176
f 1376/108/176 1374/109/176 1372/132/176
f 1372/132/176 1370/70/176 1368/71/176
f 1368/71/176 1366/112/176 1364/97/176
f 1364/97/176 1361/55/176 1396/100/176
f 1396/100/176 1392/59/176 1388/130/176
f 1388/130/176 1384/105/176 1380/65/176
f 1380/65/176 1376/108/176 1372/132/176
f 1372/132/176 1368/71/176 1364/97/176
f 1364/97/176 1396/100/176 1388/130/176
f 1388/130/176 1380/65/176 1372/132/176
f 1388/130/176 1372/132/176 1364/97/176
f 1397/52/177 1396/51/177 1398/73/177
f 1397/52/177 1398/73/177 1399/74/177
f 1399/74/178 1398/73/178 1361/75/178
f 1399/74/178 1361/75/178 1360/76/178
f 1399/77/179 1360/78/179 1363/79/179
f 1363/79/179 1365/115/179 1367/116/179
f 1367/116/179 1369/82/179 1371/83/179
f 1371/83/179 1373/133/179 1375/119/179
f 1375/119/179 1377/120/179 1379/87/179
f 1379/87/179 1381/88/179 1383/89/179
f 1383/89/179 1385/123/179 1387/124/179
f 1387/124/179 1389/134/179 1391/93/179
f 1391/93/179 1393/94/179 1395/127/179
f 1395/127/179 1397/128/179 1399/77/179
f 1399/77/179 1363/79/179 1367/116/179
f 1367/116/179 1371/83/179 1375/119/179
f 1375/119/179 1379/87/179 1383/89/179
f 1383/89/179 1387/124/179 1391/93/179
f 1391/93/179 1395/127/179 1399/77/179
f 1399/77/179 1367/116/179 1375/119/179
f 1375/119/179 1383/89/179 1391/93/179
f 1375/119/179 1391/93/179 1399/77/179
f 1400/15/162 1401/16/162 1402/17/162
f 1400/15/162 1402/17/162 1403/18/162
f 1403/18/163 1402/17/163 1404/19/163
f 1403/18/163 1404/19/163 1405/20/163
f 1405/20/110 1404/19/110 1406/21/110
f 1405/20/110 1406/21/110 1407/22/110
f 1407/22/164 1406/21/164 1408/23/164
f 1407/22/164 1408/23/164 1409/24/164
f 1409/24/165 1408/23/165 1410/25/165
f 1409/24/165 1410/25/165 1411/26/165
f 1411/26/166 1410/25/166 1412/27/166
f 1411/26/166 1412/27/166 1413/28/166
f 1413/28/167 1412/27/167 1414/29/167
f 1413/28/167 1414/29/167 1415/30/167
f 1415/30/115 1414/29/115 1416/31/115
f 1415/30/115 1416/31/115 1417/32/115
f 1417/32/168 1416/31/168 1418/33/168
f 1417/32/168 1418/33/168 1419/34/168
f 1419/34/169 1418/33/169 1420/35/169
f 1419/34/169 1420/35/169 1421/36/169
f 1421/36/170 1420/35/170 1422/37/170
f 1421/36/170 1422/37/170 1423/38/170
f 1423/38/171 1422/37/171 1424/39/171
f 1423/38/171 1424/39/171 1425/40/171
f 1425/40/120 1424/39/120 1426/41/120
f 1425/40/120 1426/41/120 1427/42/120
f 1427/42/172 1426/41/172 1428/43/172
f 1427/42/172 1428/43/172 1429/44/172
f 1429/44/173 1428/43/173 1430/45/173
f 1429/44/173 1430/45/173 1431/46/173
f 1431/46/174 1430/45/174 1432/47/174
f 1431/46/174 1432/47/174 1433/48/174
f 1433/48/175 1432/47/175 1434/49/175
f 1433/48/175 1434/49/175 1435/50/175
f 1435/50/125 1434/49/125 1436/51/125
f 1435/50/125 1436/51/125 1437/52/125
f 1404/97/176 1402/54/176 1401/55/176
f 1401/55/176 1438/129/176 1436/100/176
f 1436/100/176 1434/101/176 1432/59/176
f 1432/59/176 1430/60/176 1428/130/176
f 1428/130/176 1426/104/176 1424/105/176
f 1424/105/176 1422/131/176 1420/65/176
f 1420/65/176 1418/66/176 1416/108/176
f 1416/108/176 1414/109/176 1412/132/176
f 1412/132/176 1410/70/176 1408/71/176
f 1408/71/176 1406/112/176 1404/97/176
f 1404/97/176 1401/55/176 1436/100/176
f 1436/100/176 1432/59/176 1428/130/176
f 1428/130/176 1424/105/176 1420/65/176
f 1420/65/176 1416/108/176 1412/132/176
f 1412/132/176 1408/71/176 1404/97/176
f 1404/97/176 1436/100/176 1428/130/176
f 1428/130/176 1420/65/176 1412/132/176
f 1428/130/176 1412/132/176 1404/97/176
f 1437/52/177 1436/51/177 1438/73/177
f 1437/52/177 1438/73/177 1439/74/177
f 1439/74/178 1438/73/178 1401/75/178
f 1439/74/178 1401/75/178 1400/76/178
f 1439/77/179 1400/78/179 1403/79/179
f 1403/79/179 1405/115/179 1407/116/179
f 1407/116/179 1409/82/179 1411/83/179
f 1411/83/179 1413/133/179 1415/119/179
f 1415/119/179 1417/120/179 1419/87/179
f 1419/87/179 1421/88/179 1423/89/179
f 1423/89/179 1425/123/179 1427/124/179
f 1427/124/179 1429/134/179 1431/93/179
f 1431/93/179 1433/94/179 1435/127/179
f 1435/127/179 1437/128/179 1439/77/179
f 1439/77/179 1403/79/179 1407/116/179
f 1407/116/179 1411/83/179 1415/119/179
f 1415/119/179 1419/87/179 1423/89/179
f 1423/89/179 1427/124/179 1431/93/179
f 1431/93/179 1435/127/179 1439/77/179
f 1439/77/179 1407/116/179 1415/119/179
f 1415/119/179 1423/89/179 1431/93/179
f 1415/119/179 1431/93/179 1439/77/179
f 1440/1/180 1441/2/180 1442/3/180
f 1440/1/180 1442/3/180 1443/4/180
f 1443/4/181 1442/3/181 1444/5/181
f 1443/4/181 1444/5/181 1445/6/181
f 1445/6/182 1444/5/182 1446/7/182
f 1445/6/182 1446/7/182 1447/8/182
f 1447/8/183 1446/7/183 1441/9/183
f 1447/8/183 1441/9/183 1440/10/183
f 1443/11/5 1445/6/5 1447/8/5
f 1443/11/5 1447/8/5 1440/12/5
f 1444/5/6 1442/13/6 1441/14/6
f 1444/5/6 1441/14/6 1446/7/6
f 1448/1/180 1449/2/180 1450/3/180
f 1448/1/180 1450/3/180 1451/4/180
f 1451/4/181 1450/3/181 1452/5/181
f 1451/4/181 1452/5/181 1453/6/181
f 1453/6/182 1452/5/182 1454/7/182
f 1453/6/182 1454/7/182 1455/8/182
f 1455/8/183 1454/7/183 1449/9/183
f 1455/8/183 1449/9/183 1448/10/183
f 1451/11/5 1453/6/5 1455/8/5
f 1451/11/5 1455/8/5 1448/12/5
f 1452/5/6 1450/13/6 1449/14/6
f 1452/5/6 1449/14/6 1454/7/6
f 1456/1/180 1457/2/180 1458/3/180
f 1456/1/180 1458/3/180 1459/4/180
f 1459/4/181 1458/3/181 1460/5/181
f 1459/4/181 1460/5/181 1461/6/181
f 1461/6/182 1460/5/182 1462/7/182
f 1461/6/182 1462/7/182 1463/8/182
f 1463/8/183 1462/7/183 1457/9/183
f 1463/8/183 1457/9/183 1456/10/183
f 1459/11/5 1461/6/5 1463/8/5
f 1459/11/5 1463/8/5 1456/12/5
f 1460/5/6 1458/13/6 1457/14/6
f 1460/5/6 1457/14/6 1462/7/6
f 1464/1/180 1465/2/180 1466/3/180
f 1464/1/180 1466/3/180 1467/4/180
f 1467/4/181 1466/3/181 1468/5/181
f 1467/4/181 1468/5/181 1469/6/181
f 1469/6/182 1468/5/182 1470/7/182
f 1469/6/182 1470/7/182 1471/8/182
f 1471/8/183 1470/7/183 1465/9/183
f 1471/8/183 1465/9/183 1464/10/183
f 1467/11/5 1469/6/5 1471/8/5
f 1467/11/5 1471/8/5 1464/12/5
f 1468/5/6 1466/13/6 1465/14/6
f 1468/5/6 1465/14/6 1470/7/6
f 1472/1/184 1473/2/184 1474/3/184
f 1472/1/184 1474/3/184 1475/4/184
f 1475/4/185 1474/3/185 1476/5/185
f 1475/4/185 1476/5/185 1477/6/185
f 1477/6/186 1476/5/186 1478/7/186
f 1477/6/186 1478/7/186 1479/8/186
f 1479/8/187 1478/7/187 1473/9/187
f 1479/8/187 1473/9/187 1472/10/187
f 1475/11/5 1477/6/5 1479/8/5
f 1475/11/5 1479/8/5 1472/12/5
f 1476/5/6 1474/13/6 1473/14/6
f 1476/5/6 1473/14/6 1478/7/6
f 1480/1/184 1481/2/184 1482/3/184
f 1480/1/184 1482/3/184 1483/4/184
f 1483/4/185 1482/3/185 1484/5/185
f 1483/4/185 1484/5/185 1485/6/185
f 1485/6/186 1484/5/186 1486/7/186
f 1485/6/186 1486/7/186 1487/8/186
f 1487/8/187 1486/7/187 1481/9/187
f 1487/8/187 1481/9/187 1480/10/187
f 1483/11/5 1485/6/5 1487/8/5
f 1483/11/5 1487/8/5 1480/12/5
f 1484/5/6 1482/13/6 1481/14/6
f 1484/5/6 1481/14/6 1486/7/6
f 1472/1/184 1473/2/184 1474/3/184
f 1472/1/184 1474/3/184 1475/4/184
f 1475/4/185 1474/3/185 1476/5/185
f 1475/4/185 1476/5/185 1477/6/185
f 1477/6/186 1476/5/186 1478/7/186
f 1477/6/186 1478/7/186 1479/8/186
f 1479/8/187 1478/7/187 1473/9/187
f 1479/8/187 1473/9/187 1472/10/187
f 1475/11/5 1477/6/5 1479/8/5
f 1475/11/5 1479/8/5 1472/12/5
f 1476/5/6 1474/13/6 1473/14/6
f 1476/5/6 1473/14/6 1478/7/6
f 1480/1/184 1481/2/184 1482/3/184
f 1480/1/184 1482/3/184 1483/4/184
f 1483/4/185 1482/3/185 1484/5/185
f 1483/4/185 1484/5/185 1485/6/185
f 1485/6/186 1484/5/186 1486/7/186
f 1485/6/186 1486/7/186 1487/8/186
f 1487/8/187 1486/7/187 1481/9/187
f 1487/8/187 1481/9/187 1480/10/187
f 1483/11/5 1485/6/5 1487/8/5
f 1483/11/5 1487/8/5 1480/12/5
f 1484/5/6 1482/13/6 1481/14/6
f 1484/5/6 1481/14/6 1486/7/6
f 1488/1/184 1489/2/184 1490/3/184
f 1488/1/184 1490/3/184 1491/4/184
f 1491/4/185 1490/3/185 1492/5/185
f 1491/4/185 1492/5/185 1493/6/185
f 1493/6/186 1492/5/186 1494/7/186
f 1493/6/186 1494/7/186 1495/8/186
f 1495/8/187 1494/7/187 1489/9/187
f 1495/8/187 1489/9/187 1488/10/187
f 1491/11/5 1493/6/5 1495/8/5
f 1491/11/5 1495/8/5 1488/12/5
f 1492/5/6 1490/13/6 1489/14/6
f 1492/5/6 1489/14/6 1494/7/6
f 1496/1/184 1497/2/184 1498/3/184
f 1496/1/184 1498/3/184 1499/4/184
f 1499/4/185 1498/3/185 1500/5/185
f 1499/4/185 1500/5/185 1501/6/185
f 1501/6/186 1500/5/186 1502/7/186
f 1501/6/186 1502/7/186 1503/8/186
f 1503/8/187 1502/7/187 1497/9/187
f 1503/8/187 1497/9/187 1496/10/187
f 1499/11/5 1501/6/5 1503/8/5
f 1499/11/5 1503/8/5 1496/12/5
f 1500/5/6 1498/13/6 1497/14/6
f 1500/5/6 1497/14/6 1502/7/6
