# Generated from the accepted BlenderMCP scene.
v 11.125 15.181 0.1940001
v 8.875 15.181 0.194
v 8.875 15.18585 0.1634073
v 11.125 15.18585 0.1634074
v 8.875 15.19991 0.1358092
v 11.125 15.19991 0.1358093
v 8.875 15.22181 0.1139073
v 11.125 15.22181 0.1139074
v 8.875 15.24941 0.09984536
v 11.125 15.24941 0.09984546
v 8.875 15.28 0.09499995
v 11.125 15.28 0.09500006
v 8.875 15.31059 0.09984536
v 11.125 15.31059 0.09984546
v 8.875 15.33819 0.1139073
v 11.125 15.33819 0.1139074
v 8.875 15.36009 0.1358092
v 11.125 15.36009 0.1358093
v 8.875 15.37415 0.1634073
v 11.125 15.37415 0.1634074
v 8.875 15.379 0.194
v 11.125 15.379 0.1940001
v 8.875 15.37415 0.2245926
v 11.125 15.37415 0.2245927
v 8.875 15.36009 0.2521907
v 11.125 15.36009 0.2521908
v 8.875 15.33819 0.2740926
v 11.125 15.33819 0.2740927
v 8.875 15.31059 0.2881545
v 11.125 15.31059 0.2881547
v 8.875 15.28 0.293
v 11.125 15.28 0.293
v 8.875 15.24941 0.2881545
v 11.125 15.24941 0.2881547
v 8.875 15.22181 0.2740926
v 11.125 15.22181 0.2740927
v 8.875 15.19991 0.2521907
v 11.125 15.19991 0.2521908
v 8.875 15.18585 0.2245926
v 11.125 15.18585 0.2245927
v 11.125 14.901 0.1940001
v 8.875 14.901 0.194
v 8.875 14.90585 0.1634073
v 11.125 14.90585 0.1634074
v 8.875 14.91991 0.1358092
v 11.125 14.91991 0.1358093
v 8.875 14.94181 0.1139073
v 11.125 14.94181 0.1139074
v 8.875 14.96941 0.09984536
v 11.125 14.96941 0.09984546
v 8.875 15 0.09499995
v 11.125 15 0.09500006
v 8.875 15.03059 0.09984536
v 11.125 15.03059 0.09984546
v 8.875 15.05819 0.1139073
v 11.125 15.05819 0.1139074
v 8.875 15.08009 0.1358092
v 11.125 15.08009 0.1358093
v 8.875 15.09415 0.1634073
v 11.125 15.09415 0.1634074
v 8.875 15.099 0.194
v 11.125 15.099 0.1940001
v 8.875 15.09415 0.2245926
v 11.125 15.09415 0.2245927
v 8.875 15.08009 0.2521907
v 11.125 15.08009 0.2521908
v 8.875 15.05819 0.2740926
v 11.125 15.05819 0.2740927
v 8.875 15.03059 0.2881545
v 11.125 15.03059 0.2881547
v 8.875 15 0.293
v 11.125 15 0.293
v 8.875 14.96941 0.2881545
v 11.125 14.96941 0.2881547
v 8.875 14.94181 0.2740926
v 11.125 14.94181 0.2740927
v 8.875 14.91991 0.2521907
v 11.125 14.91991 0.2521908
v 8.875 14.90585 0.2245926
v 11.125 14.90585 0.2245927
v 11.125 14.621 0.1940001
v 8.875 14.621 0.194
v 8.875 14.62585 0.1634073
v 11.125 14.62585 0.1634074
v 8.875 14.63991 0.1358092
v 11.125 14.63991 0.1358093
v 8.875 14.66181 0.1139073
v 11.125 14.66181 0.1139074
v 8.875 14.68941 0.09984536
v 11.125 14.68941 0.09984546
v 8.875 14.72 0.09499995
v 11.125 14.72 0.09500006
v 8.875 14.75059 0.09984536
v 11.125 14.75059 0.09984546
v 8.875 14.77819 0.1139073
v 11.125 14.77819 0.1139074
v 8.875 14.80009 0.1358092
v 11.125 14.80009 0.1358093
v 8.875 14.81415 0.1634073
v 11.125 14.81415 0.1634074
v 8.875 14.819 0.194
v 11.125 14.819 0.1940001
v 8.875 14.81415 0.2245926
v 11.125 14.81415 0.2245927
v 8.875 14.80009 0.2521907
v 11.125 14.80009 0.2521908
v 8.875 14.77819 0.2740926
v 11.125 14.77819 0.2740927
v 8.875 14.75059 0.2881545
v 11.125 14.75059 0.2881547
v 8.875 14.72 0.293
v 11.125 14.72 0.293
v 8.875 14.68941 0.2881545
v 11.125 14.68941 0.2881547
v 8.875 14.66181 0.2740926
v 11.125 14.66181 0.2740927
v 8.875 14.63991 0.2521907
v 11.125 14.63991 0.2521908
v 8.875 14.62585 0.2245926
v 11.125 14.62585 0.2245927
v 11.125 15.181 1.259
v 8.875 15.181 1.259
v 8.875 15.18585 1.228407
v 11.125 15.18585 1.228407
v 8.875 15.19991 1.200809
v 11.125 15.19991 1.200809
v 8.875 15.22181 1.178907
v 11.125 15.22181 1.178907
v 8.875 15.24941 1.164845
v 11.125 15.24941 1.164845
v 8.875 15.28 1.16
v 11.125 15.28 1.16
v 8.875 15.31059 1.164845
v 11.125 15.31059 1.164845
v 8.875 15.33819 1.178907
v 11.125 15.33819 1.178907
v 8.875 15.36009 1.200809
v 11.125 15.36009 1.200809
v 8.875 15.37415 1.228407
v 11.125 15.37415 1.228407
v 8.875 15.379 1.259
v 11.125 15.379 1.259
v 8.875 15.37415 1.289593
v 11.125 15.37415 1.289593
v 8.875 15.36009 1.317191
v 11.125 15.36009 1.317191
v 8.875 15.33819 1.339093
v 11.125 15.33819 1.339093
v 8.875 15.31059 1.353155
v 11.125 15.31059 1.353155
v 8.875 15.28 1.358
v 11.125 15.28 1.358
v 8.875 15.24941 1.353155
v 11.125 15.24941 1.353155
v 8.875 15.22181 1.339093
v 11.125 15.22181 1.339093
v 8.875 15.19991 1.317191
v 11.125 15.19991 1.317191
v 8.875 15.18585 1.289593
v 11.125 15.18585 1.289593
v 11.125 14.901 1.259
v 8.875 14.901 1.259
v 8.875 14.90585 1.228407
v 11.125 14.90585 1.228407
v 8.875 14.91991 1.200809
v 11.125 14.91991 1.200809
v 8.875 14.94181 1.178907
v 11.125 14.94181 1.178907
v 8.875 14.96941 1.164845
v 11.125 14.96941 1.164845
v 8.875 15 1.16
v 11.125 15 1.16
v 8.875 15.03059 1.164845
v 11.125 15.03059 1.164845
v 8.875 15.05819 1.178907
v 11.125 15.05819 1.178907
v 8.875 15.08009 1.200809
v 11.125 15.08009 1.200809
v 8.875 15.09415 1.228407
v 11.125 15.09415 1.228407
v 8.875 15.099 1.259
v 11.125 15.099 1.259
v 8.875 15.09415 1.289593
v 11.125 15.09415 1.289593
v 8.875 15.08009 1.317191
v 11.125 15.08009 1.317191
v 8.875 15.05819 1.339093
v 11.125 15.05819 1.339093
v 8.875 15.03059 1.353155
v 11.125 15.03059 1.353155
v 8.875 15 1.358
v 11.125 15 1.358
v 8.875 14.96941 1.353155
v 11.125 14.96941 1.353155
v 8.875 14.94181 1.339093
v 11.125 14.94181 1.339093
v 8.875 14.91991 1.317191
v 11.125 14.91991 1.317191
v 8.875 14.90585 1.289593
v 11.125 14.90585 1.289593
v 11.125 14.621 1.259
v 8.875 14.621 1.259
v 8.875 14.62585 1.228407
v 11.125 14.62585 1.228407
v 8.875 14.63991 1.200809
v 11.125 14.63991 1.200809
v 8.875 14.66181 1.178907
v 11.125 14.66181 1.178907
v 8.875 14.68941 1.164845
v 11.125 14.68941 1.164845
v 8.875 14.72 1.16
v 11.125 14.72 1.16
v 8.875 14.75059 1.164845
v 11.125 14.75059 1.164845
v 8.875 14.77819 1.178907
v 11.125 14.77819 1.178907
v 8.875 14.80009 1.200809
v 11.125 14.80009 1.200809
v 8.875 14.81415 1.228407
v 11.125 14.81415 1.228407
v 8.875 14.819 1.259
v 11.125 14.819 1.259
v 8.875 14.81415 1.289593
v 11.125 14.81415 1.289593
v 8.875 14.80009 1.317191
v 11.125 14.80009 1.317191
v 8.875 14.77819 1.339093
v 11.125 14.77819 1.339093
v 8.875 14.75059 1.353155
v 11.125 14.75059 1.353155
v 8.875 14.72 1.358
v 11.125 14.72 1.358
v 8.875 14.68941 1.353155
v 11.125 14.68941 1.353155
v 8.875 14.66181 1.339093
v 11.125 14.66181 1.339093
v 8.875 14.63991 1.317191
v 11.125 14.63991 1.317191
v 8.875 14.62585 1.289593
v 11.125 14.62585 1.289593
v -14.125 14.819 0.1940001
v -11.875 14.819 0.194
v -11.875 14.81415 0.1634073
v -14.125 14.81415 0.1634074
v -11.875 14.80009 0.1358092
v -14.125 14.80009 0.1358093
v -11.875 14.77819 0.1139073
v -14.125 14.77819 0.1139074
v -11.875 14.75059 0.09984536
v -14.125 14.75059 0.09984546
v -11.875 14.72 0.09499995
v -14.125 14.72 0.09500006
v -11.875 14.68941 0.09984536
v -14.125 14.68941 0.09984546
v -11.875 14.66181 0.1139073
v -14.125 14.66181 0.1139074
v -11.875 14.63991 0.1358092
v -14.125 14.63991 0.1358093
v -11.875 14.62585 0.1634073
v -14.125 14.62585 0.1634074
v -11.875 14.621 0.194
v -14.125 14.621 0.1940001
v -11.875 14.62585 0.2245926
v -14.125 14.62585 0.2245927
v -11.875 14.63991 0.2521907
v -14.125 14.63991 0.2521908
v -11.875 14.66181 0.2740926
v -14.125 14.66181 0.2740927
v -11.875 14.68941 0.2881545
v -14.125 14.68941 0.2881547
v -11.875 14.72 0.293
v -14.125 14.72 0.293
v -11.875 14.75059 0.2881545
v -14.125 14.75059 0.2881547
v -11.875 14.77819 0.2740926
v -14.125 14.77819 0.2740927
v -11.875 14.80009 0.2521907
v -14.125 14.80009 0.2521908
v -11.875 14.81415 0.2245926
v -14.125 14.81415 0.2245927
v -14.125 15.099 0.1940001
v -11.875 15.099 0.194
v -11.875 15.09415 0.1634073
v -14.125 15.09415 0.1634074
v -11.875 15.08009 0.1358092
v -14.125 15.08009 0.1358093
v -11.875 15.05819 0.1139073
v -14.125 15.05819 0.1139074
v -11.875 15.03059 0.09984536
v -14.125 15.03059 0.09984546
v -11.875 15 0.09499995
v -14.125 15 0.09500006
v -11.875 14.96941 0.09984536
v -14.125 14.96941 0.09984546
v -11.875 14.94181 0.1139073
v -14.125 14.94181 0.1139074
v -11.875 14.91991 0.1358092
v -14.125 14.91991 0.1358093
v -11.875 14.90585 0.1634073
v -14.125 14.90585 0.1634074
v -11.875 14.901 0.194
v -14.125 14.901 0.1940001
v -11.875 14.90585 0.2245926
v -14.125 14.90585 0.2245927
v -11.875 14.91991 0.2521907
v -14.125 14.91991 0.2521908
v -11.875 14.94181 0.2740926
v -14.125 14.94181 0.2740927
v -11.875 14.96941 0.2881545
v -14.125 14.96941 0.2881547
v -11.875 15 0.293
v -14.125 15 0.293
v -11.875 15.03059 0.2881545
v -14.125 15.03059 0.2881547
v -11.875 15.05819 0.2740926
v -14.125 15.05819 0.2740927
v -11.875 15.08009 0.2521907
v -14.125 15.08009 0.2521908
v -11.875 15.09415 0.2245926
v -14.125 15.09415 0.2245927
v -14.125 15.379 0.1940001
v -11.875 15.379 0.194
v -11.875 15.37415 0.1634073
v -14.125 15.37415 0.1634074
v -11.875 15.36009 0.1358092
v -14.125 15.36009 0.1358093
v -11.875 15.33819 0.1139073
v -14.125 15.33819 0.1139074
v -11.875 15.31059 0.09984536
v -14.125 15.31059 0.09984546
v -11.875 15.28 0.09499995
v -14.125 15.28 0.09500006
v -11.875 15.24941 0.09984536
v -14.125 15.24941 0.09984546
v -11.875 15.22181 0.1139073
v -14.125 15.22181 0.1139074
v -11.875 15.19991 0.1358092
v -14.125 15.19991 0.1358093
v -11.875 15.18585 0.1634073
v -14.125 15.18585 0.1634074
v -11.875 15.181 0.194
v -14.125 15.181 0.1940001
v -11.875 15.18585 0.2245926
v -14.125 15.18585 0.2245927
v -11.875 15.19991 0.2521907
v -14.125 15.19991 0.2521908
v -11.875 15.22181 0.2740926
v -14.125 15.22181 0.2740927
v -11.875 15.24941 0.2881545
v -14.125 15.24941 0.2881547
v -11.875 15.28 0.293
v -14.125 15.28 0.293
v -11.875 15.31059 0.2881545
v -14.125 15.31059 0.2881547
v -11.875 15.33819 0.2740926
v -14.125 15.33819 0.2740927
v -11.875 15.36009 0.2521907
v -14.125 15.36009 0.2521908
v -11.875 15.37415 0.2245926
v -14.125 15.37415 0.2245927
v -14.125 14.819 1.259
v -11.875 14.819 1.259
v -11.875 14.81415 1.228407
v -14.125 14.81415 1.228407
v -11.875 14.80009 1.200809
v -14.125 14.80009 1.200809
v -11.875 14.77819 1.178907
v -14.125 14.77819 1.178907
v -11.875 14.75059 1.164845
v -14.125 14.75059 1.164845
v -11.875 14.72 1.16
v -14.125 14.72 1.16
v -11.875 14.68941 1.164845
v -14.125 14.68941 1.164845
v -11.875 14.66181 1.178907
v -14.125 14.66181 1.178907
v -11.875 14.63991 1.200809
v -14.125 14.63991 1.200809
v -11.875 14.62585 1.228407
v -14.125 14.62585 1.228407
v -11.875 14.621 1.259
v -14.125 14.621 1.259
v -11.875 14.62585 1.289593
v -14.125 14.62585 1.289593
v -11.875 14.63991 1.317191
v -14.125 14.63991 1.317191
v -11.875 14.66181 1.339093
v -14.125 14.66181 1.339093
v -11.875 14.68941 1.353155
v -14.125 14.68941 1.353155
v -11.875 14.72 1.358
v -14.125 14.72 1.358
v -11.875 14.75059 1.353155
v -14.125 14.75059 1.353155
v -11.875 14.77819 1.339093
v -14.125 14.77819 1.339093
v -11.875 14.80009 1.317191
v -14.125 14.80009 1.317191
v -11.875 14.81415 1.289593
v -14.125 14.81415 1.289593
v -14.125 15.099 1.259
v -11.875 15.099 1.259
v -11.875 15.09415 1.228407
v -14.125 15.09415 1.228407
v -11.875 15.08009 1.200809
v -14.125 15.08009 1.200809
v -11.875 15.05819 1.178907
v -14.125 15.05819 1.178907
v -11.875 15.03059 1.164845
v -14.125 15.03059 1.164845
v -11.875 15 1.16
v -14.125 15 1.16
v -11.875 14.96941 1.164845
v -14.125 14.96941 1.164845
v -11.875 14.94181 1.178907
v -14.125 14.94181 1.178907
v -11.875 14.91991 1.200809
v -14.125 14.91991 1.200809
v -11.875 14.90585 1.228407
v -14.125 14.90585 1.228407
v -11.875 14.901 1.259
v -14.125 14.901 1.259
v -11.875 14.90585 1.289593
v -14.125 14.90585 1.289593
v -11.875 14.91991 1.317191
v -14.125 14.91991 1.317191
v -11.875 14.94181 1.339093
v -14.125 14.94181 1.339093
v -11.875 14.96941 1.353155
v -14.125 14.96941 1.353155
v -11.875 15 1.358
v -14.125 15 1.358
v -11.875 15.03059 1.353155
v -14.125 15.03059 1.353155
v -11.875 15.05819 1.339093
v -14.125 15.05819 1.339093
v -11.875 15.08009 1.317191
v -14.125 15.08009 1.317191
v -11.875 15.09415 1.289593
v -14.125 15.09415 1.289593
v -14.125 15.379 1.259
v -11.875 15.379 1.259
v -11.875 15.37415 1.228407
v -14.125 15.37415 1.228407
v -11.875 15.36009 1.200809
v -14.125 15.36009 1.200809
v -11.875 15.33819 1.178907
v -14.125 15.33819 1.178907
v -11.875 15.31059 1.164845
v -14.125 15.31059 1.164845
v -11.875 15.28 1.16
v -14.125 15.28 1.16
v -11.875 15.24941 1.164845
v -14.125 15.24941 1.164845
v -11.875 15.22181 1.178907
v -14.125 15.22181 1.178907
v -11.875 15.19991 1.200809
v -14.125 15.19991 1.200809
v -11.875 15.18585 1.228407
v -14.125 15.18585 1.228407
v -11.875 15.181 1.259
v -14.125 15.181 1.259
v -11.875 15.18585 1.289593
v -14.125 15.18585 1.289593
v -11.875 15.19991 1.317191
v -14.125 15.19991 1.317191
v -11.875 15.22181 1.339093
v -14.125 15.22181 1.339093
v -11.875 15.24941 1.353155
v -14.125 15.24941 1.353155
v -11.875 15.28 1.358
v -14.125 15.28 1.358
v -11.875 15.31059 1.353155
v -14.125 15.31059 1.353155
v -11.875 15.33819 1.339093
v -14.125 15.33819 1.339093
v -11.875 15.36009 1.317191
v -14.125 15.36009 1.317191
v -11.875 15.37415 1.289593
v -14.125 15.37415 1.289593
v -8.125 14.819 0.1940001
v -5.875 14.819 0.194
v -5.875 14.81415 0.1634073
v -8.125 14.81415 0.1634074
v -5.875 14.80009 0.1358092
v -8.125 14.80009 0.1358093
v -5.875 14.77819 0.1139073
v -8.125 14.77819 0.1139074
v -5.875 14.75059 0.09984536
v -8.125 14.75059 0.09984546
v -5.875 14.72 0.09499995
v -8.125 14.72 0.09500006
v -5.875 14.68941 0.09984536
v -8.125 14.68941 0.09984546
v -5.875 14.66181 0.1139073
v -8.125 14.66181 0.1139074
v -5.875 14.63991 0.1358092
v -8.125 14.63991 0.1358093
v -5.875 14.62585 0.1634073
v -8.125 14.62585 0.1634074
v -5.875 14.621 0.194
v -8.125 14.621 0.1940001
v -5.875 14.62585 0.2245926
v -8.125 14.62585 0.2245927
v -5.875 14.63991 0.2521907
v -8.125 14.63991 0.2521908
v -5.875 14.66181 0.2740926
v -8.125 14.66181 0.2740927
v -5.875 14.68941 0.2881545
v -8.125 14.68941 0.2881547
v -5.875 14.72 0.293
v -8.125 14.72 0.293
v -5.875 14.75059 0.2881545
v -8.125 14.75059 0.2881547
v -5.875 14.77819 0.2740926
v -8.125 14.77819 0.2740927
v -5.875 14.80009 0.2521907
v -8.125 14.80009 0.2521908
v -5.875 14.81415 0.2245926
v -8.125 14.81415 0.2245927
v -8.125 15.099 0.1940001
v -5.875 15.099 0.194
v -5.875 15.09415 0.1634073
v -8.125 15.09415 0.1634074
v -5.875 15.08009 0.1358092
v -8.125 15.08009 0.1358093
v -5.875 15.05819 0.1139073
v -8.125 15.05819 0.1139074
v -5.875 15.03059 0.09984536
v -8.125 15.03059 0.09984546
v -5.875 15 0.09499995
v -8.125 15 0.09500006
v -5.875 14.96941 0.09984536
v -8.125 14.96941 0.09984546
v -5.875 14.94181 0.1139073
v -8.125 14.94181 0.1139074
v -5.875 14.91991 0.1358092
v -8.125 14.91991 0.1358093
v -5.875 14.90585 0.1634073
v -8.125 14.90585 0.1634074
v -5.875 14.901 0.194
v -8.125 14.901 0.1940001
v -5.875 14.90585 0.2245926
v -8.125 14.90585 0.2245927
v -5.875 14.91991 0.2521907
v -8.125 14.91991 0.2521908
v -5.875 14.94181 0.2740926
v -8.125 14.94181 0.2740927
v -5.875 14.96941 0.2881545
v -8.125 14.96941 0.2881547
v -5.875 15 0.293
v -8.125 15 0.293
v -5.875 15.03059 0.2881545
v -8.125 15.03059 0.2881547
v -5.875 15.05819 0.2740926
v -8.125 15.05819 0.2740927
v -5.875 15.08009 0.2521907
v -8.125 15.08009 0.2521908
v -5.875 15.09415 0.2245926
v -8.125 15.09415 0.2245927
v -8.125 15.379 0.1940001
v -5.875 15.379 0.194
v -5.875 15.37415 0.1634073
v -8.125 15.37415 0.1634074
v -5.875 15.36009 0.1358092
v -8.125 15.36009 0.1358093
v -5.875 15.33819 0.1139073
v -8.125 15.33819 0.1139074
v -5.875 15.31059 0.09984536
v -8.125 15.31059 0.09984546
v -5.875 15.28 0.09499995
v -8.125 15.28 0.09500006
v -5.875 15.24941 0.09984536
v -8.125 15.24941 0.09984546
v -5.875 15.22181 0.1139073
v -8.125 15.22181 0.1139074
v -5.875 15.19991 0.1358092
v -8.125 15.19991 0.1358093
v -5.875 15.18585 0.1634073
v -8.125 15.18585 0.1634074
v -5.875 15.181 0.194
v -8.125 15.181 0.1940001
v -5.875 15.18585 0.2245926
v -8.125 15.18585 0.2245927
v -5.875 15.19991 0.2521907
v -8.125 15.19991 0.2521908
v -5.875 15.22181 0.2740926
v -8.125 15.22181 0.2740927
v -5.875 15.24941 0.2881545
v -8.125 15.24941 0.2881547
v -5.875 15.28 0.293
v -8.125 15.28 0.293
v -5.875 15.31059 0.2881545
v -8.125 15.31059 0.2881547
v -5.875 15.33819 0.2740926
v -8.125 15.33819 0.2740927
v -5.875 15.36009 0.2521907
v -8.125 15.36009 0.2521908
v -5.875 15.37415 0.2245926
v -8.125 15.37415 0.2245927
v -8.125 14.819 1.259
v -5.875 14.819 1.259
v -5.875 14.81415 1.228407
v -8.125 14.81415 1.228407
v -5.875 14.80009 1.200809
v -8.125 14.80009 1.200809
v -5.875 14.77819 1.178907
v -8.125 14.77819 1.178907
v -5.875 14.75059 1.164845
v -8.125 14.75059 1.164845
v -5.875 14.72 1.16
v -8.125 14.72 1.16
v -5.875 14.68941 1.164845
v -8.125 14.68941 1.164845
v -5.875 14.66181 1.178907
v -8.125 14.66181 1.178907
v -5.875 14.63991 1.200809
v -8.125 14.63991 1.200809
v -5.875 14.62585 1.228407
v -8.125 14.62585 1.228407
v -5.875 14.621 1.259
v -8.125 14.621 1.259
v -5.875 14.62585 1.289593
v -8.125 14.62585 1.289593
v -5.875 14.63991 1.317191
v -8.125 14.63991 1.317191
v -5.875 14.66181 1.339093
v -8.125 14.66181 1.339093
v -5.875 14.68941 1.353155
v -8.125 14.68941 1.353155
v -5.875 14.72 1.358
v -8.125 14.72 1.358
v -5.875 14.75059 1.353155
v -8.125 14.75059 1.353155
v -5.875 14.77819 1.339093
v -8.125 14.77819 1.339093
v -5.875 14.80009 1.317191
v -8.125 14.80009 1.317191
v -5.875 14.81415 1.289593
v -8.125 14.81415 1.289593
v -8.125 15.099 1.259
v -5.875 15.099 1.259
v -5.875 15.09415 1.228407
v -8.125 15.09415 1.228407
v -5.875 15.08009 1.200809
v -8.125 15.08009 1.200809
v -5.875 15.05819 1.178907
v -8.125 15.05819 1.178907
v -5.875 15.03059 1.164845
v -8.125 15.03059 1.164845
v -5.875 15 1.16
v -8.125 15 1.16
v -5.875 14.96941 1.164845
v -8.125 14.96941 1.164845
v -5.875 14.94181 1.178907
v -8.125 14.94181 1.178907
v -5.875 14.91991 1.200809
v -8.125 14.91991 1.200809
v -5.875 14.90585 1.228407
v -8.125 14.90585 1.228407
v -5.875 14.901 1.259
v -8.125 14.901 1.259
v -5.875 14.90585 1.289593
v -8.125 14.90585 1.289593
v -5.875 14.91991 1.317191
v -8.125 14.91991 1.317191
v -5.875 14.94181 1.339093
v -8.125 14.94181 1.339093
v -5.875 14.96941 1.353155
v -8.125 14.96941 1.353155
v -5.875 15 1.358
v -8.125 15 1.358
v -5.875 15.03059 1.353155
v -8.125 15.03059 1.353155
v -5.875 15.05819 1.339093
v -8.125 15.05819 1.339093
v -5.875 15.08009 1.317191
v -8.125 15.08009 1.317191
v -5.875 15.09415 1.289593
v -8.125 15.09415 1.289593
v -8.125 15.379 1.259
v -5.875 15.379 1.259
v -5.875 15.37415 1.228407
v -8.125 15.37415 1.228407
v -5.875 15.36009 1.200809
v -8.125 15.36009 1.200809
v -5.875 15.33819 1.178907
v -8.125 15.33819 1.178907
v -5.875 15.31059 1.164845
v -8.125 15.31059 1.164845
v -5.875 15.28 1.16
v -8.125 15.28 1.16
v -5.875 15.24941 1.164845
v -8.125 15.24941 1.164845
v -5.875 15.22181 1.178907
v -8.125 15.22181 1.178907
v -5.875 15.19991 1.200809
v -8.125 15.19991 1.200809
v -5.875 15.18585 1.228407
v -8.125 15.18585 1.228407
v -5.875 15.181 1.259
v -8.125 15.181 1.259
v -5.875 15.18585 1.289593
v -8.125 15.18585 1.289593
v -5.875 15.19991 1.317191
v -8.125 15.19991 1.317191
v -5.875 15.22181 1.339093
v -8.125 15.22181 1.339093
v -5.875 15.24941 1.353155
v -8.125 15.24941 1.353155
v -5.875 15.28 1.358
v -8.125 15.28 1.358
v -5.875 15.31059 1.353155
v -8.125 15.31059 1.353155
v -5.875 15.33819 1.339093
v -8.125 15.33819 1.339093
v -5.875 15.36009 1.317191
v -8.125 15.36009 1.317191
v -5.875 15.37415 1.289593
v -8.125 15.37415 1.289593
v 10.5 2.160002 0
v 10.5 2.160002 0.09
v 9.500003 2.159998 0.09
v 9.500003 2.159998 0
v 9.500003 2.319998 0.09
v 9.500003 2.319998 0
v 10.5 2.320002 0.09
v 10.5 2.320002 0
v 10.50001 0.8800018 0
v 10.50001 0.8800018 0.09
v 9.500007 0.8799983 0.09
v 9.500007 0.8799983 0
v 9.500007 1.039998 0.09
v 9.500007 1.039998 0
v 10.50001 1.040002 0.09
v 10.50001 1.040002 0
v 10.16001 0.6600006 0.25
v 10.16 2.54 0.25
v 10.16783 2.540001 0.2005572
v 10.16784 0.6600006 0.2005573
v 10.19056 2.540001 0.1559543
v 10.19057 0.6600006 0.1559544
v 10.22596 2.540001 0.1205572
v 10.22596 0.6600007 0.1205573
v 10.27056 2.540001 0.09783091
v 10.27057 0.6600009 0.097831
v 10.32 2.540001 0.08999996
v 10.32001 0.6600011 0.09000005
v 10.36944 2.540001 0.09783091
v 10.36945 0.6600013 0.097831
v 10.41405 2.540001 0.1205572
v 10.41405 0.6600014 0.1205573
v 10.44944 2.540002 0.1559543
v 10.44945 0.6600016 0.1559544
v 10.47217 2.540002 0.2005572
v 10.47218 0.6600016 0.2005573
v 10.48 2.540002 0.25
v 10.48001 0.6600016 0.25
v 10.47217 2.540002 0.2994427
v 10.47218 0.6600016 0.2994428
v 10.44944 2.540002 0.3440456
v 10.44945 0.6600016 0.3440457
v 10.41405 2.540001 0.3794427
v 10.41405 0.6600015 0.3794428
v 10.36944 2.540001 0.402169
v 10.36945 0.6600013 0.4021691
v 10.32 2.540001 0.41
v 10.32001 0.6600011 0.41
v 10.27056 2.540001 0.402169
v 10.27057 0.6600009 0.4021691
v 10.22596 2.540001 0.3794427
v 10.22596 0.6600008 0.3794428
v 10.19056 2.540001 0.3440456
v 10.19057 0.6600006 0.3440457
v 10.16783 2.540001 0.2994427
v 10.16784 0.6600006 0.2994428
v 9.840008 0.6599995 0.25
v 9.840001 2.539999 0.25
v 9.847833 2.539999 0.2005572
v 9.847839 0.6599995 0.2005573
v 9.870559 2.539999 0.1559543
v 9.870565 0.6599995 0.1559544
v 9.905956 2.54 0.1205572
v 9.905962 0.6599997 0.1205573
v 9.950559 2.54 0.09783091
v 9.950565 0.6599998 0.097831
v 10 2.54 0.08999996
v 10.00001 0.66 0.09000005
v 10.04944 2.54 0.09783091
v 10.04945 0.6600002 0.097831
v 10.09405 2.54 0.1205572
v 10.09405 0.6600003 0.1205573
v 10.12944 2.54 0.1559543
v 10.12945 0.6600005 0.1559544
v 10.15217 2.54 0.2005572
v 10.15218 0.6600006 0.2005573
v 10.16 2.540001 0.25
v 10.16001 0.6600006 0.25
v 10.15217 2.54 0.2994427
v 10.15218 0.6600006 0.2994428
v 10.12944 2.54 0.3440456
v 10.12945 0.6600005 0.3440457
v 10.09405 2.54 0.3794427
v 10.09405 0.6600004 0.3794428
v 10.04944 2.54 0.402169
v 10.04945 0.6600002 0.4021691
v 10 2.54 0.41
v 10.00001 0.66 0.41
v 9.950559 2.54 0.402169
v 9.950565 0.6599998 0.4021691
v 9.905956 2.54 0.3794427
v 9.905962 0.6599997 0.3794428
v 9.870559 2.539999 0.3440456
v 9.870565 0.6599995 0.3440457
v 9.847833 2.539999 0.2994427
v 9.847839 0.6599995 0.2994428
v 9.520008 0.6599984 0.25
v 9.520001 2.539998 0.25
v 9.527833 2.539999 0.2005572
v 9.52784 0.6599984 0.2005573
v 9.550559 2.539999 0.1559543
v 9.550566 0.6599985 0.1559544
v 9.585957 2.539999 0.1205572
v 9.585962 0.6599986 0.1205573
v 9.630559 2.539999 0.09783091
v 9.630566 0.6599988 0.097831
v 9.680002 2.539999 0.08999996
v 9.680008 0.659999 0.09000005
v 9.729445 2.539999 0.09783091
v 9.729451 0.6599991 0.097831
v 9.774048 2.539999 0.1205572
v 9.774054 0.6599993 0.1205573
v 9.809444 2.539999 0.1559543
v 9.809451 0.6599994 0.1559544
v 9.83217 2.539999 0.2005572
v 9.832177 0.6599995 0.2005573
v 9.840002 2.539999 0.25
v 9.840009 0.6599995 0.25
v 9.83217 2.539999 0.2994427
v 9.832177 0.6599995 0.2994428
v 9.809444 2.539999 0.3440456
v 9.809451 0.6599994 0.3440457
v 9.774048 2.539999 0.3794427
v 9.774054 0.6599993 0.3794428
v 9.729445 2.539999 0.402169
v 9.729451 0.6599991 0.4021691
v 9.680002 2.539999 0.41
v 9.680008 0.659999 0.41
v 9.630559 2.539999 0.402169
v 9.630566 0.6599988 0.4021691
v 9.585957 2.539999 0.3794427
v 9.585962 0.6599987 0.3794428
v 9.550559 2.539999 0.3440456
v 9.550566 0.6599985 0.3440457
v 9.527833 2.539999 0.2994427
v 9.52784 0.6599984 0.2994428
v 10.16001 0.6600006 0.53
v 10.16 2.54 0.5299999
v 10.16783 2.540001 0.4805572
v 10.16784 0.6600006 0.4805573
v 10.19056 2.540001 0.4359543
v 10.19057 0.6600006 0.4359544
v 10.22596 2.540001 0.4005572
v 10.22596 0.6600007 0.4005573
v 10.27056 2.540001 0.3778309
v 10.27057 0.6600009 0.377831
v 10.32 2.540001 0.3699999
v 10.32001 0.6600011 0.37
v 10.36944 2.540001 0.3778309
v 10.36945 0.6600013 0.377831
v 10.41405 2.540001 0.4005572
v 10.41405 0.6600014 0.4005573
v 10.44944 2.540002 0.4359543
v 10.44945 0.6600016 0.4359544
v 10.47217 2.540002 0.4805572
v 10.47218 0.6600016 0.4805573
v 10.48 2.540002 0.5299999
v 10.48001 0.6600016 0.53
v 10.47217 2.540002 0.5794426
v 10.47218 0.6600016 0.5794427
v 10.44944 2.540002 0.6240456
v 10.44945 0.6600016 0.6240457
v 10.41405 2.540001 0.6594427
v 10.41405 0.6600015 0.6594427
v 10.36944 2.540001 0.682169
v 10.36945 0.6600013 0.6821691
v 10.32 2.540001 0.6899999
v 10.32001 0.6600011 0.69
v 10.27056 2.540001 0.682169
v 10.27057 0.6600009 0.6821691
v 10.22596 2.540001 0.6594427
v 10.22596 0.6600008 0.6594427
v 10.19056 2.540001 0.6240456
v 10.19057 0.6600006 0.6240457
v 10.16783 2.540001 0.5794426
v 10.16784 0.6600006 0.5794427
v 9.840008 0.6599995 0.53
v 9.840001 2.539999 0.5299999
v 9.847833 2.539999 0.4805572
v 9.847839 0.6599995 0.4805573
v 9.870559 2.539999 0.4359543
v 9.870565 0.6599995 0.4359544
v 9.905956 2.54 0.4005572
v 9.905962 0.6599997 0.4005573
v 9.950559 2.54 0.3778309
v 9.950565 0.6599998 0.377831
v 10 2.54 0.3699999
v 10.00001 0.66 0.37
v 10.04944 2.54 0.3778309
v 10.04945 0.6600002 0.377831
v 10.09405 2.54 0.4005572
v 10.09405 0.6600003 0.4005573
v 10.12944 2.54 0.4359543
v 10.12945 0.6600005 0.4359544
v 10.15217 2.54 0.4805572
v 10.15218 0.6600006 0.4805573
v 10.16 2.540001 0.5299999
v 10.16001 0.6600006 0.53
v 10.15217 2.54 0.5794426
v 10.15218 0.6600006 0.5794427
v 10.12944 2.54 0.6240456
v 10.12945 0.6600005 0.6240457
v 10.09405 2.54 0.6594427
v 10.09405 0.6600004 0.6594427
v 10.04944 2.54 0.682169
v 10.04945 0.6600002 0.6821691
v 10 2.54 0.6899999
v 10.00001 0.66 0.69
v 9.950559 2.54 0.682169
v 9.950565 0.6599998 0.6821691
v 9.905956 2.54 0.6594427
v 9.905962 0.6599997 0.6594427
v 9.870559 2.539999 0.6240456
v 9.870565 0.6599995 0.6240457
v 9.847833 2.539999 0.5794426
v 9.847839 0.6599995 0.5794427
v 10.5 3.560002 0
v 10.5 3.560002 0.09
v 9.499998 3.559998 0.09
v 9.499998 3.559998 0
v 9.499998 3.719998 0.09
v 9.499998 3.719998 0
v 10.5 3.720002 0.09
v 10.5 3.720002 0
v 10.5 2.280002 0
v 10.5 2.280002 0.09
v 9.500002 2.279998 0.09
v 9.500002 2.279998 0
v 9.500002 2.439998 0.09
v 9.500002 2.439998 0
v 10.5 2.440002 0.09
v 10.5 2.440002 0
v 10.16 2.060001 0.25
v 10.16 3.940001 0.25
v 10.16783 3.940001 0.2005572
v 10.16783 2.060001 0.2005573
v 10.19055 3.940001 0.1559543
v 10.19056 2.060001 0.1559544
v 10.22595 3.940001 0.1205572
v 10.22596 2.060001 0.1205573
v 10.27055 3.940001 0.09783091
v 10.27056 2.060001 0.097831
v 10.32 3.940001 0.08999996
v 10.32 2.060001 0.09000005
v 10.36944 3.940001 0.09783091
v 10.36945 2.060001 0.097831
v 10.41404 3.940001 0.1205572
v 10.41405 2.060002 0.1205573
v 10.44944 3.940002 0.1559543
v 10.44945 2.060002 0.1559544
v 10.47217 3.940002 0.2005572
v 10.47217 2.060002 0.2005573
v 10.48 3.940002 0.25
v 10.48 2.060002 0.25
v 10.47217 3.940002 0.2994427
v 10.47217 2.060002 0.2994428
v 10.44944 3.940002 0.3440456
v 10.44945 2.060002 0.3440457
v 10.41404 3.940001 0.3794427
v 10.41405 2.060002 0.3794428
v 10.36944 3.940001 0.402169
v 10.36945 2.060001 0.4021691
v 10.32 3.940001 0.41
v 10.32 2.060001 0.41
v 10.27055 3.940001 0.402169
v 10.27056 2.060001 0.4021691
v 10.22595 3.940001 0.3794427
v 10.22596 2.060001 0.3794428
v 10.19055 3.940001 0.3440456
v 10.19056 2.060001 0.3440457
v 10.16783 3.940001 0.2994427
v 10.16783 2.060001 0.2994428
v 9.840003 2.059999 0.25
v 9.839996 3.939999 0.25
v 9.847828 3.94 0.2005572
v 9.847835 2.059999 0.2005573
v 9.870554 3.94 0.1559543
v 9.870561 2.059999 0.1559544
v 9.905951 3.94 0.1205572
v 9.905957 2.06 0.1205573
v 9.950554 3.94 0.09783091
v 9.950561 2.06 0.097831
v 9.999997 3.94 0.08999996
v 10 2.06 0.09000005
v 10.04944 3.94 0.09783091
v 10.04945 2.06 0.097831
v 10.09404 3.94 0.1205572
v 10.09405 2.06 0.1205573
v 10.12944 3.940001 0.1559543
v 10.12945 2.06 0.1559544
v 10.15217 3.940001 0.2005572
v 10.15217 2.06 0.2005573
v 10.16 3.940001 0.25
v 10.16 2.060001 0.25
v 10.15217 3.940001 0.2994427
v 10.15217 2.06 0.2994428
v 10.12944 3.940001 0.3440456
v 10.12945 2.06 0.3440457
v 10.09404 3.94 0.3794427
v 10.09405 2.06 0.3794428
v 10.04944 3.94 0.402169
v 10.04945 2.06 0.4021691
v 9.999997 3.94 0.41
v 10 2.06 0.41
v 9.950554 3.94 0.402169
v 9.950561 2.06 0.4021691
v 9.905951 3.94 0.3794427
v 9.905957 2.06 0.3794428
v 9.870554 3.94 0.3440456
v 9.870561 2.059999 0.3440457
v 9.847828 3.94 0.2994427
v 9.847835 2.059999 0.2994428
v 9.520003 2.059998 0.25
v 9.519997 3.939998 0.25
v 9.527828 3.939998 0.2005572
v 9.527835 2.059998 0.2005573
v 9.550554 3.939998 0.1559543
v 9.550561 2.059998 0.1559544
v 9.585952 3.939998 0.1205572
v 9.585958 2.059999 0.1205573
v 9.630554 3.939999 0.09783091
v 9.630561 2.059999 0.097831
v 9.679997 3.939999 0.08999996
v 9.680003 2.059999 0.09000005
v 9.72944 3.939999 0.09783091
v 9.729446 2.059999 0.097831
v 9.774043 3.939999 0.1205572
v 9.774049 2.059999 0.1205573
v 9.80944 3.939999 0.1559543
v 9.809446 2.059999 0.1559544
v 9.832166 3.939999 0.2005572
v 9.832172 2.059999 0.2005573
v 9.839997 3.939999 0.25
v 9.840004 2.059999 0.25
v 9.832166 3.939999 0.2994427
v 9.832172 2.059999 0.2994428
v 9.80944 3.939999 0.3440456
v 9.809446 2.059999 0.3440457
v 9.774043 3.939999 0.3794427
v 9.774049 2.059999 0.3794428
v 9.72944 3.939999 0.402169
v 9.729446 2.059999 0.4021691
v 9.679997 3.939999 0.41
v 9.680003 2.059999 0.41
v 9.630554 3.939999 0.402169
v 9.630561 2.059999 0.4021691
v 9.585952 3.939998 0.3794427
v 9.585958 2.059999 0.3794428
v 9.550554 3.939998 0.3440456
v 9.550561 2.059998 0.3440457
v 9.527828 3.939998 0.2994427
v 9.527835 2.059998 0.2994428
v 10.16 2.060001 0.53
v 10.16 3.940001 0.5299999
v 10.16783 3.940001 0.4805572
v 10.16783 2.060001 0.4805573
v 10.19055 3.940001 0.4359543
v 10.19056 2.060001 0.4359544
v 10.22595 3.940001 0.4005572
v 10.22596 2.060001 0.4005573
v 10.27055 3.940001 0.3778309
v 10.27056 2.060001 0.377831
v 10.32 3.940001 0.3699999
v 10.32 2.060001 0.37
v 10.36944 3.940001 0.3778309
v 10.36945 2.060001 0.377831
v 10.41404 3.940001 0.4005572
v 10.41405 2.060002 0.4005573
v 10.44944 3.940002 0.4359543
v 10.44945 2.060002 0.4359544
v 10.47217 3.940002 0.4805572
v 10.47217 2.060002 0.4805573
v 10.48 3.940002 0.5299999
v 10.48 2.060002 0.53
v 10.47217 3.940002 0.5794426
v 10.47217 2.060002 0.5794427
v 10.44944 3.940002 0.6240456
v 10.44945 2.060002 0.6240457
v 10.41404 3.940001 0.6594427
v 10.41405 2.060002 0.6594427
v 10.36944 3.940001 0.682169
v 10.36945 2.060001 0.6821691
v 10.32 3.940001 0.6899999
v 10.32 2.060001 0.69
v 10.27055 3.940001 0.682169
v 10.27056 2.060001 0.6821691
v 10.22595 3.940001 0.6594427
v 10.22596 2.060001 0.6594427
v 10.19055 3.940001 0.6240456
v 10.19056 2.060001 0.6240457
v 10.16783 3.940001 0.5794426
v 10.16783 2.060001 0.5794427
v 9.840003 2.059999 0.53
v 9.839996 3.939999 0.5299999
v 9.847828 3.94 0.4805572
v 9.847835 2.059999 0.4805573
v 9.870554 3.94 0.4359543
v 9.870561 2.059999 0.4359544
v 9.905951 3.94 0.4005572
v 9.905957 2.06 0.4005573
v 9.950554 3.94 0.3778309
v 9.950561 2.06 0.377831
v 9.999997 3.94 0.3699999
v 10 2.06 0.37
v 10.04944 3.94 0.3778309
v 10.04945 2.06 0.377831
v 10.09404 3.94 0.4005572
v 10.09405 2.06 0.4005573
v 10.12944 3.940001 0.4359543
v 10.12945 2.06 0.4359544
v 10.15217 3.940001 0.4805572
v 10.15217 2.06 0.4805573
v 10.16 3.940001 0.5299999
v 10.16 2.060001 0.53
v 10.15217 3.940001 0.5794426
v 10.15217 2.06 0.5794427
v 10.12944 3.940001 0.6240456
v 10.12945 2.06 0.6240457
v 10.09404 3.94 0.6594427
v 10.09405 2.06 0.6594427
v 10.04944 3.94 0.682169
v 10.04945 2.06 0.6821691
v 9.999997 3.94 0.6899999
v 10 2.06 0.69
v 9.950554 3.94 0.682169
v 9.950561 2.06 0.6821691
v 9.905951 3.94 0.6594427
v 9.905957 2.06 0.6594427
v 9.870554 3.94 0.6240456
v 9.870561 2.059999 0.6240457
v 9.847828 3.94 0.5794426
v 9.847835 2.059999 0.5794427
v 10.49999 4.960002 0
v 10.49999 4.960002 0.09
v 9.499993 4.959998 0.09
v 9.499993 4.959998 0
v 9.499993 5.119998 0.09
v 9.499993 5.119998 0
v 10.49999 5.120002 0.09
v 10.49999 5.120002 0
v 10.5 3.680002 0
v 10.5 3.680002 0.09
v 9.499997 3.679998 0.09
v 9.499997 3.679998 0
v 9.499997 3.839998 0.09
v 9.499997 3.839998 0
v 10.5 3.840002 0.09
v 10.5 3.840002 0
v 10.16 3.460001 0.25
v 10.15999 5.340001 0.25
v 10.16782 5.340001 0.2005572
v 10.16783 3.460001 0.2005573
v 10.19055 5.340001 0.1559543
v 10.19056 3.460001 0.1559544
v 10.22595 5.340001 0.1205572
v 10.22595 3.460001 0.1205573
v 10.27055 5.340001 0.09783091
v 10.27056 3.460001 0.097831
v 10.31999 5.340001 0.08999996
v 10.32 3.460001 0.09000005
v 10.36943 5.340001 0.09783091
v 10.36944 3.460001 0.097831
v 10.41404 5.340002 0.1205572
v 10.41404 3.460001 0.1205573
v 10.44943 5.340002 0.1559543
v 10.44944 3.460001 0.1559544
v 10.47216 5.340002 0.2005572
v 10.47217 3.460001 0.2005573
v 10.47999 5.340002 0.25
v 10.48 3.460002 0.25
v 10.47216 5.340002 0.2994427
v 10.47217 3.460001 0.2994428
v 10.44943 5.340002 0.3440456
v 10.44944 3.460001 0.3440457
v 10.41404 5.340002 0.3794427
v 10.41404 3.460001 0.3794428
v 10.36943 5.340001 0.402169
v 10.36944 3.460001 0.4021691
v 10.31999 5.340001 0.41
v 10.32 3.460001 0.41
v 10.27055 5.340001 0.402169
v 10.27056 3.460001 0.4021691
v 10.22595 5.340001 0.3794427
v 10.22595 3.460001 0.3794428
v 10.19055 5.340001 0.3440456
v 10.19056 3.460001 0.3440457
v 10.16782 5.340001 0.2994427
v 10.16783 3.460001 0.2994428
v 9.839998 3.46 0.25
v 9.839992 5.34 0.25
v 9.847823 5.34 0.2005572
v 9.84783 3.46 0.2005573
v 9.870549 5.34 0.1559543
v 9.870556 3.46 0.1559544
v 9.905947 5.34 0.1205572
v 9.905952 3.46 0.1205573
v 9.950549 5.34 0.09783091
v 9.950556 3.46 0.097831
v 9.999992 5.34 0.08999996
v 9.999998 3.46 0.09000005
v 10.04943 5.34 0.09783091
v 10.04944 3.46 0.097831
v 10.09404 5.340001 0.1205572
v 10.09404 3.460001 0.1205573
v 10.12943 5.340001 0.1559543
v 10.12944 3.460001 0.1559544
v 10.15216 5.340001 0.2005572
v 10.15217 3.460001 0.2005573
v 10.15999 5.340001 0.25
v 10.16 3.460001 0.25
v 10.15216 5.340001 0.2994427
v 10.15217 3.460001 0.2994428
v 10.12943 5.340001 0.3440456
v 10.12944 3.460001 0.3440457
v 10.09404 5.340001 0.3794427
v 10.09404 3.460001 0.3794428
v 10.04943 5.34 0.402169
v 10.04944 3.46 0.4021691
v 9.999992 5.34 0.41
v 9.999998 3.46 0.41
v 9.950549 5.34 0.402169
v 9.950556 3.46 0.4021691
v 9.905947 5.34 0.3794427
v 9.905952 3.46 0.3794428
v 9.870549 5.34 0.3440456
v 9.870556 3.46 0.3440457
v 9.847823 5.34 0.2994427
v 9.84783 3.46 0.2994428
v 9.519999 3.459999 0.25
v 9.519992 5.339999 0.25
v 9.527823 5.339999 0.2005572
v 9.52783 3.459999 0.2005573
v 9.55055 5.339999 0.1559543
v 9.550556 3.459999 0.1559544
v 9.585947 5.339999 0.1205572
v 9.585953 3.459999 0.1205573
v 9.630549 5.339999 0.09783091
v 9.630556 3.459999 0.097831
v 9.679993 5.339999 0.08999996
v 9.679998 3.459999 0.09000005
v 9.729435 5.339999 0.09783091
v 9.729442 3.459999 0.097831
v 9.774038 5.34 0.1205572
v 9.774044 3.46 0.1205573
v 9.809435 5.34 0.1559543
v 9.809442 3.46 0.1559544
v 9.832161 5.34 0.2005572
v 9.832168 3.46 0.2005573
v 9.839993 5.34 0.25
v 9.839999 3.46 0.25
v 9.832161 5.34 0.2994427
v 9.832168 3.46 0.2994428
v 9.809435 5.34 0.3440456
v 9.809442 3.46 0.3440457
v 9.774038 5.34 0.3794427
v 9.774044 3.46 0.3794428
v 9.729435 5.339999 0.402169
v 9.729442 3.459999 0.4021691
v 9.679993 5.339999 0.41
v 9.679998 3.459999 0.41
v 9.630549 5.339999 0.402169
v 9.630556 3.459999 0.4021691
v 9.585947 5.339999 0.3794427
v 9.585953 3.459999 0.3794428
v 9.55055 5.339999 0.3440456
v 9.550556 3.459999 0.3440457
v 9.527823 5.339999 0.2994427
v 9.52783 3.459999 0.2994428
v 10.16 3.460001 0.53
v 10.15999 5.340001 0.5299999
v 10.16782 5.340001 0.4805572
v 10.16783 3.460001 0.4805573
v 10.19055 5.340001 0.4359543
v 10.19056 3.460001 0.4359544
v 10.22595 5.340001 0.4005572
v 10.22595 3.460001 0.4005573
v 10.27055 5.340001 0.3778309
v 10.27056 3.460001 0.377831
v 10.31999 5.340001 0.3699999
v 10.32 3.460001 0.37
v 10.36943 5.340001 0.3778309
v 10.36944 3.460001 0.377831
v 10.41404 5.340002 0.4005572
v 10.41404 3.460001 0.4005573
v 10.44943 5.340002 0.4359543
v 10.44944 3.460001 0.4359544
v 10.47216 5.340002 0.4805572
v 10.47217 3.460001 0.4805573
v 10.47999 5.340002 0.5299999
v 10.48 3.460002 0.53
v 10.47216 5.340002 0.5794426
v 10.47217 3.460001 0.5794427
v 10.44943 5.340002 0.6240456
v 10.44944 3.460001 0.6240457
v 10.41404 5.340002 0.6594427
v 10.41404 3.460001 0.6594427
v 10.36943 5.340001 0.682169
v 10.36944 3.460001 0.6821691
v 10.31999 5.340001 0.6899999
v 10.32 3.460001 0.69
v 10.27055 5.340001 0.682169
v 10.27056 3.460001 0.6821691
v 10.22595 5.340001 0.6594427
v 10.22595 3.460001 0.6594427
v 10.19055 5.340001 0.6240456
v 10.19056 3.460001 0.6240457
v 10.16782 5.340001 0.5794426
v 10.16783 3.460001 0.5794427
v 9.839998 3.46 0.53
v 9.839992 5.34 0.5299999
v 9.847823 5.34 0.4805572
v 9.84783 3.46 0.4805573
v 9.870549 5.34 0.4359543
v 9.870556 3.46 0.4359544
v 9.905947 5.34 0.4005572
v 9.905952 3.46 0.4005573
v 9.950549 5.34 0.3778309
v 9.950556 3.46 0.377831
v 9.999992 5.34 0.3699999
v 9.999998 3.46 0.37
v 10.04943 5.34 0.3778309
v 10.04944 3.46 0.377831
v 10.09404 5.340001 0.4005572
v 10.09404 3.460001 0.4005573
v 10.12943 5.340001 0.4359543
v 10.12944 3.460001 0.4359544
v 10.15216 5.340001 0.4805572
v 10.15217 3.460001 0.4805573
v 10.15999 5.340001 0.5299999
v 10.16 3.460001 0.53
v 10.15216 5.340001 0.5794426
v 10.15217 3.460001 0.5794427
v 10.12943 5.340001 0.6240456
v 10.12944 3.460001 0.6240457
v 10.09404 5.340001 0.6594427
v 10.09404 3.460001 0.6594427
v 10.04943 5.34 0.682169
v 10.04944 3.46 0.6821691
v 9.999992 5.34 0.6899999
v 9.999998 3.46 0.69
v 9.950549 5.34 0.682169
v 9.950556 3.46 0.6821691
v 9.905947 5.34 0.6594427
v 9.905952 3.46 0.6594427
v 9.870549 5.34 0.6240456
v 9.870556 3.46 0.6240457
v 9.847823 5.34 0.5794426
v 9.84783 3.46 0.5794427
v 9.903408 0.6624996 0.207
v 9.903408 0.6874996 0.207
v 9.908135 0.6874996 0.177149
v 9.908135 0.6624996 0.177149
v 9.921857 0.6874997 0.1502199
v 9.921857 0.6624997 0.1502199
v 9.943228 0.6874998 0.128849
v 9.943228 0.6624997 0.128849
v 9.970157 0.6874998 0.1151279
v 9.970157 0.6624998 0.1151279
v 10.00001 0.6874999 0.1104
v 10.00001 0.6625 0.1104
v 10.02986 0.6875001 0.1151279
v 10.02986 0.6625 0.1151279
v 10.05679 0.6875001 0.128849
v 10.05679 0.6625001 0.128849
v 10.07816 0.6875002 0.1502199
v 10.07816 0.6625002 0.1502199
v 10.09188 0.6875003 0.177149
v 10.09188 0.6625003 0.177149
v 10.09661 0.6875003 0.207
v 10.09661 0.6625003 0.207
v 10.09188 0.6875003 0.236851
v 10.09188 0.6625003 0.2368511
v 10.07816 0.6875002 0.2637801
v 10.07816 0.6625002 0.2637801
v 10.05679 0.6875002 0.285151
v 10.05679 0.6625001 0.285151
v 10.02986 0.6875001 0.2988721
v 10.02986 0.6625001 0.2988721
v 10.00001 0.6874999 0.3036
v 10.00001 0.6625 0.3036
v 9.970157 0.6874999 0.2988721
v 9.970157 0.6624998 0.2988721
v 9.943228 0.6874998 0.285151
v 9.943228 0.6624998 0.285151
v 9.921857 0.6874997 0.2637801
v 9.921857 0.6624997 0.2637801
v 9.908135 0.6874996 0.236851
v 9.908135 0.6624996 0.2368511
v 9.903408 0.6624996 0.414
v 9.903408 0.6874996 0.414
v 9.908135 0.6874996 0.384149
v 9.908135 0.6624996 0.384149
v 9.921857 0.6874997 0.35722
v 9.921857 0.6624997 0.35722
v 9.943228 0.6874998 0.335849
v 9.943228 0.6624997 0.335849
v 9.970157 0.6874998 0.3221279
v 9.970157 0.6624998 0.3221279
v 10.00001 0.6874999 0.3174
v 10.00001 0.6625 0.3174
v 10.02986 0.6875001 0.3221279
v 10.02986 0.6625 0.3221279
v 10.05679 0.6875001 0.335849
v 10.05679 0.6625001 0.335849
v 10.07816 0.6875002 0.35722
v 10.07816 0.6625002 0.35722
v 10.09188 0.6875003 0.384149
v 10.09188 0.6625003 0.384149
v 10.09661 0.6875003 0.414
v 10.09661 0.6625003 0.414
v 10.09188 0.6875003 0.4438511
v 10.09188 0.6625003 0.4438511
v 10.07816 0.6875002 0.47078
v 10.07816 0.6625002 0.47078
v 10.05679 0.6875002 0.4921511
v 10.05679 0.6625001 0.4921511
v 10.02986 0.6875001 0.5058721
v 10.02986 0.6625001 0.5058721
v 10.00001 0.6874999 0.5106
v 10.00001 0.6625 0.5106
v 9.970157 0.6874999 0.5058721
v 9.970157 0.6624998 0.5058721
v 9.943228 0.6874998 0.4921511
v 9.943228 0.6624998 0.4921511
v 9.921857 0.6874997 0.47078
v 9.921857 0.6624997 0.47078
v 9.908135 0.6874996 0.4438511
v 9.908135 0.6624996 0.4438511
v 9.903408 0.6624996 0.5865
v 9.903408 0.6874996 0.5865
v 9.908135 0.6874996 0.556649
v 9.908135 0.6624996 0.556649
v 9.921857 0.6874997 0.5297199
v 9.921857 0.6624997 0.5297199
v 9.943228 0.6874998 0.5083489
v 9.943228 0.6624997 0.5083489
v 9.970157 0.6874998 0.4946279
v 9.970157 0.6624998 0.4946279
v 10.00001 0.6874999 0.4899
v 10.00001 0.6625 0.4899
v 10.02986 0.6875001 0.4946279
v 10.02986 0.6625 0.4946279
v 10.05679 0.6875001 0.5083489
v 10.05679 0.6625001 0.5083489
v 10.07816 0.6875002 0.5297199
v 10.07816 0.6625002 0.5297199
v 10.09188 0.6875003 0.556649
v 10.09188 0.6625003 0.556649
v 10.09661 0.6875003 0.5865
v 10.09661 0.6625003 0.5865
v 10.09188 0.6875003 0.616351
v 10.09188 0.6625003 0.616351
v 10.07816 0.6875002 0.64328
v 10.07816 0.6625002 0.64328
v 10.05679 0.6875002 0.664651
v 10.05679 0.6625001 0.664651
v 10.02986 0.6875001 0.678372
v 10.02986 0.6625001 0.678372
v 10.00001 0.6874999 0.6831
v 10.00001 0.6625 0.6831
v 9.970157 0.6874999 0.678372
v 9.970157 0.6624998 0.678372
v 9.943228 0.6874998 0.664651
v 9.943228 0.6624998 0.664651
v 9.921857 0.6874997 0.64328
v 9.921857 0.6624997 0.64328
v 9.908135 0.6874996 0.616351
v 9.908135 0.6624996 0.616351
v 9.903401 2.5125 0.207
v 9.903401 2.5375 0.207
v 9.908129 2.5375 0.177149
v 9.908129 2.5125 0.177149
v 9.92185 2.5375 0.1502199
v 9.92185 2.5125 0.1502199
v 9.943221 2.5375 0.128849
v 9.943221 2.5125 0.128849
v 9.97015 2.5375 0.1151279
v 9.97015 2.5125 0.1151279
v 10 2.5375 0.1104
v 10 2.5125 0.1104
v 10.02985 2.5375 0.1151279
v 10.02985 2.5125 0.1151279
v 10.05678 2.5375 0.128849
v 10.05678 2.5125 0.128849
v 10.07815 2.5375 0.1502199
v 10.07815 2.5125 0.1502199
v 10.09187 2.5375 0.177149
v 10.09187 2.512501 0.177149
v 10.0966 2.5375 0.207
v 10.0966 2.512501 0.207
v 10.09187 2.5375 0.236851
v 10.09187 2.512501 0.2368511
v 10.07815 2.5375 0.2637801
v 10.07815 2.5125 0.2637801
v 10.05678 2.5375 0.285151
v 10.05678 2.5125 0.285151
v 10.02985 2.5375 0.2988721
v 10.02985 2.5125 0.2988721
v 10 2.5375 0.3036
v 10 2.5125 0.3036
v 9.97015 2.5375 0.2988721
v 9.97015 2.5125 0.2988721
v 9.943221 2.5375 0.285151
v 9.943221 2.5125 0.285151
v 9.92185 2.5375 0.2637801
v 9.92185 2.5125 0.2637801
v 9.908129 2.5375 0.236851
v 9.908129 2.5125 0.2368511
v 9.903401 2.5125 0.414
v 9.903401 2.5375 0.414
v 9.908129 2.5375 0.384149
v 9.908129 2.5125 0.384149
v 9.92185 2.5375 0.35722
v 9.92185 2.5125 0.35722
v 9.943221 2.5375 0.335849
v 9.943221 2.5125 0.335849
v 9.97015 2.5375 0.3221279
v 9.97015 2.5125 0.3221279
v 10 2.5375 0.3174
v 10 2.5125 0.3174
v 10.02985 2.5375 0.3221279
v 10.02985 2.5125 0.3221279
v 10.05678 2.5375 0.335849
v 10.05678 2.5125 0.335849
v 10.07815 2.5375 0.35722
v 10.07815 2.5125 0.35722
v 10.09187 2.5375 0.384149
v 10.09187 2.512501 0.384149
v 10.0966 2.5375 0.414
v 10.0966 2.512501 0.414
v 10.09187 2.5375 0.4438511
v 10.09187 2.512501 0.4438511
v 10.07815 2.5375 0.47078
v 10.07815 2.5125 0.47078
v 10.05678 2.5375 0.4921511
v 10.05678 2.5125 0.4921511
v 10.02985 2.5375 0.5058721
v 10.02985 2.5125 0.5058721
v 10 2.5375 0.5106
v 10 2.5125 0.5106
v 9.97015 2.5375 0.5058721
v 9.97015 2.5125 0.5058721
v 9.943221 2.5375 0.4921511
v 9.943221 2.5125 0.4921511
v 9.92185 2.5375 0.47078
v 9.92185 2.5125 0.47078
v 9.908129 2.5375 0.4438511
v 9.908129 2.5125 0.4438511
v 9.903401 2.5125 0.5865
v 9.903401 2.5375 0.5865
v 9.908129 2.5375 0.556649
v 9.908129 2.5125 0.556649
v 9.92185 2.5375 0.5297199
v 9.92185 2.5125 0.5297199
v 9.943221 2.5375 0.5083489
v 9.943221 2.5125 0.5083489
v 9.97015 2.5375 0.4946279
v 9.97015 2.5125 0.4946279
v 10 2.5375 0.4899
v 10 2.5125 0.4899
v 10.02985 2.5375 0.4946279
v 10.02985 2.5125 0.4946279
v 10.05678 2.5375 0.5083489
v 10.05678 2.5125 0.5083489
v 10.07815 2.5375 0.5297199
v 10.07815 2.5125 0.5297199
v 10.09187 2.5375 0.556649
v 10.09187 2.512501 0.556649
v 10.0966 2.5375 0.5865
v 10.0966 2.512501 0.5865
v 10.09187 2.5375 0.616351
v 10.09187 2.512501 0.616351
v 10.07815 2.5375 0.64328
v 10.07815 2.5125 0.64328
v 10.05678 2.5375 0.664651
v 10.05678 2.5125 0.664651
v 10.02985 2.5375 0.678372
v 10.02985 2.5125 0.678372
v 10 2.5375 0.6831
v 10 2.5125 0.6831
v 9.97015 2.5375 0.678372
v 9.97015 2.5125 0.678372
v 9.943221 2.5375 0.664651
v 9.943221 2.5125 0.664651
v 9.92185 2.5375 0.64328
v 9.92185 2.5125 0.64328
v 9.908129 2.5375 0.616351
v 9.908129 2.5125 0.616351
v 9.903403 2.0625 0.207
v 9.903403 2.0875 0.207
v 9.908131 2.0875 0.177149
v 9.908131 2.0625 0.177149
v 9.921852 2.0875 0.1502199
v 9.921852 2.0625 0.1502199
v 9.943223 2.0875 0.128849
v 9.943223 2.0625 0.128849
v 9.970152 2.0875 0.1151279
v 9.970152 2.0625 0.1151279
v 10 2.0875 0.1104
v 10 2.0625 0.1104
v 10.02985 2.0875 0.1151279
v 10.02985 2.0625 0.1151279
v 10.05678 2.0875 0.128849
v 10.05678 2.0625 0.128849
v 10.07815 2.0875 0.1502199
v 10.07815 2.0625 0.1502199
v 10.09188 2.0875 0.177149
v 10.09188 2.0625 0.177149
v 10.0966 2.0875 0.207
v 10.0966 2.0625 0.207
v 10.09188 2.0875 0.236851
v 10.09188 2.0625 0.2368511
v 10.07815 2.0875 0.2637801
v 10.07815 2.0625 0.2637801
v 10.05678 2.0875 0.285151
v 10.05678 2.0625 0.285151
v 10.02985 2.0875 0.2988721
v 10.02985 2.0625 0.2988721
v 10 2.0875 0.3036
v 10 2.0625 0.3036
v 9.970152 2.0875 0.2988721
v 9.970152 2.0625 0.2988721
v 9.943223 2.0875 0.285151
v 9.943223 2.0625 0.285151
v 9.921852 2.0875 0.2637801
v 9.921852 2.0625 0.2637801
v 9.908131 2.0875 0.236851
v 9.908131 2.0625 0.2368511
v 9.903403 2.0625 0.414
v 9.903403 2.0875 0.414
v 9.908131 2.0875 0.384149
v 9.908131 2.0625 0.384149
v 9.921852 2.0875 0.35722
v 9.921852 2.0625 0.35722
v 9.943223 2.0875 0.335849
v 9.943223 2.0625 0.335849
v 9.970152 2.0875 0.3221279
v 9.970152 2.0625 0.3221279
v 10 2.0875 0.3174
v 10 2.0625 0.3174
v 10.02985 2.0875 0.3221279
v 10.02985 2.0625 0.3221279
v 10.05678 2.0875 0.335849
v 10.05678 2.0625 0.335849
v 10.07815 2.0875 0.35722
v 10.07815 2.0625 0.35722
v 10.09188 2.0875 0.384149
v 10.09188 2.0625 0.384149
v 10.0966 2.0875 0.414
v 10.0966 2.0625 0.414
v 10.09188 2.0875 0.4438511
v 10.09188 2.0625 0.4438511
v 10.07815 2.0875 0.47078
v 10.07815 2.0625 0.47078
v 10.05678 2.0875 0.4921511
v 10.05678 2.0625 0.4921511
v 10.02985 2.0875 0.5058721
v 10.02985 2.0625 0.5058721
v 10 2.0875 0.5106
v 10 2.0625 0.5106
v 9.970152 2.0875 0.5058721
v 9.970152 2.0625 0.5058721
v 9.943223 2.0875 0.4921511
v 9.943223 2.0625 0.4921511
v 9.921852 2.0875 0.47078
v 9.921852 2.0625 0.47078
v 9.908131 2.0875 0.4438511
v 9.908131 2.0625 0.4438511
v 9.903403 2.0625 0.5865
v 9.903403 2.0875 0.5865
v 9.908131 2.0875 0.556649
v 9.908131 2.0625 0.556649
v 9.921852 2.0875 0.5297199
v 9.921852 2.0625 0.5297199
v 9.943223 2.0875 0.5083489
v 9.943223 2.0625 0.5083489
v 9.970152 2.0875 0.4946279
v 9.970152 2.0625 0.4946279
v 10 2.0875 0.4899
v 10 2.0625 0.4899
v 10.02985 2.0875 0.4946279
v 10.02985 2.0625 0.4946279
v 10.05678 2.0875 0.5083489
v 10.05678 2.0625 0.5083489
v 10.07815 2.0875 0.5297199
v 10.07815 2.0625 0.5297199
v 10.09188 2.0875 0.556649
v 10.09188 2.0625 0.556649
v 10.0966 2.0875 0.5865
v 10.0966 2.0625 0.5865
v 10.09188 2.0875 0.616351
v 10.09188 2.0625 0.616351
v 10.07815 2.0875 0.64328
v 10.07815 2.0625 0.64328
v 10.05678 2.0875 0.664651
v 10.05678 2.0625 0.664651
v 10.02985 2.0875 0.678372
v 10.02985 2.0625 0.678372
v 10 2.0875 0.6831
v 10 2.0625 0.6831
v 9.970152 2.0875 0.678372
v 9.970152 2.0625 0.678372
v 9.943223 2.0875 0.664651
v 9.943223 2.0625 0.664651
v 9.921852 2.0875 0.64328
v 9.921852 2.0625 0.64328
v 9.908131 2.0875 0.616351
v 9.908131 2.0625 0.616351
v 9.903398 3.9125 0.207
v 9.903398 3.9375 0.207
v 9.908125 3.9375 0.177149
v 9.908125 3.9125 0.177149
v 9.921846 3.9375 0.1502199
v 9.921846 3.9125 0.1502199
v 9.943217 3.9375 0.128849
v 9.943217 3.9125 0.128849
v 9.970146 3.9375 0.1151279
v 9.970146 3.9125 0.1151279
v 9.999997 3.9375 0.1104
v 9.999997 3.9125 0.1104
v 10.02985 3.9375 0.1151279
v 10.02985 3.9125 0.1151279
v 10.05678 3.9375 0.128849
v 10.05678 3.9125 0.128849
v 10.07815 3.9375 0.1502199
v 10.07815 3.9125 0.1502199
v 10.09187 3.9375 0.177149
v 10.09187 3.912501 0.177149
v 10.0966 3.9375 0.207
v 10.0966 3.912501 0.207
v 10.09187 3.9375 0.236851
v 10.09187 3.912501 0.2368511
v 10.07815 3.9375 0.2637801
v 10.07815 3.9125 0.2637801
v 10.05678 3.9375 0.285151
v 10.05678 3.9125 0.285151
v 10.02985 3.9375 0.2988721
v 10.02985 3.9125 0.2988721
v 9.999997 3.9375 0.3036
v 9.999997 3.9125 0.3036
v 9.970146 3.9375 0.2988721
v 9.970146 3.9125 0.2988721
v 9.943217 3.9375 0.285151
v 9.943217 3.9125 0.285151
v 9.921846 3.9375 0.2637801
v 9.921846 3.9125 0.2637801
v 9.908125 3.9375 0.236851
v 9.908125 3.9125 0.2368511
v 9.903398 3.9125 0.414
v 9.903398 3.9375 0.414
v 9.908125 3.9375 0.384149
v 9.908125 3.9125 0.384149
v 9.921846 3.9375 0.35722
v 9.921846 3.9125 0.35722
v 9.943217 3.9375 0.335849
v 9.943217 3.9125 0.335849
v 9.970146 3.9375 0.3221279
v 9.970146 3.9125 0.3221279
v 9.999997 3.9375 0.3174
v 9.999997 3.9125 0.3174
v 10.02985 3.9375 0.3221279
v 10.02985 3.9125 0.3221279
v 10.05678 3.9375 0.335849
v 10.05678 3.9125 0.335849
v 10.07815 3.9375 0.35722
v 10.07815 3.9125 0.35722
v 10.09187 3.9375 0.384149
v 10.09187 3.912501 0.384149
v 10.0966 3.9375 0.414
v 10.0966 3.912501 0.414
v 10.09187 3.9375 0.4438511
v 10.09187 3.912501 0.4438511
v 10.07815 3.9375 0.47078
v 10.07815 3.9125 0.47078
v 10.05678 3.9375 0.4921511
v 10.05678 3.9125 0.4921511
v 10.02985 3.9375 0.5058721
v 10.02985 3.9125 0.5058721
v 9.999997 3.9375 0.5106
v 9.999997 3.9125 0.5106
v 9.970146 3.9375 0.5058721
v 9.970146 3.9125 0.5058721
v 9.943217 3.9375 0.4921511
v 9.943217 3.9125 0.4921511
v 9.921846 3.9375 0.47078
v 9.921846 3.9125 0.47078
v 9.908125 3.9375 0.4438511
v 9.908125 3.9125 0.4438511
v 9.903398 3.9125 0.5865
v 9.903398 3.9375 0.5865
v 9.908125 3.9375 0.556649
v 9.908125 3.9125 0.556649
v 9.921846 3.9375 0.5297199
v 9.921846 3.9125 0.5297199
v 9.943217 3.9375 0.5083489
v 9.943217 3.9125 0.5083489
v 9.970146 3.9375 0.4946279
v 9.970146 3.9125 0.4946279
v 9.999997 3.9375 0.4899
v 9.999997 3.9125 0.4899
v 10.02985 3.9375 0.4946279
v 10.02985 3.9125 0.4946279
v 10.05678 3.9375 0.5083489
v 10.05678 3.9125 0.5083489
v 10.07815 3.9375 0.5297199
v 10.07815 3.9125 0.5297199
v 10.09187 3.9375 0.556649
v 10.09187 3.912501 0.556649
v 10.0966 3.9375 0.5865
v 10.0966 3.912501 0.5865
v 10.09187 3.9375 0.616351
v 10.09187 3.912501 0.616351
v 10.07815 3.9375 0.64328
v 10.07815 3.9125 0.64328
v 10.05678 3.9375 0.664651
v 10.05678 3.9125 0.664651
v 10.02985 3.9375 0.678372
v 10.02985 3.9125 0.678372
v 9.999997 3.9375 0.6831
v 9.999997 3.9125 0.6831
v 9.970146 3.9375 0.678372
v 9.970146 3.9125 0.678372
v 9.943217 3.9375 0.664651
v 9.943217 3.9125 0.664651
v 9.921846 3.9375 0.64328
v 9.921846 3.9125 0.64328
v 9.908125 3.9375 0.616351
v 9.908125 3.9125 0.616351
v 9.903399 3.462499 0.207
v 9.903399 3.487499 0.207
v 9.908127 3.487499 0.177149
v 9.908127 3.462499 0.177149
v 9.921848 3.487499 0.1502199
v 9.921848 3.462499 0.1502199
v 9.943219 3.487499 0.128849
v 9.943219 3.462499 0.128849
v 9.970148 3.487499 0.1151279
v 9.970148 3.4625 0.1151279
v 9.999999 3.4875 0.1104
v 9.999999 3.4625 0.1104
v 10.02985 3.4875 0.1151279
v 10.02985 3.4625 0.1151279
v 10.05678 3.4875 0.128849
v 10.05678 3.4625 0.128849
v 10.07815 3.4875 0.1502199
v 10.07815 3.4625 0.1502199
v 10.09187 3.4875 0.177149
v 10.09187 3.4625 0.177149
v 10.0966 3.4875 0.207
v 10.0966 3.4625 0.207
v 10.09187 3.4875 0.236851
v 10.09187 3.4625 0.2368511
v 10.07815 3.4875 0.2637801
v 10.07815 3.4625 0.2637801
v 10.05678 3.4875 0.285151
v 10.05678 3.4625 0.285151
v 10.02985 3.4875 0.2988721
v 10.02985 3.4625 0.2988721
v 9.999999 3.4875 0.3036
v 9.999999 3.4625 0.3036
v 9.970148 3.487499 0.2988721
v 9.970148 3.4625 0.2988721
v 9.943219 3.487499 0.285151
v 9.943219 3.462499 0.285151
v 9.921848 3.487499 0.2637801
v 9.921848 3.462499 0.2637801
v 9.908127 3.487499 0.236851
v 9.908127 3.462499 0.2368511
v 9.903399 3.462499 0.414
v 9.903399 3.487499 0.414
v 9.908127 3.487499 0.384149
v 9.908127 3.462499 0.384149
v 9.921848 3.487499 0.35722
v 9.921848 3.462499 0.35722
v 9.943219 3.487499 0.335849
v 9.943219 3.462499 0.335849
v 9.970148 3.487499 0.3221279
v 9.970148 3.4625 0.3221279
v 9.999999 3.4875 0.3174
v 9.999999 3.4625 0.3174
v 10.02985 3.4875 0.3221279
v 10.02985 3.4625 0.3221279
v 10.05678 3.4875 0.335849
v 10.05678 3.4625 0.335849
v 10.07815 3.4875 0.35722
v 10.07815 3.4625 0.35722
v 10.09187 3.4875 0.384149
v 10.09187 3.4625 0.384149
v 10.0966 3.4875 0.414
v 10.0966 3.4625 0.414
v 10.09187 3.4875 0.4438511
v 10.09187 3.4625 0.4438511
v 10.07815 3.4875 0.47078
v 10.07815 3.4625 0.47078
v 10.05678 3.4875 0.4921511
v 10.05678 3.4625 0.4921511
v 10.02985 3.4875 0.5058721
v 10.02985 3.4625 0.5058721
v 9.999999 3.4875 0.5106
v 9.999999 3.4625 0.5106
v 9.970148 3.487499 0.5058721
v 9.970148 3.4625 0.5058721
v 9.943219 3.487499 0.4921511
v 9.943219 3.462499 0.4921511
v 9.921848 3.487499 0.47078
v 9.921848 3.462499 0.47078
v 9.908127 3.487499 0.4438511
v 9.908127 3.462499 0.4438511
v 9.903399 3.462499 0.5865
v 9.903399 3.487499 0.5865
v 9.908127 3.487499 0.556649
v 9.908127 3.462499 0.556649
v 9.921848 3.487499 0.5297199
v 9.921848 3.462499 0.5297199
v 9.943219 3.487499 0.5083489
v 9.943219 3.462499 0.5083489
v 9.970148 3.487499 0.4946279
v 9.970148 3.4625 0.4946279
v 9.999999 3.4875 0.4899
v 9.999999 3.4625 0.4899
v 10.02985 3.4875 0.4946279
v 10.02985 3.4625 0.4946279
v 10.05678 3.4875 0.5083489
v 10.05678 3.4625 0.5083489
v 10.07815 3.4875 0.5297199
v 10.07815 3.4625 0.5297199
v 10.09187 3.4875 0.556649
v 10.09187 3.4625 0.556649
v 10.0966 3.4875 0.5865
v 10.0966 3.4625 0.5865
v 10.09187 3.4875 0.616351
v 10.09187 3.4625 0.616351
v 10.07815 3.4875 0.64328
v 10.07815 3.4625 0.64328
v 10.05678 3.4875 0.664651
v 10.05678 3.4625 0.664651
v 10.02985 3.4875 0.678372
v 10.02985 3.4625 0.678372
v 9.999999 3.4875 0.6831
v 9.999999 3.4625 0.6831
v 9.970148 3.487499 0.678372
v 9.970148 3.4625 0.678372
v 9.943219 3.487499 0.664651
v 9.943219 3.462499 0.664651
v 9.921848 3.487499 0.64328
v 9.921848 3.462499 0.64328
v 9.908127 3.487499 0.616351
v 9.908127 3.462499 0.616351
v 9.903393 5.3125 0.207
v 9.903393 5.3375 0.207
v 9.90812 5.3375 0.177149
v 9.90812 5.3125 0.177149
v 9.921842 5.3375 0.1502199
v 9.921842 5.3125 0.1502199
v 9.943213 5.3375 0.128849
v 9.943213 5.3125 0.128849
v 9.970141 5.3375 0.1151279
v 9.970141 5.3125 0.1151279
v 9.999992 5.3375 0.1104
v 9.999992 5.3125 0.1104
v 10.02984 5.337501 0.1151279
v 10.02984 5.3125 0.1151279
v 10.05677 5.337501 0.128849
v 10.05677 5.3125 0.128849
v 10.07814 5.337501 0.1502199
v 10.07814 5.3125 0.1502199
v 10.09186 5.337501 0.177149
v 10.09186 5.3125 0.177149
v 10.09659 5.337501 0.207
v 10.09659 5.3125 0.207
v 10.09186 5.337501 0.236851
v 10.09186 5.3125 0.2368511
v 10.07814 5.337501 0.2637801
v 10.07814 5.3125 0.2637801
v 10.05677 5.337501 0.285151
v 10.05677 5.3125 0.285151
v 10.02984 5.337501 0.2988721
v 10.02984 5.3125 0.2988721
v 9.999992 5.3375 0.3036
v 9.999992 5.3125 0.3036
v 9.970141 5.3375 0.2988721
v 9.970141 5.3125 0.2988721
v 9.943213 5.3375 0.285151
v 9.943213 5.3125 0.285151
v 9.921842 5.3375 0.2637801
v 9.921842 5.3125 0.2637801
v 9.90812 5.3375 0.236851
v 9.90812 5.3125 0.2368511
v 9.903393 5.3125 0.414
v 9.903393 5.3375 0.414
v 9.90812 5.3375 0.384149
v 9.90812 5.3125 0.384149
v 9.921842 5.3375 0.35722
v 9.921842 5.3125 0.35722
v 9.943213 5.3375 0.335849
v 9.943213 5.3125 0.335849
v 9.970141 5.3375 0.3221279
v 9.970141 5.3125 0.3221279
v 9.999992 5.3375 0.3174
v 9.999992 5.3125 0.3174
v 10.02984 5.337501 0.3221279
v 10.02984 5.3125 0.3221279
v 10.05677 5.337501 0.335849
v 10.05677 5.3125 0.335849
v 10.07814 5.337501 0.35722
v 10.07814 5.3125 0.35722
v 10.09186 5.337501 0.384149
v 10.09186 5.3125 0.384149
v 10.09659 5.337501 0.414
v 10.09659 5.3125 0.414
v 10.09186 5.337501 0.4438511
v 10.09186 5.3125 0.4438511
v 10.07814 5.337501 0.47078
v 10.07814 5.3125 0.47078
v 10.05677 5.337501 0.4921511
v 10.05677 5.3125 0.4921511
v 10.02984 5.337501 0.5058721
v 10.02984 5.3125 0.5058721
v 9.999992 5.3375 0.5106
v 9.999992 5.3125 0.5106
v 9.970141 5.3375 0.5058721
v 9.970141 5.3125 0.5058721
v 9.943213 5.3375 0.4921511
v 9.943213 5.3125 0.4921511
v 9.921842 5.3375 0.47078
v 9.921842 5.3125 0.47078
v 9.90812 5.3375 0.4438511
v 9.90812 5.3125 0.4438511
v 9.903393 5.3125 0.5865
v 9.903393 5.3375 0.5865
v 9.90812 5.3375 0.556649
v 9.90812 5.3125 0.556649
v 9.921842 5.3375 0.5297199
v 9.921842 5.3125 0.5297199
v 9.943213 5.3375 0.5083489
v 9.943213 5.3125 0.5083489
v 9.970141 5.3375 0.4946279
v 9.970141 5.3125 0.4946279
v 9.999992 5.3375 0.4899
v 9.999992 5.3125 0.4899
v 10.02984 5.337501 0.4946279
v 10.02984 5.3125 0.4946279
v 10.05677 5.337501 0.5083489
v 10.05677 5.3125 0.5083489
v 10.07814 5.337501 0.5297199
v 10.07814 5.3125 0.5297199
v 10.09186 5.337501 0.556649
v 10.09186 5.3125 0.556649
v 10.09659 5.337501 0.5865
v 10.09659 5.3125 0.5865
v 10.09186 5.337501 0.616351
v 10.09186 5.3125 0.616351
v 10.07814 5.337501 0.64328
v 10.07814 5.3125 0.64328
v 10.05677 5.337501 0.664651
v 10.05677 5.3125 0.664651
v 10.02984 5.337501 0.678372
v 10.02984 5.3125 0.678372
v 9.999992 5.3375 0.6831
v 9.999992 5.3125 0.6831
v 9.970141 5.3375 0.678372
v 9.970141 5.3125 0.678372
v 9.943213 5.3375 0.664651
v 9.943213 5.3125 0.664651
v 9.921842 5.3375 0.64328
v 9.921842 5.3125 0.64328
v 9.90812 5.3375 0.616351
v 9.90812 5.3125 0.616351
vt 1 0.5
vt 1 1
vt 0.95 1
vt 0.95 0.5
vt 0.9 1
vt 0.9 0.5
vt 0.85 1
vt 0.85 0.5
vt 0.8 1
vt 0.8 0.5
vt 0.7499999 1
vt 0.7499999 0.5
vt 0.6999999 1
vt 0.6999999 0.5
vt 0.6499999 1
vt 0.6499999 0.5
vt 0.5999999 1
vt 0.5999999 0.5
vt 0.5499999 1
vt 0.5499999 0.5
vt 0.4999999 1
vt 0.4999999 0.5
vt 0.4499999 1
vt 0.4499999 0.5
vt 0.3999999 1
vt 0.3999999 0.5
vt 0.3499998 1
vt 0.3499998 0.5
vt 0.2999998 1
vt 0.2999998 0.5
vt 0.2499998 1
vt 0.2499998 0.5
vt 0.1999998 1
vt 0.1999998 0.5
vt 0.1499998 1
vt 0.1499998 0.5
vt 0.09999985 1
vt 0.09999985 0.5
vt 0.3910685 0.4441641
vt 0.3241641 0.4782536
vt 0.25 0.49
vt 0.1758359 0.4782536
vt 0.1089315 0.4441641
vt 0.05583592 0.3910685
vt 0.02174643 0.3241641
vt 0.00999999 0.25
vt 0.02174643 0.1758359
vt 0.05583592 0.1089315
vt 0.1089315 0.05583592
vt 0.1758359 0.02174643
vt 0.25 0.00999999
vt 0.3241641 0.02174643
vt 0.3910685 0.05583592
vt 0.4441641 0.1089315
vt 0.4782536 0.1758359
vt 0.49 0.25
vt 0.4782536 0.3241641
vt 0.4441641 0.3910685
vt 0.04999984 1
vt 0.04999984 0.5
vt -1.564622e-07 1
vt -1.564622e-07 0.5
vt 0.6758359 0.4782536
vt 0.75 0.49
vt 0.8241641 0.4782536
vt 0.8910685 0.4441641
vt 0.9441641 0.3910685
vt 0.9782536 0.3241641
vt 0.99 0.25
vt 0.9782536 0.1758359
vt 0.9441641 0.1089315
vt 0.8910685 0.05583592
vt 0.8241641 0.02174643
vt 0.75 0.00999999
vt 0.6758359 0.02174643
vt 0.6089315 0.05583592
vt 0.5558359 0.1089315
vt 0.5217464 0.1758359
vt 0.51 0.25
vt 0.5217464 0.3241641
vt 0.5558359 0.3910685
vt 0.6089315 0.4441641
vt 0.375 0
vt 0.625 0
vt 0.625 0.25
vt 0.375 0.25
vt 0.625 0.5
vt 0.375 0.5
vt 0.625 0.75
vt 0.375 0.75
vt 0.625 1
vt 0.375 1
vt 0.125 0.5
vt 0.125 0.75
vt 0.875 0.5
vt 0.875 0.75
vt 0.1758359 0.4782536
vt 0.1089315 0.4441641
vt 0.01000001 0.25
vt 0.02174643 0.1758359
vt 0.05583592 0.1089315
vt 0.1089315 0.05583592
vt 0.1758359 0.02174643
vt 0.25 0.01000001
vt 0.4441641 0.1089315
vt 0.4782536 0.1758359
vt 0.9782536 0.1758359
vt 0.9441641 0.1089315
vt 0.75 0.01000001
vt 0.5558359 0.1089315
vt 0.5217464 0.1758359
vt 0.3910685 0.4441641
vt 0.3241641 0.4782535
vt 0.1758359 0.4782535
vt 0.1089316 0.4441641
vt 0.05583593 0.3910685
vt 0.02174644 0.3241641
vt 0.02174644 0.1758359
vt 0.05583593 0.1089316
vt 0.1089316 0.05583593
vt 0.1758359 0.02174644
vt 0.3241641 0.02174644
vt 0.3910685 0.05583593
vt 0.4441641 0.1089316
vt 0.4782535 0.1758359
vt 0.4782535 0.3241641
vt 0.4441641 0.3910685
vt 0.6758359 0.4782535
vt 0.8241641 0.4782535
vt 0.8910685 0.4441641
vt 0.944164 0.3910685
vt 0.9782535 0.3241641
vt 0.9782535 0.1758359
vt 0.944164 0.1089316
vt 0.8910685 0.05583593
vt 0.8241641 0.02174644
vt 0.6758359 0.02174644
vt 0.6089315 0.05583593
vt 0.555836 0.1089316
vt 0.5217465 0.1758359
vt 0.5217465 0.3241641
vt 0.555836 0.3910685
vt 0.6089315 0.4441641
vn 1.559748e-07 -0.9876884 -0.1564344
vn 1.543828e-07 -0.8910065 -0.4539905
vn 1.376788e-07 -0.7071068 -0.7071068
vn 1.074978e-07 -0.4539905 -0.8910065
vn 6.679416e-08 -0.1564343 -0.9876884
vn 1.95523e-08 0.1564343 -0.9876884
vn -2.960354e-08 0.4539905 -0.8910065
vn -7.586154e-08 0.7071068 -0.7071068
vn -1.146937e-07 0.8910065 -0.4539905
vn -1.422988e-07 0.9876884 -0.1564344
vn -1.559748e-07 0.9876884 0.1564344
vn -1.543828e-07 0.8910065 0.4539905
vn -1.376788e-07 0.7071068 0.7071068
vn -1.074978e-07 0.4539905 0.8910065
vn -6.679416e-08 0.1564343 0.9876884
vn -1.95523e-08 -0.1564343 0.9876884
vn 2.960354e-08 -0.4539905 0.8910065
vn 7.586154e-08 -0.7071068 0.7071068
vn -1 -1.509958e-07 4.482912e-07
vn 1.146937e-07 -0.8910065 0.4539905
vn 1.422988e-07 -0.9876884 0.1564344
vn 1 1.509958e-07 2.282124e-07
vn -6.837966e-09 0.9876884 -0.1564344
vn -1.984455e-08 0.8910065 -0.4539905
vn -3.090862e-08 0.7071068 -0.7071068
vn -3.894713e-08 0.4539905 -0.8910065
vn -4.317323e-08 0.1564343 -0.9876884
vn -4.317323e-08 -0.1564343 -0.9876884
vn -3.894713e-08 -0.4539905 -0.8910065
vn -3.090862e-08 -0.7071068 -0.7071068
vn -1.984455e-08 -0.8910065 -0.4539905
vn -6.837966e-09 -0.9876884 -0.1564344
vn 6.837966e-09 -0.9876884 0.1564344
vn 1.984455e-08 -0.8910065 0.4539905
vn 3.090862e-08 -0.7071068 0.7071068
vn 3.894713e-08 -0.4539905 0.8910065
vn 4.317323e-08 -0.1564343 0.9876884
vn 4.317323e-08 0.1564343 0.9876884
vn 3.894713e-08 0.4539905 0.8910065
vn 3.090862e-08 0.7071068 0.7071068
vn 1 0 4.482912e-07
vn 1.984455e-08 0.8910065 0.4539905
vn 6.837966e-09 0.9876884 0.1564344
vn -1 0 2.282124e-07
vn 3.500781e-06 -1 0
vn -1 -3.500781e-06 0
vn -3.500781e-06 1 0
vn 1 3.500781e-06 0
vn 0 0 -1
vn 0 0 1
vn -0.9876884 -3.464519e-06 -0.1564343
vn -0.8910065 -3.139063e-06 -0.4539906
vn -0.7071068 -2.506335e-06 -0.7071068
vn -0.4539905 -1.628268e-06 -0.8910065
vn -0.1564344 -5.908159e-07 -0.9876884
vn 0.1564344 5.044695e-07 -0.9876884
vn 0.4539905 1.550374e-06 -0.8910065
vn 0.7071068 2.444517e-06 -0.7071068
vn 0.8910065 3.099374e-06 -0.4539906
vn 0.9876884 3.450843e-06 -0.1564343
vn 0.9876884 3.464519e-06 0.1564343
vn 0.8910065 3.139063e-06 0.4539906
vn 0.7071068 2.506335e-06 0.7071068
vn 0.4539905 1.628268e-06 0.8910065
vn 0.1564344 5.908159e-07 0.9876884
vn -0.1564344 -5.044695e-07 0.9876884
vn -0.4539905 -1.550374e-06 0.8910065
vn -0.7071068 -2.444517e-06 0.7071068
vn -3.500781e-06 1 -2.791663e-07
vn -0.8910065 -3.099374e-06 0.4539906
vn -0.9876884 -3.450843e-06 0.1564343
vn 3.500781e-06 -1 -5.047058e-08
vn -0.9876884 -3.464519e-06 -0.1564344
vn -0.4539906 -1.628269e-06 -0.8910066
vn -0.1564345 -5.908163e-07 -0.9876884
vn 0.1564345 5.044698e-07 -0.9876884
vn 0.4539906 1.550374e-06 -0.8910066
vn 0.9876884 3.450843e-06 -0.1564344
vn 0.9876884 3.464519e-06 0.1564344
vn 0.4539906 1.628269e-06 0.8910066
vn 0.1564345 5.908163e-07 0.9876884
vn -0.1564345 -5.044698e-07 0.9876884
vn -0.4539906 -1.550374e-06 0.8910066
vn -3.500781e-06 1 -4.774853e-08
vn -0.9876884 -3.450843e-06 0.1564344
vn 3.500781e-06 -1 4.27021e-08
f 1/1/1 2/2/1 3/3/1
f 1/1/1 3/3/1 4/4/1
f 4/4/2 3/3/2 5/5/2
f 4/4/2 5/5/2 6/6/2
f 6/6/3 5/5/3 7/7/3
f 6/6/3 7/7/3 8/8/3
f 8/8/4 7/7/4 9/9/4
f 8/8/4 9/9/4 10/10/4
f 10/10/5 9/9/5 11/11/5
f 10/10/5 11/11/5 12/12/5
f 12/12/6 11/11/6 13/13/6
f 12/12/6 13/13/6 14/14/6
f 14/14/7 13/13/7 15/15/7
f 14/14/7 15/15/7 16/16/7
f 16/16/8 15/15/8 17/17/8
f 16/16/8 17/17/8 18/18/8
f 18/18/9 17/17/9 19/19/9
f 18/18/9 19/19/9 20/20/9
f 20/20/10 19/19/10 21/21/10
f 20/20/10 21/21/10 22/22/10
f 22/22/11 21/21/11 23/23/11
f 22/22/11 23/23/11 24/24/11
f 24/24/12 23/23/12 25/25/12
f 24/24/12 25/25/12 26/26/12
f 26/26/13 25/25/13 27/27/13
f 26/26/13 27/27/13 28/28/13
f 28/28/14 27/27/14 29/29/14
f 28/28/14 29/29/14 30/30/14
f 30/30/15 29/29/15 31/31/15
f 30/30/15 31/31/15 32/32/15
f 32/32/16 31/31/16 33/33/16
f 32/32/16 33/33/16 34/34/16
f 34/34/17 33/33/17 35/35/17
f 34/34/17 35/35/17 36/36/17
f 36/36/18 35/35/18 37/37/18
f 36/36/18 37/37/18 38/38/18
f 5/39/19 3/40/19 2/41/19
f 2/41/19 39/42/19 37/43/19
f 37/43/19 35/44/19 33/45/19
f 33/45/19 31/46/19 29/47/19
f 29/47/19 27/48/19 25/49/19
f 25/49/19 23/50/19 21/51/19
f 21/51/19 19/52/19 17/53/19
f 17/53/19 15/54/19 13/55/19
f 13/55/19 11/56/19 9/57/19
f 9/57/19 7/58/19 5/39/19
f 5/39/19 2/41/19 37/43/19
f 37/43/19 33/45/19 29/47/19
f 29/47/19 25/49/19 21/51/19
f 21/51/19 17/53/19 13/55/19
f 13/55/19 9/57/19 5/39/19
f 5/39/19 37/43/19 29/47/19
f 29/47/19 21/51/19 13/55/19
f 29/47/19 13/55/19 5/39/19
f 38/38/20 37/37/20 39/59/20
f 38/38/20 39/59/20 40/60/20
f 40/60/21 39/59/21 2/61/21
f 40/60/21 2/61/21 1/62/21
f 40/63/22 1/64/22 4/65/22
f 4/65/22 6/66/22 8/67/22
f 8/67/22 10/68/22 12/69/22
f 12/69/22 14/70/22 16/71/22
f 16/71/22 18/72/22 20/73/22
f 20/73/22 22/74/22 24/75/22
f 24/75/22 26/76/22 28/77/22
f 28/77/22 30/78/22 32/79/22
f 32/79/22 34/80/22 36/81/22
f 36/81/22 38/82/22 40/63/22
f 40/63/22 4/65/22 8/67/22
f 8/67/22 12/69/22 16/71/22
f 16/71/22 20/73/22 24/75/22
f 24/75/22 28/77/22 32/79/22
f 32/79/22 36/81/22 40/63/22
f 40/63/22 8/67/22 16/71/22
f 16/71/22 24/75/22 32/79/22
f 16/71/22 32/79/22 40/63/22
f 41/1/1 42/2/1 43/3/1
f 41/1/1 43/3/1 44/4/1
f 44/4/2 43/3/2 45/5/2
f 44/4/2 45/5/2 46/6/2
f 46/6/3 45/5/3 47/7/3
f 46/6/3 47/7/3 48/8/3
f 48/8/4 47/7/4 49/9/4
f 48/8/4 49/9/4 50/10/4
f 50/10/5 49/9/5 51/11/5
f 50/10/5 51/11/5 52/12/5
f 52/12/6 51/11/6 53/13/6
f 52/12/6 53/13/6 54/14/6
f 54/14/7 53/13/7 55/15/7
f 54/14/7 55/15/7 56/16/7
f 56/16/8 55/15/8 57/17/8
f 56/16/8 57/17/8 58/18/8
f 58/18/9 57/17/9 59/19/9
f 58/18/9 59/19/9 60/20/9
f 60/20/10 59/19/10 61/21/10
f 60/20/10 61/21/10 62/22/10
f 62/22/11 61/21/11 63/23/11
f 62/22/11 63/23/11 64/24/11
f 64/24/12 63/23/12 65/25/12
f 64/24/12 65/25/12 66/26/12
f 66/26/13 65/25/13 67/27/13
f 66/26/13 67/27/13 68/28/13
f 68/28/14 67/27/14 69/29/14
f 68/28/14 69/29/14 70/30/14
f 70/30/15 69/29/15 71/31/15
f 70/30/15 71/31/15 72/32/15
f 72/32/16 71/31/16 73/33/16
f 72/32/16 73/33/16 74/34/16
f 74/34/17 73/33/17 75/35/17
f 74/34/17 75/35/17 76/36/17
f 76/36/18 75/35/18 77/37/18
f 76/36/18 77/37/18 78/38/18
f 45/39/19 43/40/19 42/41/19
f 42/41/19 79/42/19 77/43/19
f 77/43/19 75/44/19 73/45/19
f 73/45/19 71/46/19 69/47/19
f 69/47/19 67/48/19 65/49/19
f 65/49/19 63/50/19 61/51/19
f 61/51/19 59/52/19 57/53/19
f 57/53/19 55/54/19 53/55/19
f 53/55/19 51/56/19 49/57/19
f 49/57/19 47/58/19 45/39/19
f 45/39/19 42/41/19 77/43/19
f 77/43/19 73/45/19 69/47/19
f 69/47/19 65/49/19 61/51/19
f 61/51/19 57/53/19 53/55/19
f 53/55/19 49/57/19 45/39/19
f 45/39/19 77/43/19 69/47/19
f 69/47/19 61/51/19 53/55/19
f 69/47/19 53/55/19 45/39/19
f 78/38/20 77/37/20 79/59/20
f 78/38/20 79/59/20 80/60/20
f 80/60/21 79/59/21 42/61/21
f 80/60/21 42/61/21 41/62/21
f 80/63/22 41/64/22 44/65/22
f 44/65/22 46/66/22 48/67/22
f 48/67/22 50/68/22 52/69/22
f 52/69/22 54/70/22 56/71/22
f 56/71/22 58/72/22 60/73/22
f 60/73/22 62/74/22 64/75/22
f 64/75/22 66/76/22 68/77/22
f 68/77/22 70/78/22 72/79/22
f 72/79/22 74/80/22 76/81/22
f 76/81/22 78/82/22 80/63/22
f 80/63/22 44/65/22 48/67/22
f 48/67/22 52/69/22 56/71/22
f 56/71/22 60/73/22 64/75/22
f 64/75/22 68/77/22 72/79/22
f 72/79/22 76/81/22 80/63/22
f 80/63/22 48/67/22 56/71/22
f 56/71/22 64/75/22 72/79/22
f 56/71/22 72/79/22 80/63/22
f 81/1/1 82/2/1 83/3/1
f 81/1/1 83/3/1 84/4/1
f 84/4/2 83/3/2 85/5/2
f 84/4/2 85/5/2 86/6/2
f 86/6/3 85/5/3 87/7/3
f 86/6/3 87/7/3 88/8/3
f 88/8/4 87/7/4 89/9/4
f 88/8/4 89/9/4 90/10/4
f 90/10/5 89/9/5 91/11/5
f 90/10/5 91/11/5 92/12/5
f 92/12/6 91/11/6 93/13/6
f 92/12/6 93/13/6 94/14/6
f 94/14/7 93/13/7 95/15/7
f 94/14/7 95/15/7 96/16/7
f 96/16/8 95/15/8 97/17/8
f 96/16/8 97/17/8 98/18/8
f 98/18/9 97/17/9 99/19/9
f 98/18/9 99/19/9 100/20/9
f 100/20/10 99/19/10 101/21/10
f 100/20/10 101/21/10 102/22/10
f 102/22/11 101/21/11 103/23/11
f 102/22/11 103/23/11 104/24/11
f 104/24/12 103/23/12 105/25/12
f 104/24/12 105/25/12 106/26/12
f 106/26/13 105/25/13 107/27/13
f 106/26/13 107/27/13 108/28/13
f 108/28/14 107/27/14 109/29/14
f 108/28/14 109/29/14 110/30/14
f 110/30/15 109/29/15 111/31/15
f 110/30/15 111/31/15 112/32/15
f 112/32/16 111/31/16 113/33/16
f 112/32/16 113/33/16 114/34/16
f 114/34/17 113/33/17 115/35/17
f 114/34/17 115/35/17 116/36/17
f 116/36/18 115/35/18 117/37/18
f 116/36/18 117/37/18 118/38/18
f 85/39/19 83/40/19 82/41/19
f 82/41/19 119/42/19 117/43/19
f 117/43/19 115/44/19 113/45/19
f 113/45/19 111/46/19 109/47/19
f 109/47/19 107/48/19 105/49/19
f 105/49/19 103/50/19 101/51/19
f 101/51/19 99/52/19 97/53/19
f 97/53/19 95/54/19 93/55/19
f 93/55/19 91/56/19 89/57/19
f 89/57/19 87/58/19 85/39/19
f 85/39/19 82/41/19 117/43/19
f 117/43/19 113/45/19 109/47/19
f 109/47/19 105/49/19 101/51/19
f 101/51/19 97/53/19 93/55/19
f 93/55/19 89/57/19 85/39/19
f 85/39/19 117/43/19 109/47/19
f 109/47/19 101/51/19 93/55/19
f 109/47/19 93/55/19 85/39/19
f 118/38/20 117/37/20 119/59/20
f 118/38/20 119/59/20 120/60/20
f 120/60/21 119/59/21 82/61/21
f 120/60/21 82/61/21 81/62/21
f 120/63/22 81/64/22 84/65/22
f 84/65/22 86/66/22 88/67/22
f 88/67/22 90/68/22 92/69/22
f 92/69/22 94/70/22 96/71/22
f 96/71/22 98/72/22 100/73/22
f 100/73/22 102/74/22 104/75/22
f 104/75/22 106/76/22 108/77/22
f 108/77/22 110/78/22 112/79/22
f 112/79/22 114/80/22 116/81/22
f 116/81/22 118/82/22 120/63/22
f 120/63/22 84/65/22 88/67/22
f 88/67/22 92/69/22 96/71/22
f 96/71/22 100/73/22 104/75/22
f 104/75/22 108/77/22 112/79/22
f 112/79/22 116/81/22 120/63/22
f 120/63/22 88/67/22 96/71/22
f 96/71/22 104/75/22 112/79/22
f 96/71/22 112/79/22 120/63/22
f 121/1/1 122/2/1 123/3/1
f 121/1/1 123/3/1 124/4/1
f 124/4/2 123/3/2 125/5/2
f 124/4/2 125/5/2 126/6/2
f 126/6/3 125/5/3 127/7/3
f 126/6/3 127/7/3 128/8/3
f 128/8/4 127/7/4 129/9/4
f 128/8/4 129/9/4 130/10/4
f 130/10/5 129/9/5 131/11/5
f 130/10/5 131/11/5 132/12/5
f 132/12/6 131/11/6 133/13/6
f 132/12/6 133/13/6 134/14/6
f 134/14/7 133/13/7 135/15/7
f 134/14/7 135/15/7 136/16/7
f 136/16/8 135/15/8 137/17/8
f 136/16/8 137/17/8 138/18/8
f 138/18/9 137/17/9 139/19/9
f 138/18/9 139/19/9 140/20/9
f 140/20/10 139/19/10 141/21/10
f 140/20/10 141/21/10 142/22/10
f 142/22/11 141/21/11 143/23/11
f 142/22/11 143/23/11 144/24/11
f 144/24/12 143/23/12 145/25/12
f 144/24/12 145/25/12 146/26/12
f 146/26/13 145/25/13 147/27/13
f 146/26/13 147/27/13 148/28/13
f 148/28/14 147/27/14 149/29/14
f 148/28/14 149/29/14 150/30/14
f 150/30/15 149/29/15 151/31/15
f 150/30/15 151/31/15 152/32/15
f 152/32/16 151/31/16 153/33/16
f 152/32/16 153/33/16 154/34/16
f 154/34/17 153/33/17 155/35/17
f 154/34/17 155/35/17 156/36/17
f 156/36/18 155/35/18 157/37/18
f 156/36/18 157/37/18 158/38/18
f 125/39/19 123/40/19 122/41/19
f 122/41/19 159/42/19 157/43/19
f 157/43/19 155/44/19 153/45/19
f 153/45/19 151/46/19 149/47/19
f 149/47/19 147/48/19 145/49/19
f 145/49/19 143/50/19 141/51/19
f 141/51/19 139/52/19 137/53/19
f 137/53/19 135/54/19 133/55/19
f 133/55/19 131/56/19 129/57/19
f 129/57/19 127/58/19 125/39/19
f 125/39/19 122/41/19 157/43/19
f 157/43/19 153/45/19 149/47/19
f 149/47/19 145/49/19 141/51/19
f 141/51/19 137/53/19 133/55/19
f 133/55/19 129/57/19 125/39/19
f 125/39/19 157/43/19 149/47/19
f 149/47/19 141/51/19 133/55/19
f 149/47/19 133/55/19 125/39/19
f 158/38/20 157/37/20 159/59/20
f 158/38/20 159/59/20 160/60/20
f 160/60/21 159/59/21 122/61/21
f 160/60/21 122/61/21 121/62/21
f 160/63/22 121/64/22 124/65/22
f 124/65/22 126/66/22 128/67/22
f 128/67/22 130/68/22 132/69/22
f 132/69/22 134/70/22 136/71/22
f 136/71/22 138/72/22 140/73/22
f 140/73/22 142/74/22 144/75/22
f 144/75/22 146/76/22 148/77/22
f 148/77/22 150/78/22 152/79/22
f 152/79/22 154/80/22 156/81/22
f 156/81/22 158/82/22 160/63/22
f 160/63/22 124/65/22 128/67/22
f 128/67/22 132/69/22 136/71/22
f 136/71/22 140/73/22 144/75/22
f 144/75/22 148/77/22 152/79/22
f 152/79/22 156/81/22 160/63/22
f 160/63/22 128/67/22 136/71/22
f 136/71/22 144/75/22 152/79/22
f 136/71/22 152/79/22 160/63/22
f 161/1/1 162/2/1 163/3/1
f 161/1/1 163/3/1 164/4/1
f 164/4/2 163/3/2 165/5/2
f 164/4/2 165/5/2 166/6/2
f 166/6/3 165/5/3 167/7/3
f 166/6/3 167/7/3 168/8/3
f 168/8/4 167/7/4 169/9/4
f 168/8/4 169/9/4 170/10/4
f 170/10/5 169/9/5 171/11/5
f 170/10/5 171/11/5 172/12/5
f 172/12/6 171/11/6 173/13/6
f 172/12/6 173/13/6 174/14/6
f 174/14/7 173/13/7 175/15/7
f 174/14/7 175/15/7 176/16/7
f 176/16/8 175/15/8 177/17/8
f 176/16/8 177/17/8 178/18/8
f 178/18/9 177/17/9 179/19/9
f 178/18/9 179/19/9 180/20/9
f 180/20/10 179/19/10 181/21/10
f 180/20/10 181/21/10 182/22/10
f 182/22/11 181/21/11 183/23/11
f 182/22/11 183/23/11 184/24/11
f 184/24/12 183/23/12 185/25/12
f 184/24/12 185/25/12 186/26/12
f 186/26/13 185/25/13 187/27/13
f 186/26/13 187/27/13 188/28/13
f 188/28/14 187/27/14 189/29/14
f 188/28/14 189/29/14 190/30/14
f 190/30/15 189/29/15 191/31/15
f 190/30/15 191/31/15 192/32/15
f 192/32/16 191/31/16 193/33/16
f 192/32/16 193/33/16 194/34/16
f 194/34/17 193/33/17 195/35/17
f 194/34/17 195/35/17 196/36/17
f 196/36/18 195/35/18 197/37/18
f 196/36/18 197/37/18 198/38/18
f 165/39/19 163/40/19 162/41/19
f 162/41/19 199/42/19 197/43/19
f 197/43/19 195/44/19 193/45/19
f 193/45/19 191/46/19 189/47/19
f 189/47/19 187/48/19 185/49/19
f 185/49/19 183/50/19 181/51/19
f 181/51/19 179/52/19 177/53/19
f 177/53/19 175/54/19 173/55/19
f 173/55/19 171/56/19 169/57/19
f 169/57/19 167/58/19 165/39/19
f 165/39/19 162/41/19 197/43/19
f 197/43/19 193/45/19 189/47/19
f 189/47/19 185/49/19 181/51/19
f 181/51/19 177/53/19 173/55/19
f 173/55/19 169/57/19 165/39/19
f 165/39/19 197/43/19 189/47/19
f 189/47/19 181/51/19 173/55/19
f 189/47/19 173/55/19 165/39/19
f 198/38/20 197/37/20 199/59/20
f 198/38/20 199/59/20 200/60/20
f 200/60/21 199/59/21 162/61/21
f 200/60/21 162/61/21 161/62/21
f 200/63/22 161/64/22 164/65/22
f 164/65/22 166/66/22 168/67/22
f 168/67/22 170/68/22 172/69/22
f 172/69/22 174/70/22 176/71/22
f 176/71/22 178/72/22 180/73/22
f 180/73/22 182/74/22 184/75/22
f 184/75/22 186/76/22 188/77/22
f 188/77/22 190/78/22 192/79/22
f 192/79/22 194/80/22 196/81/22
f 196/81/22 198/82/22 200/63/22
f 200/63/22 164/65/22 168/67/22
f 168/67/22 172/69/22 176/71/22
f 176/71/22 180/73/22 184/75/22
f 184/75/22 188/77/22 192/79/22
f 192/79/22 196/81/22 200/63/22
f 200/63/22 168/67/22 176/71/22
f 176/71/22 184/75/22 192/79/22
f 176/71/22 192/79/22 200/63/22
f 201/1/1 202/2/1 203/3/1
f 201/1/1 203/3/1 204/4/1
f 204/4/2 203/3/2 205/5/2
f 204/4/2 205/5/2 206/6/2
f 206/6/3 205/5/3 207/7/3
f 206/6/3 207/7/3 208/8/3
f 208/8/4 207/7/4 209/9/4
f 208/8/4 209/9/4 210/10/4
f 210/10/5 209/9/5 211/11/5
f 210/10/5 211/11/5 212/12/5
f 212/12/6 211/11/6 213/13/6
f 212/12/6 213/13/6 214/14/6
f 214/14/7 213/13/7 215/15/7
f 214/14/7 215/15/7 216/16/7
f 216/16/8 215/15/8 217/17/8
f 216/16/8 217/17/8 218/18/8
f 218/18/9 217/17/9 219/19/9
f 218/18/9 219/19/9 220/20/9
f 220/20/10 219/19/10 221/21/10
f 220/20/10 221/21/10 222/22/10
f 222/22/11 221/21/11 223/23/11
f 222/22/11 223/23/11 224/24/11
f 224/24/12 223/23/12 225/25/12
f 224/24/12 225/25/12 226/26/12
f 226/26/13 225/25/13 227/27/13
f 226/26/13 227/27/13 228/28/13
f 228/28/14 227/27/14 229/29/14
f 228/28/14 229/29/14 230/30/14
f 230/30/15 229/29/15 231/31/15
f 230/30/15 231/31/15 232/32/15
f 232/32/16 231/31/16 233/33/16
f 232/32/16 233/33/16 234/34/16
f 234/34/17 233/33/17 235/35/17
f 234/34/17 235/35/17 236/36/17
f 236/36/18 235/35/18 237/37/18
f 236/36/18 237/37/18 238/38/18
f 205/39/19 203/40/19 202/41/19
f 202/41/19 239/42/19 237/43/19
f 237/43/19 235/44/19 233/45/19
f 233/45/19 231/46/19 229/47/19
f 229/47/19 227/48/19 225/49/19
f 225/49/19 223/50/19 221/51/19
f 221/51/19 219/52/19 217/53/19
f 217/53/19 215/54/19 213/55/19
f 213/55/19 211/56/19 209/57/19
f 209/57/19 207/58/19 205/39/19
f 205/39/19 202/41/19 237/43/19
f 237/43/19 233/45/19 229/47/19
f 229/47/19 225/49/19 221/51/19
f 221/51/19 217/53/19 213/55/19
f 213/55/19 209/57/19 205/39/19
f 205/39/19 237/43/19 229/47/19
f 229/47/19 221/51/19 213/55/19
f 229/47/19 213/55/19 205/39/19
f 238/38/20 237/37/20 239/59/20
f 238/38/20 239/59/20 240/60/20
f 240/60/21 239/59/21 202/61/21
f 240/60/21 202/61/21 201/62/21
f 240/63/22 201/64/22 204/65/22
f 204/65/22 206/66/22 208/67/22
f 208/67/22 210/68/22 212/69/22
f 212/69/22 214/70/22 216/71/22
f 216/71/22 218/72/22 220/73/22
f 220/73/22 222/74/22 224/75/22
f 224/75/22 226/76/22 228/77/22
f 228/77/22 230/78/22 232/79/22
f 232/79/22 234/80/22 236/81/22
f 236/81/22 238/82/22 240/63/22
f 240/63/22 204/65/22 208/67/22
f 208/67/22 212/69/22 216/71/22
f 216/71/22 220/73/22 224/75/22
f 224/75/22 228/77/22 232/79/22
f 232/79/22 236/81/22 240/63/22
f 240/63/22 208/67/22 216/71/22
f 216/71/22 224/75/22 232/79/22
f 216/71/22 232/79/22 240/63/22
f 241/1/23 242/2/23 243/3/23
f 241/1/23 243/3/23 244/4/23
f 244/4/24 243/3/24 245/5/24
f 244/4/24 245/5/24 246/6/24
f 246/6/25 245/5/25 247/7/25
f 246/6/25 247/7/25 248/8/25
f 248/8/26 247/7/26 249/9/26
f 248/8/26 249/9/26 250/10/26
f 250/10/27 249/9/27 251/11/27
f 250/10/27 251/11/27 252/12/27
f 252/12/28 251/11/28 253/13/28
f 252/12/28 253/13/28 254/14/28
f 254/14/29 253/13/29 255/15/29
f 254/14/29 255/15/29 256/16/29
f 256/16/30 255/15/30 257/17/30
f 256/16/30 257/17/30 258/18/30
f 258/18/31 257/17/31 259/19/31
f 258/18/31 259/19/31 260/20/31
f 260/20/32 259/19/32 261/21/32
f 260/20/32 261/21/32 262/22/32
f 262/22/33 261/21/33 263/23/33
f 262/22/33 263/23/33 264/24/33
f 264/24/34 263/23/34 265/25/34
f 264/24/34 265/25/34 266/26/34
f 266/26/35 265/25/35 267/27/35
f 266/26/35 267/27/35 268/28/35
f 268/28/36 267/27/36 269/29/36
f 268/28/36 269/29/36 270/30/36
f 270/30/37 269/29/37 271/31/37
f 270/30/37 271/31/37 272/32/37
f 272/32/38 271/31/38 273/33/38
f 272/32/38 273/33/38 274/34/38
f 274/34/39 273/33/39 275/35/39
f 274/34/39 275/35/39 276/36/39
f 276/36/40 275/35/40 277/37/40
f 276/36/40 277/37/40 278/38/40
f 245/39/41 243/40/41 242/41/41
f 242/41/41 279/42/41 277/43/41
f 277/43/41 275/44/41 273/45/41
f 273/45/41 271/46/41 269/47/41
f 269/47/41 267/48/41 265/49/41
f 265/49/41 263/50/41 261/51/41
f 261/51/41 259/52/41 257/53/41
f 257/53/41 255/54/41 253/55/41
f 253/55/41 251/56/41 249/57/41
f 249/57/41 247/58/41 245/39/41
f 245/39/41 242/41/41 277/43/41
f 277/43/41 273/45/41 269/47/41
f 269/47/41 265/49/41 261/51/41
f 261/51/41 257/53/41 253/55/41
f 253/55/41 249/57/41 245/39/41
f 245/39/41 277/43/41 269/47/41
f 269/47/41 261/51/41 253/55/41
f 269/47/41 253/55/41 245/39/41
f 278/38/42 277/37/42 279/59/42
f 278/38/42 279/59/42 280/60/42
f 280/60/43 279/59/43 242/61/43
f 280/60/43 242/61/43 241/62/43
f 280/63/44 241/64/44 244/65/44
f 244/65/44 246/66/44 248/67/44
f 248/67/44 250/68/44 252/69/44
f 252/69/44 254/70/44 256/71/44
f 256/71/44 258/72/44 260/73/44
f 260/73/44 262/74/44 264/75/44
f 264/75/44 266/76/44 268/77/44
f 268/77/44 270/78/44 272/79/44
f 272/79/44 274/80/44 276/81/44
f 276/81/44 278/82/44 280/63/44
f 280/63/44 244/65/44 248/67/44
f 248/67/44 252/69/44 256/71/44
f 256/71/44 260/73/44 264/75/44
f 264/75/44 268/77/44 272/79/44
f 272/79/44 276/81/44 280/63/44
f 280/63/44 248/67/44 256/71/44
f 256/71/44 264/75/44 272/79/44
f 256/71/44 272/79/44 280/63/44
f 281/1/23 282/2/23 283/3/23
f 281/1/23 283/3/23 284/4/23
f 284/4/24 283/3/24 285/5/24
f 284/4/24 285/5/24 286/6/24
f 286/6/25 285/5/25 287/7/25
f 286/6/25 287/7/25 288/8/25
f 288/8/26 287/7/26 289/9/26
f 288/8/26 289/9/26 290/10/26
f 290/10/27 289/9/27 291/11/27
f 290/10/27 291/11/27 292/12/27
f 292/12/28 291/11/28 293/13/28
f 292/12/28 293/13/28 294/14/28
f 294/14/29 293/13/29 295/15/29
f 294/14/29 295/15/29 296/16/29
f 296/16/30 295/15/30 297/17/30
f 296/16/30 297/17/30 298/18/30
f 298/18/31 297/17/31 299/19/31
f 298/18/31 299/19/31 300/20/31
f 300/20/32 299/19/32 301/21/32
f 300/20/32 301/21/32 302/22/32
f 302/22/33 301/21/33 303/23/33
f 302/22/33 303/23/33 304/24/33
f 304/24/34 303/23/34 305/25/34
f 304/24/34 305/25/34 306/26/34
f 306/26/35 305/25/35 307/27/35
f 306/26/35 307/27/35 308/28/35
f 308/28/36 307/27/36 309/29/36
f 308/28/36 309/29/36 310/30/36
f 310/30/37 309/29/37 311/31/37
f 310/30/37 311/31/37 312/32/37
f 312/32/38 311/31/38 313/33/38
f 312/32/38 313/33/38 314/34/38
f 314/34/39 313/33/39 315/35/39
f 314/34/39 315/35/39 316/36/39
f 316/36/40 315/35/40 317/37/40
f 316/36/40 317/37/40 318/38/40
f 285/39/41 283/40/41 282/41/41
f 282/41/41 319/42/41 317/43/41
f 317/43/41 315/44/41 313/45/41
f 313/45/41 311/46/41 309/47/41
f 309/47/41 307/48/41 305/49/41
f 305/49/41 303/50/41 301/51/41
f 301/51/41 299/52/41 297/53/41
f 297/53/41 295/54/41 293/55/41
f 293/55/41 291/56/41 289/57/41
f 289/57/41 287/58/41 285/39/41
f 285/39/41 282/41/41 317/43/41
f 317/43/41 313/45/41 309/47/41
f 309/47/41 305/49/41 301/51/41
f 301/51/41 297/53/41 293/55/41
f 293/55/41 289/57/41 285/39/41
f 285/39/41 317/43/41 309/47/41
f 309/47/41 301/51/41 293/55/41
f 309/47/41 293/55/41 285/39/41
f 318/38/42 317/37/42 319/59/42
f 318/38/42 319/59/42 320/60/42
f 320/60/43 319/59/43 282/61/43
f 320/60/43 282/61/43 281/62/43
f 320/63/44 281/64/44 284/65/44
f 284/65/44 286/66/44 288/67/44
f 288/67/44 290/68/44 292/69/44
f 292/69/44 294/70/44 296/71/44
f 296/71/44 298/72/44 300/73/44
f 300/73/44 302/74/44 304/75/44
f 304/75/44 306/76/44 308/77/44
f 308/77/44 310/78/44 312/79/44
f 312/79/44 314/80/44 316/81/44
f 316/81/44 318/82/44 320/63/44
f 320/63/44 284/65/44 288/67/44
f 288/67/44 292/69/44 296/71/44
f 296/71/44 300/73/44 304/75/44
f 304/75/44 308/77/44 312/79/44
f 312/79/44 316/81/44 320/63/44
f 320/63/44 288/67/44 296/71/44
f 296/71/44 304/75/44 312/79/44
f 296/71/44 312/79/44 320/63/44
f 321/1/23 322/2/23 323/3/23
f 321/1/23 323/3/23 324/4/23
f 324/4/24 323/3/24 325/5/24
f 324/4/24 325/5/24 326/6/24
f 326/6/25 325/5/25 327/7/25
f 326/6/25 327/7/25 328/8/25
f 328/8/26 327/7/26 329/9/26
f 328/8/26 329/9/26 330/10/26
f 330/10/27 329/9/27 331/11/27
f 330/10/27 331/11/27 332/12/27
f 332/12/28 331/11/28 333/13/28
f 332/12/28 333/13/28 334/14/28
f 334/14/29 333/13/29 335/15/29
f 334/14/29 335/15/29 336/16/29
f 336/16/30 335/15/30 337/17/30
f 336/16/30 337/17/30 338/18/30
f 338/18/31 337/17/31 339/19/31
f 338/18/31 339/19/31 340/20/31
f 340/20/32 339/19/32 341/21/32
f 340/20/32 341/21/32 342/22/32
f 342/22/33 341/21/33 343/23/33
f 342/22/33 343/23/33 344/24/33
f 344/24/34 343/23/34 345/25/34
f 344/24/34 345/25/34 346/26/34
f 346/26/35 345/25/35 347/27/35
f 346/26/35 347/27/35 348/28/35
f 348/28/36 347/27/36 349/29/36
f 348/28/36 349/29/36 350/30/36
f 350/30/37 349/29/37 351/31/37
f 350/30/37 351/31/37 352/32/37
f 352/32/38 351/31/38 353/33/38
f 352/32/38 353/33/38 354/34/38
f 354/34/39 353/33/39 355/35/39
f 354/34/39 355/35/39 356/36/39
f 356/36/40 355/35/40 357/37/40
f 356/36/40 357/37/40 358/38/40
f 325/39/41 323/40/41 322/41/41
f 322/41/41 359/42/41 357/43/41
f 357/43/41 355/44/41 353/45/41
f 353/45/41 351/46/41 349/47/41
f 349/47/41 347/48/41 345/49/41
f 345/49/41 343/50/41 341/51/41
f 341/51/41 339/52/41 337/53/41
f 337/53/41 335/54/41 333/55/41
f 333/55/41 331/56/41 329/57/41
f 329/57/41 327/58/41 325/39/41
f 325/39/41 322/41/41 357/43/41
f 357/43/41 353/45/41 349/47/41
f 349/47/41 345/49/41 341/51/41
f 341/51/41 337/53/41 333/55/41
f 333/55/41 329/57/41 325/39/41
f 325/39/41 357/43/41 349/47/41
f 349/47/41 341/51/41 333/55/41
f 349/47/41 333/55/41 325/39/41
f 358/38/42 357/37/42 359/59/42
f 358/38/42 359/59/42 360/60/42
f 360/60/43 359/59/43 322/61/43
f 360/60/43 322/61/43 321/62/43
f 360/63/44 321/64/44 324/65/44
f 324/65/44 326/66/44 328/67/44
f 328/67/44 330/68/44 332/69/44
f 332/69/44 334/70/44 336/71/44
f 336/71/44 338/72/44 340/73/44
f 340/73/44 342/74/44 344/75/44
f 344/75/44 346/76/44 348/77/44
f 348/77/44 350/78/44 352/79/44
f 352/79/44 354/80/44 356/81/44
f 356/81/44 358/82/44 360/63/44
f 360/63/44 324/65/44 328/67/44
f 328/67/44 332/69/44 336/71/44
f 336/71/44 340/73/44 344/75/44
f 344/75/44 348/77/44 352/79/44
f 352/79/44 356/81/44 360/63/44
f 360/63/44 328/67/44 336/71/44
f 336/71/44 344/75/44 352/79/44
f 336/71/44 352/79/44 360/63/44
f 361/1/23 362/2/23 363/3/23
f 361/1/23 363/3/23 364/4/23
f 364/4/24 363/3/24 365/5/24
f 364/4/24 365/5/24 366/6/24
f 366/6/25 365/5/25 367/7/25
f 366/6/25 367/7/25 368/8/25
f 368/8/26 367/7/26 369/9/26
f 368/8/26 369/9/26 370/10/26
f 370/10/27 369/9/27 371/11/27
f 370/10/27 371/11/27 372/12/27
f 372/12/28 371/11/28 373/13/28
f 372/12/28 373/13/28 374/14/28
f 374/14/29 373/13/29 375/15/29
f 374/14/29 375/15/29 376/16/29
f 376/16/30 375/15/30 377/17/30
f 376/16/30 377/17/30 378/18/30
f 378/18/31 377/17/31 379/19/31
f 378/18/31 379/19/31 380/20/31
f 380/20/32 379/19/32 381/21/32
f 380/20/32 381/21/32 382/22/32
f 382/22/33 381/21/33 383/23/33
f 382/22/33 383/23/33 384/24/33
f 384/24/34 383/23/34 385/25/34
f 384/24/34 385/25/34 386/26/34
f 386/26/35 385/25/35 387/27/35
f 386/26/35 387/27/35 388/28/35
f 388/28/36 387/27/36 389/29/36
f 388/28/36 389/29/36 390/30/36
f 390/30/37 389/29/37 391/31/37
f 390/30/37 391/31/37 392/32/37
f 392/32/38 391/31/38 393/33/38
f 392/32/38 393/33/38 394/34/38
f 394/34/39 393/33/39 395/35/39
f 394/34/39 395/35/39 396/36/39
f 396/36/40 395/35/40 397/37/40
f 396/36/40 397/37/40 398/38/40
f 365/39/41 363/40/41 362/41/41
f 362/41/41 399/42/41 397/43/41
f 397/43/41 395/44/41 393/45/41
f 393/45/41 391/46/41 389/47/41
f 389/47/41 387/48/41 385/49/41
f 385/49/41 383/50/41 381/51/41
f 381/51/41 379/52/41 377/53/41
f 377/53/41 375/54/41 373/55/41
f 373/55/41 371/56/41 369/57/41
f 369/57/41 367/58/41 365/39/41
f 365/39/41 362/41/41 397/43/41
f 397/43/41 393/45/41 389/47/41
f 389/47/41 385/49/41 381/51/41
f 381/51/41 377/53/41 373/55/41
f 373/55/41 369/57/41 365/39/41
f 365/39/41 397/43/41 389/47/41
f 389/47/41 381/51/41 373/55/41
f 389/47/41 373/55/41 365/39/41
f 398/38/42 397/37/42 399/59/42
f 398/38/42 399/59/42 400/60/42
f 400/60/43 399/59/43 362/61/43
f 400/60/43 362/61/43 361/62/43
f 400/63/44 361/64/44 364/65/44
f 364/65/44 366/66/44 368/67/44
f 368/67/44 370/68/44 372/69/44
f 372/69/44 374/70/44 376/71/44
f 376/71/44 378/72/44 380/73/44
f 380/73/44 382/74/44 384/75/44
f 384/75/44 386/76/44 388/77/44
f 388/77/44 390/78/44 392/79/44
f 392/79/44 394/80/44 396/81/44
f 396/81/44 398/82/44 400/63/44
f 400/63/44 364/65/44 368/67/44
f 368/67/44 372/69/44 376/71/44
f 376/71/44 380/73/44 384/75/44
f 384/75/44 388/77/44 392/79/44
f 392/79/44 396/81/44 400/63/44
f 400/63/44 368/67/44 376/71/44
f 376/71/44 384/75/44 392/79/44
f 376/71/44 392/79/44 400/63/44
f 401/1/23 402/2/23 403/3/23
f 401/1/23 403/3/23 404/4/23
f 404/4/24 403/3/24 405/5/24
f 404/4/24 405/5/24 406/6/24
f 406/6/25 405/5/25 407/7/25
f 406/6/25 407/7/25 408/8/25
f 408/8/26 407/7/26 409/9/26
f 408/8/26 409/9/26 410/10/26
f 410/10/27 409/9/27 411/11/27
f 410/10/27 411/11/27 412/12/27
f 412/12/28 411/11/28 413/13/28
f 412/12/28 413/13/28 414/14/28
f 414/14/29 413/13/29 415/15/29
f 414/14/29 415/15/29 416/16/29
f 416/16/30 415/15/30 417/17/30
f 416/16/30 417/17/30 418/18/30
f 418/18/31 417/17/31 419/19/31
f 418/18/31 419/19/31 420/20/31
f 420/20/32 419/19/32 421/21/32
f 420/20/32 421/21/32 422/22/32
f 422/22/33 421/21/33 423/23/33
f 422/22/33 423/23/33 424/24/33
f 424/24/34 423/23/34 425/25/34
f 424/24/34 425/25/34 426/26/34
f 426/26/35 425/25/35 427/27/35
f 426/26/35 427/27/35 428/28/35
f 428/28/36 427/27/36 429/29/36
f 428/28/36 429/29/36 430/30/36
f 430/30/37 429/29/37 431/31/37
f 430/30/37 431/31/37 432/32/37
f 432/32/38 431/31/38 433/33/38
f 432/32/38 433/33/38 434/34/38
f 434/34/39 433/33/39 435/35/39
f 434/34/39 435/35/39 436/36/39
f 436/36/40 435/35/40 437/37/40
f 436/36/40 437/37/40 438/38/40
f 405/39/41 403/40/41 402/41/41
f 402/41/41 439/42/41 437/43/41
f 437/43/41 435/44/41 433/45/41
f 433/45/41 431/46/41 429/47/41
f 429/47/41 427/48/41 425/49/41
f 425/49/41 423/50/41 421/51/41
f 421/51/41 419/52/41 417/53/41
f 417/53/41 415/54/41 413/55/41
f 413/55/41 411/56/41 409/57/41
f 409/57/41 407/58/41 405/39/41
f 405/39/41 402/41/41 437/43/41
f 437/43/41 433/45/41 429/47/41
f 429/47/41 425/49/41 421/51/41
f 421/51/41 417/53/41 413/55/41
f 413/55/41 409/57/41 405/39/41
f 405/39/41 437/43/41 429/47/41
f 429/47/41 421/51/41 413/55/41
f 429/47/41 413/55/41 405/39/41
f 438/38/42 437/37/42 439/59/42
f 438/38/42 439/59/42 440/60/42
f 440/60/43 439/59/43 402/61/43
f 440/60/43 402/61/43 401/62/43
f 440/63/44 401/64/44 404/65/44
f 404/65/44 406/66/44 408/67/44
f 408/67/44 410/68/44 412/69/44
f 412/69/44 414/70/44 416/71/44
f 416/71/44 418/72/44 420/73/44
f 420/73/44 422/74/44 424/75/44
f 424/75/44 426/76/44 428/77/44
f 428/77/44 430/78/44 432/79/44
f 432/79/44 434/80/44 436/81/44
f 436/81/44 438/82/44 440/63/44
f 440/63/44 404/65/44 408/67/44
f 408/67/44 412/69/44 416/71/44
f 416/71/44 420/73/44 424/75/44
f 424/75/44 428/77/44 432/79/44
f 432/79/44 436/81/44 440/63/44
f 440/63/44 408/67/44 416/71/44
f 416/71/44 424/75/44 432/79/44
f 416/71/44 432/79/44 440/63/44
f 441/1/23 442/2/23 443/3/23
f 441/1/23 443/3/23 444/4/23
f 444/4/24 443/3/24 445/5/24
f 444/4/24 445/5/24 446/6/24
f 446/6/25 445/5/25 447/7/25
f 446/6/25 447/7/25 448/8/25
f 448/8/26 447/7/26 449/9/26
f 448/8/26 449/9/26 450/10/26
f 450/10/27 449/9/27 451/11/27
f 450/10/27 451/11/27 452/12/27
f 452/12/28 451/11/28 453/13/28
f 452/12/28 453/13/28 454/14/28
f 454/14/29 453/13/29 455/15/29
f 454/14/29 455/15/29 456/16/29
f 456/16/30 455/15/30 457/17/30
f 456/16/30 457/17/30 458/18/30
f 458/18/31 457/17/31 459/19/31
f 458/18/31 459/19/31 460/20/31
f 460/20/32 459/19/32 461/21/32
f 460/20/32 461/21/32 462/22/32
f 462/22/33 461/21/33 463/23/33
f 462/22/33 463/23/33 464/24/33
f 464/24/34 463/23/34 465/25/34
f 464/24/34 465/25/34 466/26/34
f 466/26/35 465/25/35 467/27/35
f 466/26/35 467/27/35 468/28/35
f 468/28/36 467/27/36 469/29/36
f 468/28/36 469/29/36 470/30/36
f 470/30/37 469/29/37 471/31/37
f 470/30/37 471/31/37 472/32/37
f 472/32/38 471/31/38 473/33/38
f 472/32/38 473/33/38 474/34/38
f 474/34/39 473/33/39 475/35/39
f 474/34/39 475/35/39 476/36/39
f 476/36/40 475/35/40 477/37/40
f 476/36/40 477/37/40 478/38/40
f 445/39/41 443/40/41 442/41/41
f 442/41/41 479/42/41 477/43/41
f 477/43/41 475/44/41 473/45/41
f 473/45/41 471/46/41 469/47/41
f 469/47/41 467/48/41 465/49/41
f 465/49/41 463/50/41 461/51/41
f 461/51/41 459/52/41 457/53/41
f 457/53/41 455/54/41 453/55/41
f 453/55/41 451/56/41 449/57/41
f 449/57/41 447/58/41 445/39/41
f 445/39/41 442/41/41 477/43/41
f 477/43/41 473/45/41 469/47/41
f 469/47/41 465/49/41 461/51/41
f 461/51/41 457/53/41 453/55/41
f 453/55/41 449/57/41 445/39/41
f 445/39/41 477/43/41 469/47/41
f 469/47/41 461/51/41 453/55/41
f 469/47/41 453/55/41 445/39/41
f 478/38/42 477/37/42 479/59/42
f 478/38/42 479/59/42 480/60/42
f 480/60/43 479/59/43 442/61/43
f 480/60/43 442/61/43 441/62/43
f 480/63/44 441/64/44 444/65/44
f 444/65/44 446/66/44 448/67/44
f 448/67/44 450/68/44 452/69/44
f 452/69/44 454/70/44 456/71/44
f 456/71/44 458/72/44 460/73/44
f 460/73/44 462/74/44 464/75/44
f 464/75/44 466/76/44 468/77/44
f 468/77/44 470/78/44 472/79/44
f 472/79/44 474/80/44 476/81/44
f 476/81/44 478/82/44 480/63/44
f 480/63/44 444/65/44 448/67/44
f 448/67/44 452/69/44 456/71/44
f 456/71/44 460/73/44 464/75/44
f 464/75/44 468/77/44 472/79/44
f 472/79/44 476/81/44 480/63/44
f 480/63/44 448/67/44 456/71/44
f 456/71/44 464/75/44 472/79/44
f 456/71/44 472/79/44 480/63/44
f 481/1/23 482/2/23 483/3/23
f 481/1/23 483/3/23 484/4/23
f 484/4/24 483/3/24 485/5/24
f 484/4/24 485/5/24 486/6/24
f 486/6/25 485/5/25 487/7/25
f 486/6/25 487/7/25 488/8/25
f 488/8/26 487/7/26 489/9/26
f 488/8/26 489/9/26 490/10/26
f 490/10/27 489/9/27 491/11/27
f 490/10/27 491/11/27 492/12/27
f 492/12/28 491/11/28 493/13/28
f 492/12/28 493/13/28 494/14/28
f 494/14/29 493/13/29 495/15/29
f 494/14/29 495/15/29 496/16/29
f 496/16/30 495/15/30 497/17/30
f 496/16/30 497/17/30 498/18/30
f 498/18/31 497/17/31 499/19/31
f 498/18/31 499/19/31 500/20/31
f 500/20/32 499/19/32 501/21/32
f 500/20/32 501/21/32 502/22/32
f 502/22/33 501/21/33 503/23/33
f 502/22/33 503/23/33 504/24/33
f 504/24/34 503/23/34 505/25/34
f 504/24/34 505/25/34 506/26/34
f 506/26/35 505/25/35 507/27/35
f 506/26/35 507/27/35 508/28/35
f 508/28/36 507/27/36 509/29/36
f 508/28/36 509/29/36 510/30/36
f 510/30/37 509/29/37 511/31/37
f 510/30/37 511/31/37 512/32/37
f 512/32/38 511/31/38 513/33/38
f 512/32/38 513/33/38 514/34/38
f 514/34/39 513/33/39 515/35/39
f 514/34/39 515/35/39 516/36/39
f 516/36/40 515/35/40 517/37/40
f 516/36/40 517/37/40 518/38/40
f 485/39/41 483/40/41 482/41/41
f 482/41/41 519/42/41 517/43/41
f 517/43/41 515/44/41 513/45/41
f 513/45/41 511/46/41 509/47/41
f 509/47/41 507/48/41 505/49/41
f 505/49/41 503/50/41 501/51/41
f 501/51/41 499/52/41 497/53/41
f 497/53/41 495/54/41 493/55/41
f 493/55/41 491/56/41 489/57/41
f 489/57/41 487/58/41 485/39/41
f 485/39/41 482/41/41 517/43/41
f 517/43/41 513/45/41 509/47/41
f 509/47/41 505/49/41 501/51/41
f 501/51/41 497/53/41 493/55/41
f 493/55/41 489/57/41 485/39/41
f 485/39/41 517/43/41 509/47/41
f 509/47/41 501/51/41 493/55/41
f 509/47/41 493/55/41 485/39/41
f 518/38/42 517/37/42 519/59/42
f 518/38/42 519/59/42 520/60/42
f 520/60/43 519/59/43 482/61/43
f 520/60/43 482/61/43 481/62/43
f 520/63/44 481/64/44 484/65/44
f 484/65/44 486/66/44 488/67/44
f 488/67/44 490/68/44 492/69/44
f 492/69/44 494/70/44 496/71/44
f 496/71/44 498/72/44 500/73/44
f 500/73/44 502/74/44 504/75/44
f 504/75/44 506/76/44 508/77/44
f 508/77/44 510/78/44 512/79/44
f 512/79/44 514/80/44 516/81/44
f 516/81/44 518/82/44 520/63/44
f 520/63/44 484/65/44 488/67/44
f 488/67/44 492/69/44 496/71/44
f 496/71/44 500/73/44 504/75/44
f 504/75/44 508/77/44 512/79/44
f 512/79/44 516/81/44 520/63/44
f 520/63/44 488/67/44 496/71/44
f 496/71/44 504/75/44 512/79/44
f 496/71/44 512/79/44 520/63/44
f 521/1/23 522/2/23 523/3/23
f 521/1/23 523/3/23 524/4/23
f 524/4/24 523/3/24 525/5/24
f 524/4/24 525/5/24 526/6/24
f 526/6/25 525/5/25 527/7/25
f 526/6/25 527/7/25 528/8/25
f 528/8/26 527/7/26 529/9/26
f 528/8/26 529/9/26 530/10/26
f 530/10/27 529/9/27 531/11/27
f 530/10/27 531/11/27 532/12/27
f 532/12/28 531/11/28 533/13/28
f 532/12/28 533/13/28 534/14/28
f 534/14/29 533/13/29 535/15/29
f 534/14/29 535/15/29 536/16/29
f 536/16/30 535/15/30 537/17/30
f 536/16/30 537/17/30 538/18/30
f 538/18/31 537/17/31 539/19/31
f 538/18/31 539/19/31 540/20/31
f 540/20/32 539/19/32 541/21/32
f 540/20/32 541/21/32 542/22/32
f 542/22/33 541/21/33 543/23/33
f 542/22/33 543/23/33 544/24/33
f 544/24/34 543/23/34 545/25/34
f 544/24/34 545/25/34 546/26/34
f 546/26/35 545/25/35 547/27/35
f 546/26/35 547/27/35 548/28/35
f 548/28/36 547/27/36 549/29/36
f 548/28/36 549/29/36 550/30/36
f 550/30/37 549/29/37 551/31/37
f 550/30/37 551/31/37 552/32/37
f 552/32/38 551/31/38 553/33/38
f 552/32/38 553/33/38 554/34/38
f 554/34/39 553/33/39 555/35/39
f 554/34/39 555/35/39 556/36/39
f 556/36/40 555/35/40 557/37/40
f 556/36/40 557/37/40 558/38/40
f 525/39/41 523/40/41 522/41/41
f 522/41/41 559/42/41 557/43/41
f 557/43/41 555/44/41 553/45/41
f 553/45/41 551/46/41 549/47/41
f 549/47/41 547/48/41 545/49/41
f 545/49/41 543/50/41 541/51/41
f 541/51/41 539/52/41 537/53/41
f 537/53/41 535/54/41 533/55/41
f 533/55/41 531/56/41 529/57/41
f 529/57/41 527/58/41 525/39/41
f 525/39/41 522/41/41 557/43/41
f 557/43/41 553/45/41 549/47/41
f 549/47/41 545/49/41 541/51/41
f 541/51/41 537/53/41 533/55/41
f 533/55/41 529/57/41 525/39/41
f 525/39/41 557/43/41 549/47/41
f 549/47/41 541/51/41 533/55/41
f 549/47/41 533/55/41 525/39/41
f 558/38/42 557/37/42 559/59/42
f 558/38/42 559/59/42 560/60/42
f 560/60/43 559/59/43 522/61/43
f 560/60/43 522/61/43 521/62/43
f 560/63/44 521/64/44 524/65/44
f 524/65/44 526/66/44 528/67/44
f 528/67/44 530/68/44 532/69/44
f 532/69/44 534/70/44 536/71/44
f 536/71/44 538/72/44 540/73/44
f 540/73/44 542/74/44 544/75/44
f 544/75/44 546/76/44 548/77/44
f 548/77/44 550/78/44 552/79/44
f 552/79/44 554/80/44 556/81/44
f 556/81/44 558/82/44 560/63/44
f 560/63/44 524/65/44 528/67/44
f 528/67/44 532/69/44 536/71/44
f 536/71/44 540/73/44 544/75/44
f 544/75/44 548/77/44 552/79/44
f 552/79/44 556/81/44 560/63/44
f 560/63/44 528/67/44 536/71/44
f 536/71/44 544/75/44 552/79/44
f 536/71/44 552/79/44 560/63/44
f 561/1/23 562/2/23 563/3/23
f 561/1/23 563/3/23 564/4/23
f 564/4/24 563/3/24 565/5/24
f 564/4/24 565/5/24 566/6/24
f 566/6/25 565/5/25 567/7/25
f 566/6/25 567/7/25 568/8/25
f 568/8/26 567/7/26 569/9/26
f 568/8/26 569/9/26 570/10/26
f 570/10/27 569/9/27 571/11/27
f 570/10/27 571/11/27 572/12/27
f 572/12/28 571/11/28 573/13/28
f 572/12/28 573/13/28 574/14/28
f 574/14/29 573/13/29 575/15/29
f 574/14/29 575/15/29 576/16/29
f 576/16/30 575/15/30 577/17/30
f 576/16/30 577/17/30 578/18/30
f 578/18/31 577/17/31 579/19/31
f 578/18/31 579/19/31 580/20/31
f 580/20/32 579/19/32 581/21/32
f 580/20/32 581/21/32 582/22/32
f 582/22/33 581/21/33 583/23/33
f 582/22/33 583/23/33 584/24/33
f 584/24/34 583/23/34 585/25/34
f 584/24/34 585/25/34 586/26/34
f 586/26/35 585/25/35 587/27/35
f 586/26/35 587/27/35 588/28/35
f 588/28/36 587/27/36 589/29/36
f 588/28/36 589/29/36 590/30/36
f 590/30/37 589/29/37 591/31/37
f 590/30/37 591/31/37 592/32/37
f 592/32/38 591/31/38 593/33/38
f 592/32/38 593/33/38 594/34/38
f 594/34/39 593/33/39 595/35/39
f 594/34/39 595/35/39 596/36/39
f 596/36/40 595/35/40 597/37/40
f 596/36/40 597/37/40 598/38/40
f 565/39/41 563/40/41 562/41/41
f 562/41/41 599/42/41 597/43/41
f 597/43/41 595/44/41 593/45/41
f 593/45/41 591/46/41 589/47/41
f 589/47/41 587/48/41 585/49/41
f 585/49/41 583/50/41 581/51/41
f 581/51/41 579/52/41 577/53/41
f 577/53/41 575/54/41 573/55/41
f 573/55/41 571/56/41 569/57/41
f 569/57/41 567/58/41 565/39/41
f 565/39/41 562/41/41 597/43/41
f 597/43/41 593/45/41 589/47/41
f 589/47/41 585/49/41 581/51/41
f 581/51/41 577/53/41 573/55/41
f 573/55/41 569/57/41 565/39/41
f 565/39/41 597/43/41 589/47/41
f 589/47/41 581/51/41 573/55/41
f 589/47/41 573/55/41 565/39/41
f 598/38/42 597/37/42 599/59/42
f 598/38/42 599/59/42 600/60/42
f 600/60/43 599/59/43 562/61/43
f 600/60/43 562/61/43 561/62/43
f 600/63/44 561/64/44 564/65/44
f 564/65/44 566/66/44 568/67/44
f 568/67/44 570/68/44 572/69/44
f 572/69/44 574/70/44 576/71/44
f 576/71/44 578/72/44 580/73/44
f 580/73/44 582/74/44 584/75/44
f 584/75/44 586/76/44 588/77/44
f 588/77/44 590/78/44 592/79/44
f 592/79/44 594/80/44 596/81/44
f 596/81/44 598/82/44 600/63/44
f 600/63/44 564/65/44 568/67/44
f 568/67/44 572/69/44 576/71/44
f 576/71/44 580/73/44 584/75/44
f 584/75/44 588/77/44 592/79/44
f 592/79/44 596/81/44 600/63/44
f 600/63/44 568/67/44 576/71/44
f 576/71/44 584/75/44 592/79/44
f 576/71/44 592/79/44 600/63/44
f 601/1/23 602/2/23 603/3/23
f 601/1/23 603/3/23 604/4/23
f 604/4/24 603/3/24 605/5/24
f 604/4/24 605/5/24 606/6/24
f 606/6/25 605/5/25 607/7/25
f 606/6/25 607/7/25 608/8/25
f 608/8/26 607/7/26 609/9/26
f 608/8/26 609/9/26 610/10/26
f 610/10/27 609/9/27 611/11/27
f 610/10/27 611/11/27 612/12/27
f 612/12/28 611/11/28 613/13/28
f 612/12/28 613/13/28 614/14/28
f 614/14/29 613/13/29 615/15/29
f 614/14/29 615/15/29 616/16/29
f 616/16/30 615/15/30 617/17/30
f 616/16/30 617/17/30 618/18/30
f 618/18/31 617/17/31 619/19/31
f 618/18/31 619/19/31 620/20/31
f 620/20/32 619/19/32 621/21/32
f 620/20/32 621/21/32 622/22/32
f 622/22/33 621/21/33 623/23/33
f 622/22/33 623/23/33 624/24/33
f 624/24/34 623/23/34 625/25/34
f 624/24/34 625/25/34 626/26/34
f 626/26/35 625/25/35 627/27/35
f 626/26/35 627/27/35 628/28/35
f 628/28/36 627/27/36 629/29/36
f 628/28/36 629/29/36 630/30/36
f 630/30/37 629/29/37 631/31/37
f 630/30/37 631/31/37 632/32/37
f 632/32/38 631/31/38 633/33/38
f 632/32/38 633/33/38 634/34/38
f 634/34/39 633/33/39 635/35/39
f 634/34/39 635/35/39 636/36/39
f 636/36/40 635/35/40 637/37/40
f 636/36/40 637/37/40 638/38/40
f 605/39/41 603/40/41 602/41/41
f 602/41/41 639/42/41 637/43/41
f 637/43/41 635/44/41 633/45/41
f 633/45/41 631/46/41 629/47/41
f 629/47/41 627/48/41 625/49/41
f 625/49/41 623/50/41 621/51/41
f 621/51/41 619/52/41 617/53/41
f 617/53/41 615/54/41 613/55/41
f 613/55/41 611/56/41 609/57/41
f 609/57/41 607/58/41 605/39/41
f 605/39/41 602/41/41 637/43/41
f 637/43/41 633/45/41 629/47/41
f 629/47/41 625/49/41 621/51/41
f 621/51/41 617/53/41 613/55/41
f 613/55/41 609/57/41 605/39/41
f 605/39/41 637/43/41 629/47/41
f 629/47/41 621/51/41 613/55/41
f 629/47/41 613/55/41 605/39/41
f 638/38/42 637/37/42 639/59/42
f 638/38/42 639/59/42 640/60/42
f 640/60/43 639/59/43 602/61/43
f 640/60/43 602/61/43 601/62/43
f 640/63/44 601/64/44 604/65/44
f 604/65/44 606/66/44 608/67/44
f 608/67/44 610/68/44 612/69/44
f 612/69/44 614/70/44 616/71/44
f 616/71/44 618/72/44 620/73/44
f 620/73/44 622/74/44 624/75/44
f 624/75/44 626/76/44 628/77/44
f 628/77/44 630/78/44 632/79/44
f 632/79/44 634/80/44 636/81/44
f 636/81/44 638/82/44 640/63/44
f 640/63/44 604/65/44 608/67/44
f 608/67/44 612/69/44 616/71/44
f 616/71/44 620/73/44 624/75/44
f 624/75/44 628/77/44 632/79/44
f 632/79/44 636/81/44 640/63/44
f 640/63/44 608/67/44 616/71/44
f 616/71/44 624/75/44 632/79/44
f 616/71/44 632/79/44 640/63/44
f 641/1/23 642/2/23 643/3/23
f 641/1/23 643/3/23 644/4/23
f 644/4/24 643/3/24 645/5/24
f 644/4/24 645/5/24 646/6/24
f 646/6/25 645/5/25 647/7/25
f 646/6/25 647/7/25 648/8/25
f 648/8/26 647/7/26 649/9/26
f 648/8/26 649/9/26 650/10/26
f 650/10/27 649/9/27 651/11/27
f 650/10/27 651/11/27 652/12/27
f 652/12/28 651/11/28 653/13/28
f 652/12/28 653/13/28 654/14/28
f 654/14/29 653/13/29 655/15/29
f 654/14/29 655/15/29 656/16/29
f 656/16/30 655/15/30 657/17/30
f 656/16/30 657/17/30 658/18/30
f 658/18/31 657/17/31 659/19/31
f 658/18/31 659/19/31 660/20/31
f 660/20/32 659/19/32 661/21/32
f 660/20/32 661/21/32 662/22/32
f 662/22/33 661/21/33 663/23/33
f 662/22/33 663/23/33 664/24/33
f 664/24/34 663/23/34 665/25/34
f 664/24/34 665/25/34 666/26/34
f 666/26/35 665/25/35 667/27/35
f 666/26/35 667/27/35 668/28/35
f 668/28/36 667/27/36 669/29/36
f 668/28/36 669/29/36 670/30/36
f 670/30/37 669/29/37 671/31/37
f 670/30/37 671/31/37 672/32/37
f 672/32/38 671/31/38 673/33/38
f 672/32/38 673/33/38 674/34/38
f 674/34/39 673/33/39 675/35/39
f 674/34/39 675/35/39 676/36/39
f 676/36/40 675/35/40 677/37/40
f 676/36/40 677/37/40 678/38/40
f 645/39/41 643/40/41 642/41/41
f 642/41/41 679/42/41 677/43/41
f 677/43/41 675/44/41 673/45/41
f 673/45/41 671/46/41 669/47/41
f 669/47/41 667/48/41 665/49/41
f 665/49/41 663/50/41 661/51/41
f 661/51/41 659/52/41 657/53/41
f 657/53/41 655/54/41 653/55/41
f 653/55/41 651/56/41 649/57/41
f 649/57/41 647/58/41 645/39/41
f 645/39/41 642/41/41 677/43/41
f 677/43/41 673/45/41 669/47/41
f 669/47/41 665/49/41 661/51/41
f 661/51/41 657/53/41 653/55/41
f 653/55/41 649/57/41 645/39/41
f 645/39/41 677/43/41 669/47/41
f 669/47/41 661/51/41 653/55/41
f 669/47/41 653/55/41 645/39/41
f 678/38/42 677/37/42 679/59/42
f 678/38/42 679/59/42 680/60/42
f 680/60/43 679/59/43 642/61/43
f 680/60/43 642/61/43 641/62/43
f 680/63/44 641/64/44 644/65/44
f 644/65/44 646/66/44 648/67/44
f 648/67/44 650/68/44 652/69/44
f 652/69/44 654/70/44 656/71/44
f 656/71/44 658/72/44 660/73/44
f 660/73/44 662/74/44 664/75/44
f 664/75/44 666/76/44 668/77/44
f 668/77/44 670/78/44 672/79/44
f 672/79/44 674/80/44 676/81/44
f 676/81/44 678/82/44 680/63/44
f 680/63/44 644/65/44 648/67/44
f 648/67/44 652/69/44 656/71/44
f 656/71/44 660/73/44 664/75/44
f 664/75/44 668/77/44 672/79/44
f 672/79/44 676/81/44 680/63/44
f 680/63/44 648/67/44 656/71/44
f 656/71/44 664/75/44 672/79/44
f 656/71/44 672/79/44 680/63/44
f 681/1/23 682/2/23 683/3/23
f 681/1/23 683/3/23 684/4/23
f 684/4/24 683/3/24 685/5/24
f 684/4/24 685/5/24 686/6/24
f 686/6/25 685/5/25 687/7/25
f 686/6/25 687/7/25 688/8/25
f 688/8/26 687/7/26 689/9/26
f 688/8/26 689/9/26 690/10/26
f 690/10/27 689/9/27 691/11/27
f 690/10/27 691/11/27 692/12/27
f 692/12/28 691/11/28 693/13/28
f 692/12/28 693/13/28 694/14/28
f 694/14/29 693/13/29 695/15/29
f 694/14/29 695/15/29 696/16/29
f 696/16/30 695/15/30 697/17/30
f 696/16/30 697/17/30 698/18/30
f 698/18/31 697/17/31 699/19/31
f 698/18/31 699/19/31 700/20/31
f 700/20/32 699/19/32 701/21/32
f 700/20/32 701/21/32 702/22/32
f 702/22/33 701/21/33 703/23/33
f 702/22/33 703/23/33 704/24/33
f 704/24/34 703/23/34 705/25/34
f 704/24/34 705/25/34 706/26/34
f 706/26/35 705/25/35 707/27/35
f 706/26/35 707/27/35 708/28/35
f 708/28/36 707/27/36 709/29/36
f 708/28/36 709/29/36 710/30/36
f 710/30/37 709/29/37 711/31/37
f 710/30/37 711/31/37 712/32/37
f 712/32/38 711/31/38 713/33/38
f 712/32/38 713/33/38 714/34/38
f 714/34/39 713/33/39 715/35/39
f 714/34/39 715/35/39 716/36/39
f 716/36/40 715/35/40 717/37/40
f 716/36/40 717/37/40 718/38/40
f 685/39/41 683/40/41 682/41/41
f 682/41/41 719/42/41 717/43/41
f 717/43/41 715/44/41 713/45/41
f 713/45/41 711/46/41 709/47/41
f 709/47/41 707/48/41 705/49/41
f 705/49/41 703/50/41 701/51/41
f 701/51/41 699/52/41 697/53/41
f 697/53/41 695/54/41 693/55/41
f 693/55/41 691/56/41 689/57/41
f 689/57/41 687/58/41 685/39/41
f 685/39/41 682/41/41 717/43/41
f 717/43/41 713/45/41 709/47/41
f 709/47/41 705/49/41 701/51/41
f 701/51/41 697/53/41 693/55/41
f 693/55/41 689/57/41 685/39/41
f 685/39/41 717/43/41 709/47/41
f 709/47/41 701/51/41 693/55/41
f 709/47/41 693/55/41 685/39/41
f 718/38/42 717/37/42 719/59/42
f 718/38/42 719/59/42 720/60/42
f 720/60/43 719/59/43 682/61/43
f 720/60/43 682/61/43 681/62/43
f 720/63/44 681/64/44 684/65/44
f 684/65/44 686/66/44 688/67/44
f 688/67/44 690/68/44 692/69/44
f 692/69/44 694/70/44 696/71/44
f 696/71/44 698/72/44 700/73/44
f 700/73/44 702/74/44 704/75/44
f 704/75/44 706/76/44 708/77/44
f 708/77/44 710/78/44 712/79/44
f 712/79/44 714/80/44 716/81/44
f 716/81/44 718/82/44 720/63/44
f 720/63/44 684/65/44 688/67/44
f 688/67/44 692/69/44 696/71/44
f 696/71/44 700/73/44 704/75/44
f 704/75/44 708/77/44 712/79/44
f 712/79/44 716/81/44 720/63/44
f 720/63/44 688/67/44 696/71/44
f 696/71/44 704/75/44 712/79/44
f 696/71/44 712/79/44 720/63/44
f 721/83/45 722/84/45 723/85/45
f 721/83/45 723/85/45 724/86/45
f 724/86/46 723/85/46 725/87/46
f 724/86/46 725/87/46 726/88/46
f 726/88/47 725/87/47 727/89/47
f 726/88/47 727/89/47 728/90/47
f 728/90/48 727/89/48 722/91/48
f 728/90/48 722/91/48 721/92/48
f 724/93/49 726/88/49 728/90/49
f 724/93/49 728/90/49 721/94/49
f 725/87/50 723/95/50 722/96/50
f 725/87/50 722/96/50 727/89/50
f 729/83/45 730/84/45 731/85/45
f 729/83/45 731/85/45 732/86/45
f 732/86/46 731/85/46 733/87/46
f 732/86/46 733/87/46 734/88/46
f 734/88/47 733/87/47 735/89/47
f 734/88/47 735/89/47 736/90/47
f 736/90/48 735/89/48 730/91/48
f 736/90/48 730/91/48 729/92/48
f 732/93/49 734/88/49 736/90/49
f 732/93/49 736/90/49 729/94/49
f 733/87/50 731/95/50 730/96/50
f 733/87/50 730/96/50 735/89/50
f 737/1/51 738/2/51 739/3/51
f 737/1/51 739/3/51 740/4/51
f 740/4/52 739/3/52 741/5/52
f 740/4/52 741/5/52 742/6/52
f 742/6/53 741/5/53 743/7/53
f 742/6/53 743/7/53 744/8/53
f 744/8/54 743/7/54 745/9/54
f 744/8/54 745/9/54 746/10/54
f 746/10/55 745/9/55 747/11/55
f 746/10/55 747/11/55 748/12/55
f 748/12/56 747/11/56 749/13/56
f 748/12/56 749/13/56 750/14/56
f 750/14/57 749/13/57 751/15/57
f 750/14/57 751/15/57 752/16/57
f 752/16/58 751/15/58 753/17/58
f 752/16/58 753/17/58 754/18/58
f 754/18/59 753/17/59 755/19/59
f 754/18/59 755/19/59 756/20/59
f 756/20/60 755/19/60 757/21/60
f 756/20/60 757/21/60 758/22/60
f 758/22/61 757/21/61 759/23/61
f 758/22/61 759/23/61 760/24/61
f 760/24/62 759/23/62 761/25/62
f 760/24/62 761/25/62 762/26/62
f 762/26/63 761/25/63 763/27/63
f 762/26/63 763/27/63 764/28/63
f 764/28/64 763/27/64 765/29/64
f 764/28/64 765/29/64 766/30/64
f 766/30/65 765/29/65 767/31/65
f 766/30/65 767/31/65 768/32/65
f 768/32/66 767/31/66 769/33/66
f 768/32/66 769/33/66 770/34/66
f 770/34/67 769/33/67 771/35/67
f 770/34/67 771/35/67 772/36/67
f 772/36/68 771/35/68 773/37/68
f 772/36/68 773/37/68 774/38/68
f 741/39/69 739/40/69 738/41/69
f 738/41/69 775/97/69 773/98/69
f 773/98/69 771/44/69 769/45/69
f 769/45/69 767/99/69 765/100/69
f 765/100/69 763/101/69 761/102/69
f 761/102/69 759/103/69 757/104/69
f 757/104/69 755/52/69 753/53/69
f 753/53/69 751/105/69 749/106/69
f 749/106/69 747/56/69 745/57/69
f 745/57/69 743/58/69 741/39/69
f 741/39/69 738/41/69 773/98/69
f 773/98/69 769/45/69 765/100/69
f 765/100/69 761/102/69 757/104/69
f 757/104/69 753/53/69 749/106/69
f 749/106/69 745/57/69 741/39/69
f 741/39/69 773/98/69 765/100/69
f 765/100/69 757/104/69 749/106/69
f 765/100/69 749/106/69 741/39/69
f 774/38/70 773/37/70 775/59/70
f 774/38/70 775/59/70 776/60/70
f 776/60/71 775/59/71 738/61/71
f 776/60/71 738/61/71 737/62/71
f 776/63/72 737/64/72 740/65/72
f 740/65/72 742/66/72 744/67/72
f 744/67/72 746/68/72 748/69/72
f 748/69/72 750/107/72 752/108/72
f 752/108/72 754/72/72 756/73/72
f 756/73/72 758/109/72 760/75/72
f 760/75/72 762/76/72 764/110/72
f 764/110/72 766/111/72 768/79/72
f 768/79/72 770/80/72 772/81/72
f 772/81/72 774/82/72 776/63/72
f 776/63/72 740/65/72 744/67/72
f 744/67/72 748/69/72 752/108/72
f 752/108/72 756/73/72 760/75/72
f 760/75/72 764/110/72 768/79/72
f 768/79/72 772/81/72 776/63/72
f 776/63/72 744/67/72 752/108/72
f 752/108/72 760/75/72 768/79/72
f 752/108/72 768/79/72 776/63/72
f 777/1/51 778/2/51 779/3/51
f 777/1/51 779/3/51 780/4/51
f 780/4/52 779/3/52 781/5/52
f 780/4/52 781/5/52 782/6/52
f 782/6/53 781/5/53 783/7/53
f 782/6/53 783/7/53 784/8/53
f 784/8/54 783/7/54 785/9/54
f 784/8/54 785/9/54 786/10/54
f 786/10/55 785/9/55 787/11/55
f 786/10/55 787/11/55 788/12/55
f 788/12/56 787/11/56 789/13/56
f 788/12/56 789/13/56 790/14/56
f 790/14/57 789/13/57 791/15/57
f 790/14/57 791/15/57 792/16/57
f 792/16/58 791/15/58 793/17/58
f 792/16/58 793/17/58 794/18/58
f 794/18/59 793/17/59 795/19/59
f 794/18/59 795/19/59 796/20/59
f 796/20/60 795/19/60 797/21/60
f 796/20/60 797/21/60 798/22/60
f 798/22/61 797/21/61 799/23/61
f 798/22/61 799/23/61 800/24/61
f 800/24/62 799/23/62 801/25/62
f 800/24/62 801/25/62 802/26/62
f 802/26/63 801/25/63 803/27/63
f 802/26/63 803/27/63 804/28/63
f 804/28/64 803/27/64 805/29/64
f 804/28/64 805/29/64 806/30/64
f 806/30/65 805/29/65 807/31/65
f 806/30/65 807/31/65 808/32/65
f 808/32/66 807/31/66 809/33/66
f 808/32/66 809/33/66 810/34/66
f 810/34/67 809/33/67 811/35/67
f 810/34/67 811/35/67 812/36/67
f 812/36/68 811/35/68 813/37/68
f 812/36/68 813/37/68 814/38/68
f 781/39/69 779/40/69 778/41/69
f 778/41/69 815/97/69 813/98/69
f 813/98/69 811/44/69 809/45/69
f 809/45/69 807/99/69 805/100/69
f 805/100/69 803/101/69 801/102/69
f 801/102/69 799/103/69 797/104/69
f 797/104/69 795/52/69 793/53/69
f 793/53/69 791/105/69 789/106/69
f 789/106/69 787/56/69 785/57/69
f 785/57/69 783/58/69 781/39/69
f 781/39/69 778/41/69 813/98/69
f 813/98/69 809/45/69 805/100/69
f 805/100/69 801/102/69 797/104/69
f 797/104/69 793/53/69 789/106/69
f 789/106/69 785/57/69 781/39/69
f 781/39/69 813/98/69 805/100/69
f 805/100/69 797/104/69 789/106/69
f 805/100/69 789/106/69 781/39/69
f 814/38/70 813/37/70 815/59/70
f 814/38/70 815/59/70 816/60/70
f 816/60/71 815/59/71 778/61/71
f 816/60/71 778/61/71 777/62/71
f 816/63/72 777/64/72 780/65/72
f 780/65/72 782/66/72 784/67/72
f 784/67/72 786/68/72 788/69/72
f 788/69/72 790/107/72 792/108/72
f 792/108/72 794/72/72 796/73/72
f 796/73/72 798/109/72 800/75/72
f 800/75/72 802/76/72 804/110/72
f 804/110/72 806/111/72 808/79/72
f 808/79/72 810/80/72 812/81/72
f 812/81/72 814/82/72 816/63/72
f 816/63/72 780/65/72 784/67/72
f 784/67/72 788/69/72 792/108/72
f 792/108/72 796/73/72 800/75/72
f 800/75/72 804/110/72 808/79/72
f 808/79/72 812/81/72 816/63/72
f 816/63/72 784/67/72 792/108/72
f 792/108/72 800/75/72 808/79/72
f 792/108/72 808/79/72 816/63/72
f 817/1/51 818/2/51 819/3/51
f 817/1/51 819/3/51 820/4/51
f 820/4/52 819/3/52 821/5/52
f 820/4/52 821/5/52 822/6/52
f 822/6/53 821/5/53 823/7/53
f 822/6/53 823/7/53 824/8/53
f 824/8/54 823/7/54 825/9/54
f 824/8/54 825/9/54 826/10/54
f 826/10/55 825/9/55 827/11/55
f 826/10/55 827/11/55 828/12/55
f 828/12/56 827/11/56 829/13/56
f 828/12/56 829/13/56 830/14/56
f 830/14/57 829/13/57 831/15/57
f 830/14/57 831/15/57 832/16/57
f 832/16/58 831/15/58 833/17/58
f 832/16/58 833/17/58 834/18/58
f 834/18/59 833/17/59 835/19/59
f 834/18/59 835/19/59 836/20/59
f 836/20/60 835/19/60 837/21/60
f 836/20/60 837/21/60 838/22/60
f 838/22/61 837/21/61 839/23/61
f 838/22/61 839/23/61 840/24/61
f 840/24/62 839/23/62 841/25/62
f 840/24/62 841/25/62 842/26/62
f 842/26/63 841/25/63 843/27/63
f 842/26/63 843/27/63 844/28/63
f 844/28/64 843/27/64 845/29/64
f 844/28/64 845/29/64 846/30/64
f 846/30/65 845/29/65 847/31/65
f 846/30/65 847/31/65 848/32/65
f 848/32/66 847/31/66 849/33/66
f 848/32/66 849/33/66 850/34/66
f 850/34/67 849/33/67 851/35/67
f 850/34/67 851/35/67 852/36/67
f 852/36/68 851/35/68 853/37/68
f 852/36/68 853/37/68 854/38/68
f 821/39/69 819/40/69 818/41/69
f 818/41/69 855/97/69 853/98/69
f 853/98/69 851/44/69 849/45/69
f 849/45/69 847/99/69 845/100/69
f 845/100/69 843/101/69 841/102/69
f 841/102/69 839/103/69 837/104/69
f 837/104/69 835/52/69 833/53/69
f 833/53/69 831/105/69 829/106/69
f 829/106/69 827/56/69 825/57/69
f 825/57/69 823/58/69 821/39/69
f 821/39/69 818/41/69 853/98/69
f 853/98/69 849/45/69 845/100/69
f 845/100/69 841/102/69 837/104/69
f 837/104/69 833/53/69 829/106/69
f 829/106/69 825/57/69 821/39/69
f 821/39/69 853/98/69 845/100/69
f 845/100/69 837/104/69 829/106/69
f 845/100/69 829/106/69 821/39/69
f 854/38/70 853/37/70 855/59/70
f 854/38/70 855/59/70 856/60/70
f 856/60/71 855/59/71 818/61/71
f 856/60/71 818/61/71 817/62/71
f 856/63/72 817/64/72 820/65/72
f 820/65/72 822/66/72 824/67/72
f 824/67/72 826/68/72 828/69/72
f 828/69/72 830/107/72 832/108/72
f 832/108/72 834/72/72 836/73/72
f 836/73/72 838/109/72 840/75/72
f 840/75/72 842/76/72 844/110/72
f 844/110/72 846/111/72 848/79/72
f 848/79/72 850/80/72 852/81/72
f 852/81/72 854/82/72 856/63/72
f 856/63/72 820/65/72 824/67/72
f 824/67/72 828/69/72 832/108/72
f 832/108/72 836/73/72 840/75/72
f 840/75/72 844/110/72 848/79/72
f 848/79/72 852/81/72 856/63/72
f 856/63/72 824/67/72 832/108/72
f 832/108/72 840/75/72 848/79/72
f 832/108/72 848/79/72 856/63/72
f 857/1/51 858/2/51 859/3/51
f 857/1/51 859/3/51 860/4/51
f 860/4/52 859/3/52 861/5/52
f 860/4/52 861/5/52 862/6/52
f 862/6/53 861/5/53 863/7/53
f 862/6/53 863/7/53 864/8/53
f 864/8/54 863/7/54 865/9/54
f 864/8/54 865/9/54 866/10/54
f 866/10/55 865/9/55 867/11/55
f 866/10/55 867/11/55 868/12/55
f 868/12/56 867/11/56 869/13/56
f 868/12/56 869/13/56 870/14/56
f 870/14/57 869/13/57 871/15/57
f 870/14/57 871/15/57 872/16/57
f 872/16/58 871/15/58 873/17/58
f 872/16/58 873/17/58 874/18/58
f 874/18/59 873/17/59 875/19/59
f 874/18/59 875/19/59 876/20/59
f 876/20/60 875/19/60 877/21/60
f 876/20/60 877/21/60 878/22/60
f 878/22/61 877/21/61 879/23/61
f 878/22/61 879/23/61 880/24/61
f 880/24/62 879/23/62 881/25/62
f 880/24/62 881/25/62 882/26/62
f 882/26/63 881/25/63 883/27/63
f 882/26/63 883/27/63 884/28/63
f 884/28/64 883/27/64 885/29/64
f 884/28/64 885/29/64 886/30/64
f 886/30/65 885/29/65 887/31/65
f 886/30/65 887/31/65 888/32/65
f 888/32/66 887/31/66 889/33/66
f 888/32/66 889/33/66 890/34/66
f 890/34/67 889/33/67 891/35/67
f 890/34/67 891/35/67 892/36/67
f 892/36/68 891/35/68 893/37/68
f 892/36/68 893/37/68 894/38/68
f 861/39/69 859/40/69 858/41/69
f 858/41/69 895/97/69 893/98/69
f 893/98/69 891/44/69 889/45/69
f 889/45/69 887/99/69 885/100/69
f 885/100/69 883/101/69 881/102/69
f 881/102/69 879/103/69 877/104/69
f 877/104/69 875/52/69 873/53/69
f 873/53/69 871/105/69 869/106/69
f 869/106/69 867/56/69 865/57/69
f 865/57/69 863/58/69 861/39/69
f 861/39/69 858/41/69 893/98/69
f 893/98/69 889/45/69 885/100/69
f 885/100/69 881/102/69 877/104/69
f 877/104/69 873/53/69 869/106/69
f 869/106/69 865/57/69 861/39/69
f 861/39/69 893/98/69 885/100/69
f 885/100/69 877/104/69 869/106/69
f 885/100/69 869/106/69 861/39/69
f 894/38/70 893/37/70 895/59/70
f 894/38/70 895/59/70 896/60/70
f 896/60/71 895/59/71 858/61/71
f 896/60/71 858/61/71 857/62/71
f 896/63/72 857/64/72 860/65/72
f 860/65/72 862/66/72 864/67/72
f 864/67/72 866/68/72 868/69/72
f 868/69/72 870/107/72 872/108/72
f 872/108/72 874/72/72 876/73/72
f 876/73/72 878/109/72 880/75/72
f 880/75/72 882/76/72 884/110/72
f 884/110/72 886/111/72 888/79/72
f 888/79/72 890/80/72 892/81/72
f 892/81/72 894/82/72 896/63/72
f 896/63/72 860/65/72 864/67/72
f 864/67/72 868/69/72 872/108/72
f 872/108/72 876/73/72 880/75/72
f 880/75/72 884/110/72 888/79/72
f 888/79/72 892/81/72 896/63/72
f 896/63/72 864/67/72 872/108/72
f 872/108/72 880/75/72 888/79/72
f 872/108/72 888/79/72 896/63/72
f 897/1/51 898/2/51 899/3/51
f 897/1/51 899/3/51 900/4/51
f 900/4/52 899/3/52 901/5/52
f 900/4/52 901/5/52 902/6/52
f 902/6/53 901/5/53 903/7/53
f 902/6/53 903/7/53 904/8/53
f 904/8/54 903/7/54 905/9/54
f 904/8/54 905/9/54 906/10/54
f 906/10/55 905/9/55 907/11/55
f 906/10/55 907/11/55 908/12/55
f 908/12/56 907/11/56 909/13/56
f 908/12/56 909/13/56 910/14/56
f 910/14/57 909/13/57 911/15/57
f 910/14/57 911/15/57 912/16/57
f 912/16/58 911/15/58 913/17/58
f 912/16/58 913/17/58 914/18/58
f 914/18/59 913/17/59 915/19/59
f 914/18/59 915/19/59 916/20/59
f 916/20/60 915/19/60 917/21/60
f 916/20/60 917/21/60 918/22/60
f 918/22/61 917/21/61 919/23/61
f 918/22/61 919/23/61 920/24/61
f 920/24/62 919/23/62 921/25/62
f 920/24/62 921/25/62 922/26/62
f 922/26/63 921/25/63 923/27/63
f 922/26/63 923/27/63 924/28/63
f 924/28/64 923/27/64 925/29/64
f 924/28/64 925/29/64 926/30/64
f 926/30/65 925/29/65 927/31/65
f 926/30/65 927/31/65 928/32/65
f 928/32/66 927/31/66 929/33/66
f 928/32/66 929/33/66 930/34/66
f 930/34/67 929/33/67 931/35/67
f 930/34/67 931/35/67 932/36/67
f 932/36/68 931/35/68 933/37/68
f 932/36/68 933/37/68 934/38/68
f 901/39/69 899/40/69 898/41/69
f 898/41/69 935/97/69 933/98/69
f 933/98/69 931/44/69 929/45/69
f 929/45/69 927/99/69 925/100/69
f 925/100/69 923/101/69 921/102/69
f 921/102/69 919/103/69 917/104/69
f 917/104/69 915/52/69 913/53/69
f 913/53/69 911/105/69 909/106/69
f 909/106/69 907/56/69 905/57/69
f 905/57/69 903/58/69 901/39/69
f 901/39/69 898/41/69 933/98/69
f 933/98/69 929/45/69 925/100/69
f 925/100/69 921/102/69 917/104/69
f 917/104/69 913/53/69 909/106/69
f 909/106/69 905/57/69 901/39/69
f 901/39/69 933/98/69 925/100/69
f 925/100/69 917/104/69 909/106/69
f 925/100/69 909/106/69 901/39/69
f 934/38/70 933/37/70 935/59/70
f 934/38/70 935/59/70 936/60/70
f 936/60/71 935/59/71 898/61/71
f 936/60/71 898/61/71 897/62/71
f 936/63/72 897/64/72 900/65/72
f 900/65/72 902/66/72 904/67/72
f 904/67/72 906/68/72 908/69/72
f 908/69/72 910/107/72 912/108/72
f 912/108/72 914/72/72 916/73/72
f 916/73/72 918/109/72 920/75/72
f 920/75/72 922/76/72 924/110/72
f 924/110/72 926/111/72 928/79/72
f 928/79/72 930/80/72 932/81/72
f 932/81/72 934/82/72 936/63/72
f 936/63/72 900/65/72 904/67/72
f 904/67/72 908/69/72 912/108/72
f 912/108/72 916/73/72 920/75/72
f 920/75/72 924/110/72 928/79/72
f 928/79/72 932/81/72 936/63/72
f 936/63/72 904/67/72 912/108/72
f 912/108/72 920/75/72 928/79/72
f 912/108/72 928/79/72 936/63/72
f 937/83/45 938/84/45 939/85/45
f 937/83/45 939/85/45 940/86/45
f 940/86/46 939/85/46 941/87/46
f 940/86/46 941/87/46 942/88/46
f 942/88/47 941/87/47 943/89/47
f 942/88/47 943/89/47 944/90/47
f 944/90/48 943/89/48 938/91/48
f 944/90/48 938/91/48 937/92/48
f 940/93/49 942/88/49 944/90/49
f 940/93/49 944/90/49 937/94/49
f 941/87/50 939/95/50 938/96/50
f 941/87/50 938/96/50 943/89/50
f 945/83/45 946/84/45 947/85/45
f 945/83/45 947/85/45 948/86/45
f 948/86/46 947/85/46 949/87/46
f 948/86/46 949/87/46 950/88/46
f 950/88/47 949/87/47 951/89/47
f 950/88/47 951/89/47 952/90/47
f 952/90/48 951/89/48 946/91/48
f 952/90/48 946/91/48 945/92/48
f 948/93/49 950/88/49 952/90/49
f 948/93/49 952/90/49 945/94/49
f 949/87/50 947/95/50 946/96/50
f 949/87/50 946/96/50 951/89/50
f 953/1/51 954/2/51 955/3/51
f 953/1/51 955/3/51 956/4/51
f 956/4/52 955/3/52 957/5/52
f 956/4/52 957/5/52 958/6/52
f 958/6/53 957/5/53 959/7/53
f 958/6/53 959/7/53 960/8/53
f 960/8/54 959/7/54 961/9/54
f 960/8/54 961/9/54 962/10/54
f 962/10/55 961/9/55 963/11/55
f 962/10/55 963/11/55 964/12/55
f 964/12/56 963/11/56 965/13/56
f 964/12/56 965/13/56 966/14/56
f 966/14/57 965/13/57 967/15/57
f 966/14/57 967/15/57 968/16/57
f 968/16/58 967/15/58 969/17/58
f 968/16/58 969/17/58 970/18/58
f 970/18/59 969/17/59 971/19/59
f 970/18/59 971/19/59 972/20/59
f 972/20/60 971/19/60 973/21/60
f 972/20/60 973/21/60 974/22/60
f 974/22/61 973/21/61 975/23/61
f 974/22/61 975/23/61 976/24/61
f 976/24/62 975/23/62 977/25/62
f 976/24/62 977/25/62 978/26/62
f 978/26/63 977/25/63 979/27/63
f 978/26/63 979/27/63 980/28/63
f 980/28/64 979/27/64 981/29/64
f 980/28/64 981/29/64 982/30/64
f 982/30/65 981/29/65 983/31/65
f 982/30/65 983/31/65 984/32/65
f 984/32/66 983/31/66 985/33/66
f 984/32/66 985/33/66 986/34/66
f 986/34/67 985/33/67 987/35/67
f 986/34/67 987/35/67 988/36/67
f 988/36/68 987/35/68 989/37/68
f 988/36/68 989/37/68 990/38/68
f 957/39/69 955/40/69 954/41/69
f 954/41/69 991/97/69 989/98/69
f 989/98/69 987/44/69 985/45/69
f 985/45/69 983/99/69 981/100/69
f 981/100/69 979/101/69 977/102/69
f 977/102/69 975/103/69 973/104/69
f 973/104/69 971/52/69 969/53/69
f 969/53/69 967/105/69 965/106/69
f 965/106/69 963/56/69 961/57/69
f 961/57/69 959/58/69 957/39/69
f 957/39/69 954/41/69 989/98/69
f 989/98/69 985/45/69 981/100/69
f 981/100/69 977/102/69 973/104/69
f 973/104/69 969/53/69 965/106/69
f 965/106/69 961/57/69 957/39/69
f 957/39/69 989/98/69 981/100/69
f 981/100/69 973/104/69 965/106/69
f 981/100/69 965/106/69 957/39/69
f 990/38/70 989/37/70 991/59/70
f 990/38/70 991/59/70 992/60/70
f 992/60/71 991/59/71 954/61/71
f 992/60/71 954/61/71 953/62/71
f 992/63/72 953/64/72 956/65/72
f 956/65/72 958/66/72 960/67/72
f 960/67/72 962/68/72 964/69/72
f 964/69/72 966/107/72 968/108/72
f 968/108/72 970/72/72 972/73/72
f 972/73/72 974/109/72 976/75/72
f 976/75/72 978/76/72 980/110/72
f 980/110/72 982/111/72 984/79/72
f 984/79/72 986/80/72 988/81/72
f 988/81/72 990/82/72 992/63/72
f 992/63/72 956/65/72 960/67/72
f 960/67/72 964/69/72 968/108/72
f 968/108/72 972/73/72 976/75/72
f 976/75/72 980/110/72 984/79/72
f 984/79/72 988/81/72 992/63/72
f 992/63/72 960/67/72 968/108/72
f 968/108/72 976/75/72 984/79/72
f 968/108/72 984/79/72 992/63/72
f 993/1/51 994/2/51 995/3/51
f 993/1/51 995/3/51 996/4/51
f 996/4/52 995/3/52 997/5/52
f 996/4/52 997/5/52 998/6/52
f 998/6/53 997/5/53 999/7/53
f 998/6/53 999/7/53 1000/8/53
f 1000/8/54 999/7/54 1001/9/54
f 1000/8/54 1001/9/54 1002/10/54
f 1002/10/55 1001/9/55 1003/11/55
f 1002/10/55 1003/11/55 1004/12/55
f 1004/12/56 1003/11/56 1005/13/56
f 1004/12/56 1005/13/56 1006/14/56
f 1006/14/57 1005/13/57 1007/15/57
f 1006/14/57 1007/15/57 1008/16/57
f 1008/16/58 1007/15/58 1009/17/58
f 1008/16/58 1009/17/58 1010/18/58
f 1010/18/59 1009/17/59 1011/19/59
f 1010/18/59 1011/19/59 1012/20/59
f 1012/20/60 1011/19/60 1013/21/60
f 1012/20/60 1013/21/60 1014/22/60
f 1014/22/61 1013/21/61 1015/23/61
f 1014/22/61 1015/23/61 1016/24/61
f 1016/24/62 1015/23/62 1017/25/62
f 1016/24/62 1017/25/62 1018/26/62
f 1018/26/63 1017/25/63 1019/27/63
f 1018/26/63 1019/27/63 1020/28/63
f 1020/28/64 1019/27/64 1021/29/64
f 1020/28/64 1021/29/64 1022/30/64
f 1022/30/65 1021/29/65 1023/31/65
f 1022/30/65 1023/31/65 1024/32/65
f 1024/32/66 1023/31/66 1025/33/66
f 1024/32/66 1025/33/66 1026/34/66
f 1026/34/67 1025/33/67 1027/35/67
f 1026/34/67 1027/35/67 1028/36/67
f 1028/36/68 1027/35/68 1029/37/68
f 1028/36/68 1029/37/68 1030/38/68
f 997/39/69 995/40/69 994/41/69
f 994/41/69 1031/97/69 1029/98/69
f 1029/98/69 1027/44/69 1025/45/69
f 1025/45/69 1023/99/69 1021/100/69
f 1021/100/69 1019/101/69 1017/102/69
f 1017/102/69 1015/103/69 1013/104/69
f 1013/104/69 1011/52/69 1009/53/69
f 1009/53/69 1007/105/69 1005/106/69
f 1005/106/69 1003/56/69 1001/57/69
f 1001/57/69 999/58/69 997/39/69
f 997/39/69 994/41/69 1029/98/69
f 1029/98/69 1025/45/69 1021/100/69
f 1021/100/69 1017/102/69 1013/104/69
f 1013/104/69 1009/53/69 1005/106/69
f 1005/106/69 1001/57/69 997/39/69
f 997/39/69 1029/98/69 1021/100/69
f 1021/100/69 1013/104/69 1005/106/69
f 1021/100/69 1005/106/69 997/39/69
f 1030/38/70 1029/37/70 1031/59/70
f 1030/38/70 1031/59/70 1032/60/70
f 1032/60/71 1031/59/71 994/61/71
f 1032/60/71 994/61/71 993/62/71
f 1032/63/72 993/64/72 996/65/72
f 996/65/72 998/66/72 1000/67/72
f 1000/67/72 1002/68/72 1004/69/72
f 1004/69/72 1006/107/72 1008/108/72
f 1008/108/72 1010/72/72 1012/73/72
f 1012/73/72 1014/109/72 1016/75/72
f 1016/75/72 1018/76/72 1020/110/72
f 1020/110/72 1022/111/72 1024/79/72
f 1024/79/72 1026/80/72 1028/81/72
f 1028/81/72 1030/82/72 1032/63/72
f 1032/63/72 996/65/72 1000/67/72
f 1000/67/72 1004/69/72 1008/108/72
f 1008/108/72 1012/73/72 1016/75/72
f 1016/75/72 1020/110/72 1024/79/72
f 1024/79/72 1028/81/72 1032/63/72
f 1032/63/72 1000/67/72 1008/108/72
f 1008/108/72 1016/75/72 1024/79/72
f 1008/108/72 1024/79/72 1032/63/72
f 1033/1/51 1034/2/51 1035/3/51
f 1033/1/51 1035/3/51 1036/4/51
f 1036/4/52 1035/3/52 1037/5/52
f 1036/4/52 1037/5/52 1038/6/52
f 1038/6/53 1037/5/53 1039/7/53
f 1038/6/53 1039/7/53 1040/8/53
f 1040/8/54 1039/7/54 1041/9/54
f 1040/8/54 1041/9/54 1042/10/54
f 1042/10/55 1041/9/55 1043/11/55
f 1042/10/55 1043/11/55 1044/12/55
f 1044/12/56 1043/11/56 1045/13/56
f 1044/12/56 1045/13/56 1046/14/56
f 1046/14/57 1045/13/57 1047/15/57
f 1046/14/57 1047/15/57 1048/16/57
f 1048/16/58 1047/15/58 1049/17/58
f 1048/16/58 1049/17/58 1050/18/58
f 1050/18/59 1049/17/59 1051/19/59
f 1050/18/59 1051/19/59 1052/20/59
f 1052/20/60 1051/19/60 1053/21/60
f 1052/20/60 1053/21/60 1054/22/60
f 1054/22/61 1053/21/61 1055/23/61
f 1054/22/61 1055/23/61 1056/24/61
f 1056/24/62 1055/23/62 1057/25/62
f 1056/24/62 1057/25/62 1058/26/62
f 1058/26/63 1057/25/63 1059/27/63
f 1058/26/63 1059/27/63 1060/28/63
f 1060/28/64 1059/27/64 1061/29/64
f 1060/28/64 1061/29/64 1062/30/64
f 1062/30/65 1061/29/65 1063/31/65
f 1062/30/65 1063/31/65 1064/32/65
f 1064/32/66 1063/31/66 1065/33/66
f 1064/32/66 1065/33/66 1066/34/66
f 1066/34/67 1065/33/67 1067/35/67
f 1066/34/67 1067/35/67 1068/36/67
f 1068/36/68 1067/35/68 1069/37/68
f 1068/36/68 1069/37/68 1070/38/68
f 1037/39/69 1035/40/69 1034/41/69
f 1034/41/69 1071/97/69 1069/98/69
f 1069/98/69 1067/44/69 1065/45/69
f 1065/45/69 1063/99/69 1061/100/69
f 1061/100/69 1059/101/69 1057/102/69
f 1057/102/69 1055/103/69 1053/104/69
f 1053/104/69 1051/52/69 1049/53/69
f 1049/53/69 1047/105/69 1045/106/69
f 1045/106/69 1043/56/69 1041/57/69
f 1041/57/69 1039/58/69 1037/39/69
f 1037/39/69 1034/41/69 1069/98/69
f 1069/98/69 1065/45/69 1061/100/69
f 1061/100/69 1057/102/69 1053/104/69
f 1053/104/69 1049/53/69 1045/106/69
f 1045/106/69 1041/57/69 1037/39/69
f 1037/39/69 1069/98/69 1061/100/69
f 1061/100/69 1053/104/69 1045/106/69
f 1061/100/69 1045/106/69 1037/39/69
f 1070/38/70 1069/37/70 1071/59/70
f 1070/38/70 1071/59/70 1072/60/70
f 1072/60/71 1071/59/71 1034/61/71
f 1072/60/71 1034/61/71 1033/62/71
f 1072/63/72 1033/64/72 1036/65/72
f 1036/65/72 1038/66/72 1040/67/72
f 1040/67/72 1042/68/72 1044/69/72
f 1044/69/72 1046/107/72 1048/108/72
f 1048/108/72 1050/72/72 1052/73/72
f 1052/73/72 1054/109/72 1056/75/72
f 1056/75/72 1058/76/72 1060/110/72
f 1060/110/72 1062/111/72 1064/79/72
f 1064/79/72 1066/80/72 1068/81/72
f 1068/81/72 1070/82/72 1072/63/72
f 1072/63/72 1036/65/72 1040/67/72
f 1040/67/72 1044/69/72 1048/108/72
f 1048/108/72 1052/73/72 1056/75/72
f 1056/75/72 1060/110/72 1064/79/72
f 1064/79/72 1068/81/72 1072/63/72
f 1072/63/72 1040/67/72 1048/108/72
f 1048/108/72 1056/75/72 1064/79/72
f 1048/108/72 1064/79/72 1072/63/72
f 1073/1/51 1074/2/51 1075/3/51
f 1073/1/51 1075/3/51 1076/4/51
f 1076/4/52 1075/3/52 1077/5/52
f 1076/4/52 1077/5/52 1078/6/52
f 1078/6/53 1077/5/53 1079/7/53
f 1078/6/53 1079/7/53 1080/8/53
f 1080/8/54 1079/7/54 1081/9/54
f 1080/8/54 1081/9/54 1082/10/54
f 1082/10/55 1081/9/55 1083/11/55
f 1082/10/55 1083/11/55 1084/12/55
f 1084/12/56 1083/11/56 1085/13/56
f 1084/12/56 1085/13/56 1086/14/56
f 1086/14/57 1085/13/57 1087/15/57
f 1086/14/57 1087/15/57 1088/16/57
f 1088/16/58 1087/15/58 1089/17/58
f 1088/16/58 1089/17/58 1090/18/58
f 1090/18/59 1089/17/59 1091/19/59
f 1090/18/59 1091/19/59 1092/20/59
f 1092/20/60 1091/19/60 1093/21/60
f 1092/20/60 1093/21/60 1094/22/60
f 1094/22/61 1093/21/61 1095/23/61
f 1094/22/61 1095/23/61 1096/24/61
f 1096/24/62 1095/23/62 1097/25/62
f 1096/24/62 1097/25/62 1098/26/62
f 1098/26/63 1097/25/63 1099/27/63
f 1098/26/63 1099/27/63 1100/28/63
f 1100/28/64 1099/27/64 1101/29/64
f 1100/28/64 1101/29/64 1102/30/64
f 1102/30/65 1101/29/65 1103/31/65
f 1102/30/65 1103/31/65 1104/32/65
f 1104/32/66 1103/31/66 1105/33/66
f 1104/32/66 1105/33/66 1106/34/66
f 1106/34/67 1105/33/67 1107/35/67
f 1106/34/67 1107/35/67 1108/36/67
f 1108/36/68 1107/35/68 1109/37/68
f 1108/36/68 1109/37/68 1110/38/68
f 1077/39/69 1075/40/69 1074/41/69
f 1074/41/69 1111/97/69 1109/98/69
f 1109/98/69 1107/44/69 1105/45/69
f 1105/45/69 1103/99/69 1101/100/69
f 1101/100/69 1099/101/69 1097/102/69
f 1097/102/69 1095/103/69 1093/104/69
f 1093/104/69 1091/52/69 1089/53/69
f 1089/53/69 1087/105/69 1085/106/69
f 1085/106/69 1083/56/69 1081/57/69
f 1081/57/69 1079/58/69 1077/39/69
f 1077/39/69 1074/41/69 1109/98/69
f 1109/98/69 1105/45/69 1101/100/69
f 1101/100/69 1097/102/69 1093/104/69
f 1093/104/69 1089/53/69 1085/106/69
f 1085/106/69 1081/57/69 1077/39/69
f 1077/39/69 1109/98/69 1101/100/69
f 1101/100/69 1093/104/69 1085/106/69
f 1101/100/69 1085/106/69 1077/39/69
f 1110/38/70 1109/37/70 1111/59/70
f 1110/38/70 1111/59/70 1112/60/70
f 1112/60/71 1111/59/71 1074/61/71
f 1112/60/71 1074/61/71 1073/62/71
f 1112/63/72 1073/64/72 1076/65/72
f 1076/65/72 1078/66/72 1080/67/72
f 1080/67/72 1082/68/72 1084/69/72
f 1084/69/72 1086/107/72 1088/108/72
f 1088/108/72 1090/72/72 1092/73/72
f 1092/73/72 1094/109/72 1096/75/72
f 1096/75/72 1098/76/72 1100/110/72
f 1100/110/72 1102/111/72 1104/79/72
f 1104/79/72 1106/80/72 1108/81/72
f 1108/81/72 1110/82/72 1112/63/72
f 1112/63/72 1076/65/72 1080/67/72
f 1080/67/72 1084/69/72 1088/108/72
f 1088/108/72 1092/73/72 1096/75/72
f 1096/75/72 1100/110/72 1104/79/72
f 1104/79/72 1108/81/72 1112/63/72
f 1112/63/72 1080/67/72 1088/108/72
f 1088/108/72 1096/75/72 1104/79/72
f 1088/108/72 1104/79/72 1112/63/72
f 1113/1/51 1114/2/51 1115/3/51
f 1113/1/51 1115/3/51 1116/4/51
f 1116/4/52 1115/3/52 1117/5/52
f 1116/4/52 1117/5/52 1118/6/52
f 1118/6/53 1117/5/53 1119/7/53
f 1118/6/53 1119/7/53 1120/8/53
f 1120/8/54 1119/7/54 1121/9/54
f 1120/8/54 1121/9/54 1122/10/54
f 1122/10/55 1121/9/55 1123/11/55
f 1122/10/55 1123/11/55 1124/12/55
f 1124/12/56 1123/11/56 1125/13/56
f 1124/12/56 1125/13/56 1126/14/56
f 1126/14/57 1125/13/57 1127/15/57
f 1126/14/57 1127/15/57 1128/16/57
f 1128/16/58 1127/15/58 1129/17/58
f 1128/16/58 1129/17/58 1130/18/58
f 1130/18/59 1129/17/59 1131/19/59
f 1130/18/59 1131/19/59 1132/20/59
f 1132/20/60 1131/19/60 1133/21/60
f 1132/20/60 1133/21/60 1134/22/60
f 1134/22/61 1133/21/61 1135/23/61
f 1134/22/61 1135/23/61 1136/24/61
f 1136/24/62 1135/23/62 1137/25/62
f 1136/24/62 1137/25/62 1138/26/62
f 1138/26/63 1137/25/63 1139/27/63
f 1138/26/63 1139/27/63 1140/28/63
f 1140/28/64 1139/27/64 1141/29/64
f 1140/28/64 1141/29/64 1142/30/64
f 1142/30/65 1141/29/65 1143/31/65
f 1142/30/65 1143/31/65 1144/32/65
f 1144/32/66 1143/31/66 1145/33/66
f 1144/32/66 1145/33/66 1146/34/66
f 1146/34/67 1145/33/67 1147/35/67
f 1146/34/67 1147/35/67 1148/36/67
f 1148/36/68 1147/35/68 1149/37/68
f 1148/36/68 1149/37/68 1150/38/68
f 1117/39/69 1115/40/69 1114/41/69
f 1114/41/69 1151/97/69 1149/98/69
f 1149/98/69 1147/44/69 1145/45/69
f 1145/45/69 1143/99/69 1141/100/69
f 1141/100/69 1139/101/69 1137/102/69
f 1137/102/69 1135/103/69 1133/104/69
f 1133/104/69 1131/52/69 1129/53/69
f 1129/53/69 1127/105/69 1125/106/69
f 1125/106/69 1123/56/69 1121/57/69
f 1121/57/69 1119/58/69 1117/39/69
f 1117/39/69 1114/41/69 1149/98/69
f 1149/98/69 1145/45/69 1141/100/69
f 1141/100/69 1137/102/69 1133/104/69
f 1133/104/69 1129/53/69 1125/106/69
f 1125/106/69 1121/57/69 1117/39/69
f 1117/39/69 1149/98/69 1141/100/69
f 1141/100/69 1133/104/69 1125/106/69
f 1141/100/69 1125/106/69 1117/39/69
f 1150/38/70 1149/37/70 1151/59/70
f 1150/38/70 1151/59/70 1152/60/70
f 1152/60/71 1151/59/71 1114/61/71
f 1152/60/71 1114/61/71 1113/62/71
f 1152/63/72 1113/64/72 1116/65/72
f 1116/65/72 1118/66/72 1120/67/72
f 1120/67/72 1122/68/72 1124/69/72
f 1124/69/72 1126/107/72 1128/108/72
f 1128/108/72 1130/72/72 1132/73/72
f 1132/73/72 1134/109/72 1136/75/72
f 1136/75/72 1138/76/72 1140/110/72
f 1140/110/72 1142/111/72 1144/79/72
f 1144/79/72 1146/80/72 1148/81/72
f 1148/81/72 1150/82/72 1152/63/72
f 1152/63/72 1116/65/72 1120/67/72
f 1120/67/72 1124/69/72 1128/108/72
f 1128/108/72 1132/73/72 1136/75/72
f 1136/75/72 1140/110/72 1144/79/72
f 1144/79/72 1148/81/72 1152/63/72
f 1152/63/72 1120/67/72 1128/108/72
f 1128/108/72 1136/75/72 1144/79/72
f 1128/108/72 1144/79/72 1152/63/72
f 1153/83/45 1154/84/45 1155/85/45
f 1153/83/45 1155/85/45 1156/86/45
f 1156/86/46 1155/85/46 1157/87/46
f 1156/86/46 1157/87/46 1158/88/46
f 1158/88/47 1157/87/47 1159/89/47
f 1158/88/47 1159/89/47 1160/90/47
f 1160/90/48 1159/89/48 1154/91/48
f 1160/90/48 1154/91/48 1153/92/48
f 1156/93/49 1158/88/49 1160/90/49
f 1156/93/49 1160/90/49 1153/94/49
f 1157/87/50 1155/95/50 1154/96/50
f 1157/87/50 1154/96/50 1159/89/50
f 1161/83/45 1162/84/45 1163/85/45
f 1161/83/45 1163/85/45 1164/86/45
f 1164/86/46 1163/85/46 1165/87/46
f 1164/86/46 1165/87/46 1166/88/46
f 1166/88/47 1165/87/47 1167/89/47
f 1166/88/47 1167/89/47 1168/90/47
f 1168/90/48 1167/89/48 1162/91/48
f 1168/90/48 1162/91/48 1161/92/48
f 1164/93/49 1166/88/49 1168/90/49
f 1164/93/49 1168/90/49 1161/94/49
f 1165/87/50 1163/95/50 1162/96/50
f 1165/87/50 1162/96/50 1167/89/50
f 1169/1/51 1170/2/51 1171/3/51
f 1169/1/51 1171/3/51 1172/4/51
f 1172/4/52 1171/3/52 1173/5/52
f 1172/4/52 1173/5/52 1174/6/52
f 1174/6/53 1173/5/53 1175/7/53
f 1174/6/53 1175/7/53 1176/8/53
f 1176/8/54 1175/7/54 1177/9/54
f 1176/8/54 1177/9/54 1178/10/54
f 1178/10/55 1177/9/55 1179/11/55
f 1178/10/55 1179/11/55 1180/12/55
f 1180/12/56 1179/11/56 1181/13/56
f 1180/12/56 1181/13/56 1182/14/56
f 1182/14/57 1181/13/57 1183/15/57
f 1182/14/57 1183/15/57 1184/16/57
f 1184/16/58 1183/15/58 1185/17/58
f 1184/16/58 1185/17/58 1186/18/58
f 1186/18/59 1185/17/59 1187/19/59
f 1186/18/59 1187/19/59 1188/20/59
f 1188/20/60 1187/19/60 1189/21/60
f 1188/20/60 1189/21/60 1190/22/60
f 1190/22/61 1189/21/61 1191/23/61
f 1190/22/61 1191/23/61 1192/24/61
f 1192/24/62 1191/23/62 1193/25/62
f 1192/24/62 1193/25/62 1194/26/62
f 1194/26/63 1193/25/63 1195/27/63
f 1194/26/63 1195/27/63 1196/28/63
f 1196/28/64 1195/27/64 1197/29/64
f 1196/28/64 1197/29/64 1198/30/64
f 1198/30/65 1197/29/65 1199/31/65
f 1198/30/65 1199/31/65 1200/32/65
f 1200/32/66 1199/31/66 1201/33/66
f 1200/32/66 1201/33/66 1202/34/66
f 1202/34/67 1201/33/67 1203/35/67
f 1202/34/67 1203/35/67 1204/36/67
f 1204/36/68 1203/35/68 1205/37/68
f 1204/36/68 1205/37/68 1206/38/68
f 1173/39/69 1171/40/69 1170/41/69
f 1170/41/69 1207/97/69 1205/98/69
f 1205/98/69 1203/44/69 1201/45/69
f 1201/45/69 1199/99/69 1197/100/69
f 1197/100/69 1195/101/69 1193/102/69
f 1193/102/69 1191/103/69 1189/104/69
f 1189/104/69 1187/52/69 1185/53/69
f 1185/53/69 1183/105/69 1181/106/69
f 1181/106/69 1179/56/69 1177/57/69
f 1177/57/69 1175/58/69 1173/39/69
f 1173/39/69 1170/41/69 1205/98/69
f 1205/98/69 1201/45/69 1197/100/69
f 1197/100/69 1193/102/69 1189/104/69
f 1189/104/69 1185/53/69 1181/106/69
f 1181/106/69 1177/57/69 1173/39/69
f 1173/39/69 1205/98/69 1197/100/69
f 1197/100/69 1189/104/69 1181/106/69
f 1197/100/69 1181/106/69 1173/39/69
f 1206/38/70 1205/37/70 1207/59/70
f 1206/38/70 1207/59/70 1208/60/70
f 1208/60/71 1207/59/71 1170/61/71
f 1208/60/71 1170/61/71 1169/62/71
f 1208/63/72 1169/64/72 1172/65/72
f 1172/65/72 1174/66/72 1176/67/72
f 1176/67/72 1178/68/72 1180/69/72
f 1180/69/72 1182/107/72 1184/108/72
f 1184/108/72 1186/72/72 1188/73/72
f 1188/73/72 1190/109/72 1192/75/72
f 1192/75/72 1194/76/72 1196/110/72
f 1196/110/72 1198/111/72 1200/79/72
f 1200/79/72 1202/80/72 1204/81/72
f 1204/81/72 1206/82/72 1208/63/72
f 1208/63/72 1172/65/72 1176/67/72
f 1176/67/72 1180/69/72 1184/108/72
f 1184/108/72 1188/73/72 1192/75/72
f 1192/75/72 1196/110/72 1200/79/72
f 1200/79/72 1204/81/72 1208/63/72
f 1208/63/72 1176/67/72 1184/108/72
f 1184/108/72 1192/75/72 1200/79/72
f 1184/108/72 1200/79/72 1208/63/72
f 1209/1/51 1210/2/51 1211/3/51
f 1209/1/51 1211/3/51 1212/4/51
f 1212/4/52 1211/3/52 1213/5/52
f 1212/4/52 1213/5/52 1214/6/52
f 1214/6/53 1213/5/53 1215/7/53
f 1214/6/53 1215/7/53 1216/8/53
f 1216/8/54 1215/7/54 1217/9/54
f 1216/8/54 1217/9/54 1218/10/54
f 1218/10/55 1217/9/55 1219/11/55
f 1218/10/55 1219/11/55 1220/12/55
f 1220/12/56 1219/11/56 1221/13/56
f 1220/12/56 1221/13/56 1222/14/56
f 1222/14/57 1221/13/57 1223/15/57
f 1222/14/57 1223/15/57 1224/16/57
f 1224/16/58 1223/15/58 1225/17/58
f 1224/16/58 1225/17/58 1226/18/58
f 1226/18/59 1225/17/59 1227/19/59
f 1226/18/59 1227/19/59 1228/20/59
f 1228/20/60 1227/19/60 1229/21/60
f 1228/20/60 1229/21/60 1230/22/60
f 1230/22/61 1229/21/61 1231/23/61
f 1230/22/61 1231/23/61 1232/24/61
f 1232/24/62 1231/23/62 1233/25/62
f 1232/24/62 1233/25/62 1234/26/62
f 1234/26/63 1233/25/63 1235/27/63
f 1234/26/63 1235/27/63 1236/28/63
f 1236/28/64 1235/27/64 1237/29/64
f 1236/28/64 1237/29/64 1238/30/64
f 1238/30/65 1237/29/65 1239/31/65
f 1238/30/65 1239/31/65 1240/32/65
f 1240/32/66 1239/31/66 1241/33/66
f 1240/32/66 1241/33/66 1242/34/66
f 1242/34/67 1241/33/67 1243/35/67
f 1242/34/67 1243/35/67 1244/36/67
f 1244/36/68 1243/35/68 1245/37/68
f 1244/36/68 1245/37/68 1246/38/68
f 1213/39/69 1211/40/69 1210/41/69
f 1210/41/69 1247/97/69 1245/98/69
f 1245/98/69 1243/44/69 1241/45/69
f 1241/45/69 1239/99/69 1237/100/69
f 1237/100/69 1235/101/69 1233/102/69
f 1233/102/69 1231/103/69 1229/104/69
f 1229/104/69 1227/52/69 1225/53/69
f 1225/53/69 1223/105/69 1221/106/69
f 1221/106/69 1219/56/69 1217/57/69
f 1217/57/69 1215/58/69 1213/39/69
f 1213/39/69 1210/41/69 1245/98/69
f 1245/98/69 1241/45/69 1237/100/69
f 1237/100/69 1233/102/69 1229/104/69
f 1229/104/69 1225/53/69 1221/106/69
f 1221/106/69 1217/57/69 1213/39/69
f 1213/39/69 1245/98/69 1237/100/69
f 1237/100/69 1229/104/69 1221/106/69
f 1237/100/69 1221/106/69 1213/39/69
f 1246/38/70 1245/37/70 1247/59/70
f 1246/38/70 1247/59/70 1248/60/70
f 1248/60/71 1247/59/71 1210/61/71
f 1248/60/71 1210/61/71 1209/62/71
f 1248/63/72 1209/64/72 1212/65/72
f 1212/65/72 1214/66/72 1216/67/72
f 1216/67/72 1218/68/72 1220/69/72
f 1220/69/72 1222/107/72 1224/108/72
f 1224/108/72 1226/72/72 1228/73/72
f 1228/73/72 1230/109/72 1232/75/72
f 1232/75/72 1234/76/72 1236/110/72
f 1236/110/72 1238/111/72 1240/79/72
f 1240/79/72 1242/80/72 1244/81/72
f 1244/81/72 1246/82/72 1248/63/72
f 1248/63/72 1212/65/72 1216/67/72
f 1216/67/72 1220/69/72 1224/108/72
f 1224/108/72 1228/73/72 1232/75/72
f 1232/75/72 1236/110/72 1240/79/72
f 1240/79/72 1244/81/72 1248/63/72
f 1248/63/72 1216/67/72 1224/108/72
f 1224/108/72 1232/75/72 1240/79/72
f 1224/108/72 1240/79/72 1248/63/72
f 1249/1/51 1250/2/51 1251/3/51
f 1249/1/51 1251/3/51 1252/4/51
f 1252/4/52 1251/3/52 1253/5/52
f 1252/4/52 1253/5/52 1254/6/52
f 1254/6/53 1253/5/53 1255/7/53
f 1254/6/53 1255/7/53 1256/8/53
f 1256/8/54 1255/7/54 1257/9/54
f 1256/8/54 1257/9/54 1258/10/54
f 1258/10/55 1257/9/55 1259/11/55
f 1258/10/55 1259/11/55 1260/12/55
f 1260/12/56 1259/11/56 1261/13/56
f 1260/12/56 1261/13/56 1262/14/56
f 1262/14/57 1261/13/57 1263/15/57
f 1262/14/57 1263/15/57 1264/16/57
f 1264/16/58 1263/15/58 1265/17/58
f 1264/16/58 1265/17/58 1266/18/58
f 1266/18/59 1265/17/59 1267/19/59
f 1266/18/59 1267/19/59 1268/20/59
f 1268/20/60 1267/19/60 1269/21/60
f 1268/20/60 1269/21/60 1270/22/60
f 1270/22/61 1269/21/61 1271/23/61
f 1270/22/61 1271/23/61 1272/24/61
f 1272/24/62 1271/23/62 1273/25/62
f 1272/24/62 1273/25/62 1274/26/62
f 1274/26/63 1273/25/63 1275/27/63
f 1274/26/63 1275/27/63 1276/28/63
f 1276/28/64 1275/27/64 1277/29/64
f 1276/28/64 1277/29/64 1278/30/64
f 1278/30/65 1277/29/65 1279/31/65
f 1278/30/65 1279/31/65 1280/32/65
f 1280/32/66 1279/31/66 1281/33/66
f 1280/32/66 1281/33/66 1282/34/66
f 1282/34/67 1281/33/67 1283/35/67
f 1282/34/67 1283/35/67 1284/36/67
f 1284/36/68 1283/35/68 1285/37/68
f 1284/36/68 1285/37/68 1286/38/68
f 1253/39/69 1251/40/69 1250/41/69
f 1250/41/69 1287/97/69 1285/98/69
f 1285/98/69 1283/44/69 1281/45/69
f 1281/45/69 1279/99/69 1277/100/69
f 1277/100/69 1275/101/69 1273/102/69
f 1273/102/69 1271/103/69 1269/104/69
f 1269/104/69 1267/52/69 1265/53/69
f 1265/53/69 1263/105/69 1261/106/69
f 1261/106/69 1259/56/69 1257/57/69
f 1257/57/69 1255/58/69 1253/39/69
f 1253/39/69 1250/41/69 1285/98/69
f 1285/98/69 1281/45/69 1277/100/69
f 1277/100/69 1273/102/69 1269/104/69
f 1269/104/69 1265/53/69 1261/106/69
f 1261/106/69 1257/57/69 1253/39/69
f 1253/39/69 1285/98/69 1277/100/69
f 1277/100/69 1269/104/69 1261/106/69
f 1277/100/69 1261/106/69 1253/39/69
f 1286/38/70 1285/37/70 1287/59/70
f 1286/38/70 1287/59/70 1288/60/70
f 1288/60/71 1287/59/71 1250/61/71
f 1288/60/71 1250/61/71 1249/62/71
f 1288/63/72 1249/64/72 1252/65/72
f 1252/65/72 1254/66/72 1256/67/72
f 1256/67/72 1258/68/72 1260/69/72
f 1260/69/72 1262/107/72 1264/108/72
f 1264/108/72 1266/72/72 1268/73/72
f 1268/73/72 1270/109/72 1272/75/72
f 1272/75/72 1274/76/72 1276/110/72
f 1276/110/72 1278/111/72 1280/79/72
f 1280/79/72 1282/80/72 1284/81/72
f 1284/81/72 1286/82/72 1288/63/72
f 1288/63/72 1252/65/72 1256/67/72
f 1256/67/72 1260/69/72 1264/108/72
f 1264/108/72 1268/73/72 1272/75/72
f 1272/75/72 1276/110/72 1280/79/72
f 1280/79/72 1284/81/72 1288/63/72
f 1288/63/72 1256/67/72 1264/108/72
f 1264/108/72 1272/75/72 1280/79/72
f 1264/108/72 1280/79/72 1288/63/72
f 1289/1/51 1290/2/51 1291/3/51
f 1289/1/51 1291/3/51 1292/4/51
f 1292/4/52 1291/3/52 1293/5/52
f 1292/4/52 1293/5/52 1294/6/52
f 1294/6/53 1293/5/53 1295/7/53
f 1294/6/53 1295/7/53 1296/8/53
f 1296/8/54 1295/7/54 1297/9/54
f 1296/8/54 1297/9/54 1298/10/54
f 1298/10/55 1297/9/55 1299/11/55
f 1298/10/55 1299/11/55 1300/12/55
f 1300/12/56 1299/11/56 1301/13/56
f 1300/12/56 1301/13/56 1302/14/56
f 1302/14/57 1301/13/57 1303/15/57
f 1302/14/57 1303/15/57 1304/16/57
f 1304/16/58 1303/15/58 1305/17/58
f 1304/16/58 1305/17/58 1306/18/58
f 1306/18/59 1305/17/59 1307/19/59
f 1306/18/59 1307/19/59 1308/20/59
f 1308/20/60 1307/19/60 1309/21/60
f 1308/20/60 1309/21/60 1310/22/60
f 1310/22/61 1309/21/61 1311/23/61
f 1310/22/61 1311/23/61 1312/24/61
f 1312/24/62 1311/23/62 1313/25/62
f 1312/24/62 1313/25/62 1314/26/62
f 1314/26/63 1313/25/63 1315/27/63
f 1314/26/63 1315/27/63 1316/28/63
f 1316/28/64 1315/27/64 1317/29/64
f 1316/28/64 1317/29/64 1318/30/64
f 1318/30/65 1317/29/65 1319/31/65
f 1318/30/65 1319/31/65 1320/32/65
f 1320/32/66 1319/31/66 1321/33/66
f 1320/32/66 1321/33/66 1322/34/66
f 1322/34/67 1321/33/67 1323/35/67
f 1322/34/67 1323/35/67 1324/36/67
f 1324/36/68 1323/35/68 1325/37/68
f 1324/36/68 1325/37/68 1326/38/68
f 1293/39/69 1291/40/69 1290/41/69
f 1290/41/69 1327/97/69 1325/98/69
f 1325/98/69 1323/44/69 1321/45/69
f 1321/45/69 1319/99/69 1317/100/69
f 1317/100/69 1315/101/69 1313/102/69
f 1313/102/69 1311/103/69 1309/104/69
f 1309/104/69 1307/52/69 1305/53/69
f 1305/53/69 1303/105/69 1301/106/69
f 1301/106/69 1299/56/69 1297/57/69
f 1297/57/69 1295/58/69 1293/39/69
f 1293/39/69 1290/41/69 1325/98/69
f 1325/98/69 1321/45/69 1317/100/69
f 1317/100/69 1313/102/69 1309/104/69
f 1309/104/69 1305/53/69 1301/106/69
f 1301/106/69 1297/57/69 1293/39/69
f 1293/39/69 1325/98/69 1317/100/69
f 1317/100/69 1309/104/69 1301/106/69
f 1317/100/69 1301/106/69 1293/39/69
f 1326/38/70 1325/37/70 1327/59/70
f 1326/38/70 1327/59/70 1328/60/70
f 1328/60/71 1327/59/71 1290/61/71
f 1328/60/71 1290/61/71 1289/62/71
f 1328/63/72 1289/64/72 1292/65/72
f 1292/65/72 1294/66/72 1296/67/72
f 1296/67/72 1298/68/72 1300/69/72
f 1300/69/72 1302/107/72 1304/108/72
f 1304/108/72 1306/72/72 1308/73/72
f 1308/73/72 1310/109/72 1312/75/72
f 1312/75/72 1314/76/72 1316/110/72
f 1316/110/72 1318/111/72 1320/79/72
f 1320/79/72 1322/80/72 1324/81/72
f 1324/81/72 1326/82/72 1328/63/72
f 1328/63/72 1292/65/72 1296/67/72
f 1296/67/72 1300/69/72 1304/108/72
f 1304/108/72 1308/73/72 1312/75/72
f 1312/75/72 1316/110/72 1320/79/72
f 1320/79/72 1324/81/72 1328/63/72
f 1328/63/72 1296/67/72 1304/108/72
f 1304/108/72 1312/75/72 1320/79/72
f 1304/108/72 1320/79/72 1328/63/72
f 1329/1/51 1330/2/51 1331/3/51
f 1329/1/51 1331/3/51 1332/4/51
f 1332/4/52 1331/3/52 1333/5/52
f 1332/4/52 1333/5/52 1334/6/52
f 1334/6/53 1333/5/53 1335/7/53
f 1334/6/53 1335/7/53 1336/8/53
f 1336/8/54 1335/7/54 1337/9/54
f 1336/8/54 1337/9/54 1338/10/54
f 1338/10/55 1337/9/55 1339/11/55
f 1338/10/55 1339/11/55 1340/12/55
f 1340/12/56 1339/11/56 1341/13/56
f 1340/12/56 1341/13/56 1342/14/56
f 1342/14/57 1341/13/57 1343/15/57
f 1342/14/57 1343/15/57 1344/16/57
f 1344/16/58 1343/15/58 1345/17/58
f 1344/16/58 1345/17/58 1346/18/58
f 1346/18/59 1345/17/59 1347/19/59
f 1346/18/59 1347/19/59 1348/20/59
f 1348/20/60 1347/19/60 1349/21/60
f 1348/20/60 1349/21/60 1350/22/60
f 1350/22/61 1349/21/61 1351/23/61
f 1350/22/61 1351/23/61 1352/24/61
f 1352/24/62 1351/23/62 1353/25/62
f 1352/24/62 1353/25/62 1354/26/62
f 1354/26/63 1353/25/63 1355/27/63
f 1354/26/63 1355/27/63 1356/28/63
f 1356/28/64 1355/27/64 1357/29/64
f 1356/28/64 1357/29/64 1358/30/64
f 1358/30/65 1357/29/65 1359/31/65
f 1358/30/65 1359/31/65 1360/32/65
f 1360/32/66 1359/31/66 1361/33/66
f 1360/32/66 1361/33/66 1362/34/66
f 1362/34/67 1361/33/67 1363/35/67
f 1362/34/67 1363/35/67 1364/36/67
f 1364/36/68 1363/35/68 1365/37/68
f 1364/36/68 1365/37/68 1366/38/68
f 1333/39/69 1331/40/69 1330/41/69
f 1330/41/69 1367/97/69 1365/98/69
f 1365/98/69 1363/44/69 1361/45/69
f 1361/45/69 1359/99/69 1357/100/69
f 1357/100/69 1355/101/69 1353/102/69
f 1353/102/69 1351/103/69 1349/104/69
f 1349/104/69 1347/52/69 1345/53/69
f 1345/53/69 1343/105/69 1341/106/69
f 1341/106/69 1339/56/69 1337/57/69
f 1337/57/69 1335/58/69 1333/39/69
f 1333/39/69 1330/41/69 1365/98/69
f 1365/98/69 1361/45/69 1357/100/69
f 1357/100/69 1353/102/69 1349/104/69
f 1349/104/69 1345/53/69 1341/106/69
f 1341/106/69 1337/57/69 1333/39/69
f 1333/39/69 1365/98/69 1357/100/69
f 1357/100/69 1349/104/69 1341/106/69
f 1357/100/69 1341/106/69 1333/39/69
f 1366/38/70 1365/37/70 1367/59/70
f 1366/38/70 1367/59/70 1368/60/70
f 1368/60/71 1367/59/71 1330/61/71
f 1368/60/71 1330/61/71 1329/62/71
f 1368/63/72 1329/64/72 1332/65/72
f 1332/65/72 1334/66/72 1336/67/72
f 1336/67/72 1338/68/72 1340/69/72
f 1340/69/72 1342/107/72 1344/108/72
f 1344/108/72 1346/72/72 1348/73/72
f 1348/73/72 1350/109/72 1352/75/72
f 1352/75/72 1354/76/72 1356/110/72
f 1356/110/72 1358/111/72 1360/79/72
f 1360/79/72 1362/80/72 1364/81/72
f 1364/81/72 1366/82/72 1368/63/72
f 1368/63/72 1332/65/72 1336/67/72
f 1336/67/72 1340/69/72 1344/108/72
f 1344/108/72 1348/73/72 1352/75/72
f 1352/75/72 1356/110/72 1360/79/72
f 1360/79/72 1364/81/72 1368/63/72
f 1368/63/72 1336/67/72 1344/108/72
f 1344/108/72 1352/75/72 1360/79/72
f 1344/108/72 1360/79/72 1368/63/72
f 1369/1/73 1370/2/73 1371/3/73
f 1369/1/73 1371/3/73 1372/4/73
f 1372/4/52 1371/3/52 1373/5/52
f 1372/4/52 1373/5/52 1374/6/52
f 1374/6/53 1373/5/53 1375/7/53
f 1374/6/53 1375/7/53 1376/8/53
f 1376/8/74 1375/7/74 1377/9/74
f 1376/8/74 1377/9/74 1378/10/74
f 1378/10/75 1377/9/75 1379/11/75
f 1378/10/75 1379/11/75 1380/12/75
f 1380/12/76 1379/11/76 1381/13/76
f 1380/12/76 1381/13/76 1382/14/76
f 1382/14/77 1381/13/77 1383/15/77
f 1382/14/77 1383/15/77 1384/16/77
f 1384/16/58 1383/15/58 1385/17/58
f 1384/16/58 1385/17/58 1386/18/58
f 1386/18/59 1385/17/59 1387/19/59
f 1386/18/59 1387/19/59 1388/20/59
f 1388/20/78 1387/19/78 1389/21/78
f 1388/20/78 1389/21/78 1390/22/78
f 1390/22/79 1389/21/79 1391/23/79
f 1390/22/79 1391/23/79 1392/24/79
f 1392/24/62 1391/23/62 1393/25/62
f 1392/24/62 1393/25/62 1394/26/62
f 1394/26/63 1393/25/63 1395/27/63
f 1394/26/63 1395/27/63 1396/28/63
f 1396/28/80 1395/27/80 1397/29/80
f 1396/28/80 1397/29/80 1398/30/80
f 1398/30/81 1397/29/81 1399/31/81
f 1398/30/81 1399/31/81 1400/32/81
f 1400/32/82 1399/31/82 1401/33/82
f 1400/32/82 1401/33/82 1402/34/82
f 1402/34/83 1401/33/83 1403/35/83
f 1402/34/83 1403/35/83 1404/36/83
f 1404/36/68 1403/35/68 1405/37/68
f 1404/36/68 1405/37/68 1406/38/68
f 1373/112/84 1371/113/84 1370/41/84
f 1370/41/84 1407/114/84 1405/115/84
f 1405/115/84 1403/116/84 1401/117/84
f 1401/117/84 1399/99/84 1397/118/84
f 1397/118/84 1395/119/84 1393/120/84
f 1393/120/84 1391/121/84 1389/104/84
f 1389/104/84 1387/122/84 1385/123/84
f 1385/123/84 1383/124/84 1381/125/84
f 1381/125/84 1379/56/84 1377/126/84
f 1377/126/84 1375/127/84 1373/112/84
f 1373/112/84 1370/41/84 1405/115/84
f 1405/115/84 1401/117/84 1397/118/84
f 1397/118/84 1393/120/84 1389/104/84
f 1389/104/84 1385/123/84 1381/125/84
f 1381/125/84 1377/126/84 1373/112/84
f 1373/112/84 1405/115/84 1397/118/84
f 1397/118/84 1389/104/84 1381/125/84
f 1397/118/84 1381/125/84 1373/112/84
f 1406/38/70 1405/37/70 1407/59/70
f 1406/38/70 1407/59/70 1408/60/70
f 1408/60/85 1407/59/85 1370/61/85
f 1408/60/85 1370/61/85 1369/62/85
f 1408/128/86 1369/64/86 1372/129/86
f 1372/129/86 1374/130/86 1376/131/86
f 1376/131/86 1378/132/86 1380/69/86
f 1380/69/86 1382/133/86 1384/134/86
f 1384/134/86 1386/135/86 1388/136/86
f 1388/136/86 1390/109/86 1392/137/86
f 1392/137/86 1394/138/86 1396/139/86
f 1396/139/86 1398/140/86 1400/79/86
f 1400/79/86 1402/141/86 1404/142/86
f 1404/142/86 1406/143/86 1408/128/86
f 1408/128/86 1372/129/86 1376/131/86
f 1376/131/86 1380/69/86 1384/134/86
f 1384/134/86 1388/136/86 1392/137/86
f 1392/137/86 1396/139/86 1400/79/86
f 1400/79/86 1404/142/86 1408/128/86
f 1408/128/86 1376/131/86 1384/134/86
f 1384/134/86 1392/137/86 1400/79/86
f 1384/134/86 1400/79/86 1408/128/86
f 1409/1/73 1410/2/73 1411/3/73
f 1409/1/73 1411/3/73 1412/4/73
f 1412/4/52 1411/3/52 1413/5/52
f 1412/4/52 1413/5/52 1414/6/52
f 1414/6/53 1413/5/53 1415/7/53
f 1414/6/53 1415/7/53 1416/8/53
f 1416/8/74 1415/7/74 1417/9/74
f 1416/8/74 1417/9/74 1418/10/74
f 1418/10/75 1417/9/75 1419/11/75
f 1418/10/75 1419/11/75 1420/12/75
f 1420/12/76 1419/11/76 1421/13/76
f 1420/12/76 1421/13/76 1422/14/76
f 1422/14/77 1421/13/77 1423/15/77
f 1422/14/77 1423/15/77 1424/16/77
f 1424/16/58 1423/15/58 1425/17/58
f 1424/16/58 1425/17/58 1426/18/58
f 1426/18/59 1425/17/59 1427/19/59
f 1426/18/59 1427/19/59 1428/20/59
f 1428/20/78 1427/19/78 1429/21/78
f 1428/20/78 1429/21/78 1430/22/78
f 1430/22/79 1429/21/79 1431/23/79
f 1430/22/79 1431/23/79 1432/24/79
f 1432/24/62 1431/23/62 1433/25/62
f 1432/24/62 1433/25/62 1434/26/62
f 1434/26/63 1433/25/63 1435/27/63
f 1434/26/63 1435/27/63 1436/28/63
f 1436/28/80 1435/27/80 1437/29/80
f 1436/28/80 1437/29/80 1438/30/80
f 1438/30/81 1437/29/81 1439/31/81
f 1438/30/81 1439/31/81 1440/32/81
f 1440/32/82 1439/31/82 1441/33/82
f 1440/32/82 1441/33/82 1442/34/82
f 1442/34/83 1441/33/83 1443/35/83
f 1442/34/83 1443/35/83 1444/36/83
f 1444/36/68 1443/35/68 1445/37/68
f 1444/36/68 1445/37/68 1446/38/68
f 1413/112/84 1411/113/84 1410/41/84
f 1410/41/84 1447/114/84 1445/115/84
f 1445/115/84 1443/116/84 1441/117/84
f 1441/117/84 1439/99/84 1437/118/84
f 1437/118/84 1435/119/84 1433/120/84
f 1433/120/84 1431/121/84 1429/104/84
f 1429/104/84 1427/122/84 1425/123/84
f 1425/123/84 1423/124/84 1421/125/84
f 1421/125/84 1419/56/84 1417/126/84
f 1417/126/84 1415/127/84 1413/112/84
f 1413/112/84 1410/41/84 1445/115/84
f 1445/115/84 1441/117/84 1437/118/84
f 1437/118/84 1433/120/84 1429/104/84
f 1429/104/84 1425/123/84 1421/125/84
f 1421/125/84 1417/126/84 1413/112/84
f 1413/112/84 1445/115/84 1437/118/84
f 1437/118/84 1429/104/84 1421/125/84
f 1437/118/84 1421/125/84 1413/112/84
f 1446/38/70 1445/37/70 1447/59/70
f 1446/38/70 1447/59/70 1448/60/70
f 1448/60/85 1447/59/85 1410/61/85
f 1448/60/85 1410/61/85 1409/62/85
f 1448/128/86 1409/64/86 1412/129/86
f 1412/129/86 1414/130/86 1416/131/86
f 1416/131/86 1418/132/86 1420/69/86
f 1420/69/86 1422/133/86 1424/134/86
f 1424/134/86 1426/135/86 1428/136/86
f 1428/136/86 1430/109/86 1432/137/86
f 1432/137/86 1434/138/86 1436/139/86
f 1436/139/86 1438/140/86 1440/79/86
f 1440/79/86 1442/141/86 1444/142/86
f 1444/142/86 1446/143/86 1448/128/86
f 1448/128/86 1412/129/86 1416/131/86
f 1416/131/86 1420/69/86 1424/134/86
f 1424/134/86 1428/136/86 1432/137/86
f 1432/137/86 1436/139/86 1440/79/86
f 1440/79/86 1444/142/86 1448/128/86
f 1448/128/86 1416/131/86 1424/134/86
f 1424/134/86 1432/137/86 1440/79/86
f 1424/134/86 1440/79/86 1448/128/86
f 1449/1/73 1450/2/73 1451/3/73
f 1449/1/73 1451/3/73 1452/4/73
f 1452/4/52 1451/3/52 1453/5/52
f 1452/4/52 1453/5/52 1454/6/52
f 1454/6/53 1453/5/53 1455/7/53
f 1454/6/53 1455/7/53 1456/8/53
f 1456/8/74 1455/7/74 1457/9/74
f 1456/8/74 1457/9/74 1458/10/74
f 1458/10/75 1457/9/75 1459/11/75
f 1458/10/75 1459/11/75 1460/12/75
f 1460/12/76 1459/11/76 1461/13/76
f 1460/12/76 1461/13/76 1462/14/76
f 1462/14/77 1461/13/77 1463/15/77
f 1462/14/77 1463/15/77 1464/16/77
f 1464/16/58 1463/15/58 1465/17/58
f 1464/16/58 1465/17/58 1466/18/58
f 1466/18/59 1465/17/59 1467/19/59
f 1466/18/59 1467/19/59 1468/20/59
f 1468/20/78 1467/19/78 1469/21/78
f 1468/20/78 1469/21/78 1470/22/78
f 1470/22/79 1469/21/79 1471/23/79
f 1470/22/79 1471/23/79 1472/24/79
f 1472/24/62 1471/23/62 1473/25/62
f 1472/24/62 1473/25/62 1474/26/62
f 1474/26/63 1473/25/63 1475/27/63
f 1474/26/63 1475/27/63 1476/28/63
f 1476/28/80 1475/27/80 1477/29/80
f 1476/28/80 1477/29/80 1478/30/80
f 1478/30/81 1477/29/81 1479/31/81
f 1478/30/81 1479/31/81 1480/32/81
f 1480/32/82 1479/31/82 1481/33/82
f 1480/32/82 1481/33/82 1482/34/82
f 1482/34/83 1481/33/83 1483/35/83
f 1482/34/83 1483/35/83 1484/36/83
f 1484/36/68 1483/35/68 1485/37/68
f 1484/36/68 1485/37/68 1486/38/68
f 1453/112/84 1451/113/84 1450/41/84
f 1450/41/84 1487/114/84 1485/115/84
f 1485/115/84 1483/116/84 1481/117/84
f 1481/117/84 1479/99/84 1477/118/84
f 1477/118/84 1475/119/84 1473/120/84
f 1473/120/84 1471/121/84 1469/104/84
f 1469/104/84 1467/122/84 1465/123/84
f 1465/123/84 1463/124/84 1461/125/84
f 1461/125/84 1459/56/84 1457/126/84
f 1457/126/84 1455/127/84 1453/112/84
f 1453/112/84 1450/41/84 1485/115/84
f 1485/115/84 1481/117/84 1477/118/84
f 1477/118/84 1473/120/84 1469/104/84
f 1469/104/84 1465/123/84 1461/125/84
f 1461/125/84 1457/126/84 1453/112/84
f 1453/112/84 1485/115/84 1477/118/84
f 1477/118/84 1469/104/84 1461/125/84
f 1477/118/84 1461/125/84 1453/112/84
f 1486/38/70 1485/37/70 1487/59/70
f 1486/38/70 1487/59/70 1488/60/70
f 1488/60/85 1487/59/85 1450/61/85
f 1488/60/85 1450/61/85 1449/62/85
f 1488/128/86 1449/64/86 1452/129/86
f 1452/129/86 1454/130/86 1456/131/86
f 1456/131/86 1458/132/86 1460/69/86
f 1460/69/86 1462/133/86 1464/134/86
f 1464/134/86 1466/135/86 1468/136/86
f 1468/136/86 1470/109/86 1472/137/86
f 1472/137/86 1474/138/86 1476/139/86
f 1476/139/86 1478/140/86 1480/79/86
f 1480/79/86 1482/141/86 1484/142/86
f 1484/142/86 1486/143/86 1488/128/86
f 1488/128/86 1452/129/86 1456/131/86
f 1456/131/86 1460/69/86 1464/134/86
f 1464/134/86 1468/136/86 1472/137/86
f 1472/137/86 1476/139/86 1480/79/86
f 1480/79/86 1484/142/86 1488/128/86
f 1488/128/86 1456/131/86 1464/134/86
f 1464/134/86 1472/137/86 1480/79/86
f 1464/134/86 1480/79/86 1488/128/86
f 1489/1/73 1490/2/73 1491/3/73
f 1489/1/73 1491/3/73 1492/4/73
f 1492/4/52 1491/3/52 1493/5/52
f 1492/4/52 1493/5/52 1494/6/52
f 1494/6/53 1493/5/53 1495/7/53
f 1494/6/53 1495/7/53 1496/8/53
f 1496/8/74 1495/7/74 1497/9/74
f 1496/8/74 1497/9/74 1498/10/74
f 1498/10/75 1497/9/75 1499/11/75
f 1498/10/75 1499/11/75 1500/12/75
f 1500/12/76 1499/11/76 1501/13/76
f 1500/12/76 1501/13/76 1502/14/76
f 1502/14/77 1501/13/77 1503/15/77
f 1502/14/77 1503/15/77 1504/16/77
f 1504/16/58 1503/15/58 1505/17/58
f 1504/16/58 1505/17/58 1506/18/58
f 1506/18/59 1505/17/59 1507/19/59
f 1506/18/59 1507/19/59 1508/20/59
f 1508/20/78 1507/19/78 1509/21/78
f 1508/20/78 1509/21/78 1510/22/78
f 1510/22/79 1509/21/79 1511/23/79
f 1510/22/79 1511/23/79 1512/24/79
f 1512/24/62 1511/23/62 1513/25/62
f 1512/24/62 1513/25/62 1514/26/62
f 1514/26/63 1513/25/63 1515/27/63
f 1514/26/63 1515/27/63 1516/28/63
f 1516/28/80 1515/27/80 1517/29/80
f 1516/28/80 1517/29/80 1518/30/80
f 1518/30/81 1517/29/81 1519/31/81
f 1518/30/81 1519/31/81 1520/32/81
f 1520/32/82 1519/31/82 1521/33/82
f 1520/32/82 1521/33/82 1522/34/82
f 1522/34/83 1521/33/83 1523/35/83
f 1522/34/83 1523/35/83 1524/36/83
f 1524/36/68 1523/35/68 1525/37/68
f 1524/36/68 1525/37/68 1526/38/68
f 1493/112/84 1491/113/84 1490/41/84
f 1490/41/84 1527/114/84 1525/115/84
f 1525/115/84 1523/116/84 1521/117/84
f 1521/117/84 1519/99/84 1517/118/84
f 1517/118/84 1515/119/84 1513/120/84
f 1513/120/84 1511/121/84 1509/104/84
f 1509/104/84 1507/122/84 1505/123/84
f 1505/123/84 1503/124/84 1501/125/84
f 1501/125/84 1499/56/84 1497/126/84
f 1497/126/84 1495/127/84 1493/112/84
f 1493/112/84 1490/41/84 1525/115/84
f 1525/115/84 1521/117/84 1517/118/84
f 1517/118/84 1513/120/84 1509/104/84
f 1509/104/84 1505/123/84 1501/125/84
f 1501/125/84 1497/126/84 1493/112/84
f 1493/112/84 1525/115/84 1517/118/84
f 1517/118/84 1509/104/84 1501/125/84
f 1517/118/84 1501/125/84 1493/112/84
f 1526/38/70 1525/37/70 1527/59/70
f 1526/38/70 1527/59/70 1528/60/70
f 1528/60/85 1527/59/85 1490/61/85
f 1528/60/85 1490/61/85 1489/62/85
f 1528/128/86 1489/64/86 1492/129/86
f 1492/129/86 1494/130/86 1496/131/86
f 1496/131/86 1498/132/86 1500/69/86
f 1500/69/86 1502/133/86 1504/134/86
f 1504/134/86 1506/135/86 1508/136/86
f 1508/136/86 1510/109/86 1512/137/86
f 1512/137/86 1514/138/86 1516/139/86
f 1516/139/86 1518/140/86 1520/79/86
f 1520/79/86 1522/141/86 1524/142/86
f 1524/142/86 1526/143/86 1528/128/86
f 1528/128/86 1492/129/86 1496/131/86
f 1496/131/86 1500/69/86 1504/134/86
f 1504/134/86 1508/136/86 1512/137/86
f 1512/137/86 1516/139/86 1520/79/86
f 1520/79/86 1524/142/86 1528/128/86
f 1528/128/86 1496/131/86 1504/134/86
f 1504/134/86 1512/137/86 1520/79/86
f 1504/134/86 1520/79/86 1528/128/86
f 1529/1/73 1530/2/73 1531/3/73
f 1529/1/73 1531/3/73 1532/4/73
f 1532/4/52 1531/3/52 1533/5/52
f 1532/4/52 1533/5/52 1534/6/52
f 1534/6/53 1533/5/53 1535/7/53
f 1534/6/53 1535/7/53 1536/8/53
f 1536/8/74 1535/7/74 1537/9/74
f 1536/8/74 1537/9/74 1538/10/74
f 1538/10/75 1537/9/75 1539/11/75
f 1538/10/75 1539/11/75 1540/12/75
f 1540/12/76 1539/11/76 1541/13/76
f 1540/12/76 1541/13/76 1542/14/76
f 1542/14/77 1541/13/77 1543/15/77
f 1542/14/77 1543/15/77 1544/16/77
f 1544/16/58 1543/15/58 1545/17/58
f 1544/16/58 1545/17/58 1546/18/58
f 1546/18/59 1545/17/59 1547/19/59
f 1546/18/59 1547/19/59 1548/20/59
f 1548/20/78 1547/19/78 1549/21/78
f 1548/20/78 1549/21/78 1550/22/78
f 1550/22/79 1549/21/79 1551/23/79
f 1550/22/79 1551/23/79 1552/24/79
f 1552/24/62 1551/23/62 1553/25/62
f 1552/24/62 1553/25/62 1554/26/62
f 1554/26/63 1553/25/63 1555/27/63
f 1554/26/63 1555/27/63 1556/28/63
f 1556/28/80 1555/27/80 1557/29/80
f 1556/28/80 1557/29/80 1558/30/80
f 1558/30/81 1557/29/81 1559/31/81
f 1558/30/81 1559/31/81 1560/32/81
f 1560/32/82 1559/31/82 1561/33/82
f 1560/32/82 1561/33/82 1562/34/82
f 1562/34/83 1561/33/83 1563/35/83
f 1562/34/83 1563/35/83 1564/36/83
f 1564/36/68 1563/35/68 1565/37/68
f 1564/36/68 1565/37/68 1566/38/68
f 1533/112/84 1531/113/84 1530/41/84
f 1530/41/84 1567/114/84 1565/115/84
f 1565/115/84 1563/116/84 1561/117/84
f 1561/117/84 1559/99/84 1557/118/84
f 1557/118/84 1555/119/84 1553/120/84
f 1553/120/84 1551/121/84 1549/104/84
f 1549/104/84 1547/122/84 1545/123/84
f 1545/123/84 1543/124/84 1541/125/84
f 1541/125/84 1539/56/84 1537/126/84
f 1537/126/84 1535/127/84 1533/112/84
f 1533/112/84 1530/41/84 1565/115/84
f 1565/115/84 1561/117/84 1557/118/84
f 1557/118/84 1553/120/84 1549/104/84
f 1549/104/84 1545/123/84 1541/125/84
f 1541/125/84 1537/126/84 1533/112/84
f 1533/112/84 1565/115/84 1557/118/84
f 1557/118/84 1549/104/84 1541/125/84
f 1557/118/84 1541/125/84 1533/112/84
f 1566/38/70 1565/37/70 1567/59/70
f 1566/38/70 1567/59/70 1568/60/70
f 1568/60/85 1567/59/85 1530/61/85
f 1568/60/85 1530/61/85 1529/62/85
f 1568/128/86 1529/64/86 1532/129/86
f 1532/129/86 1534/130/86 1536/131/86
f 1536/131/86 1538/132/86 1540/69/86
f 1540/69/86 1542/133/86 1544/134/86
f 1544/134/86 1546/135/86 1548/136/86
f 1548/136/86 1550/109/86 1552/137/86
f 1552/137/86 1554/138/86 1556/139/86
f 1556/139/86 1558/140/86 1560/79/86
f 1560/79/86 1562/141/86 1564/142/86
f 1564/142/86 1566/143/86 1568/128/86
f 1568/128/86 1532/129/86 1536/131/86
f 1536/131/86 1540/69/86 1544/134/86
f 1544/134/86 1548/136/86 1552/137/86
f 1552/137/86 1556/139/86 1560/79/86
f 1560/79/86 1564/142/86 1568/128/86
f 1568/128/86 1536/131/86 1544/134/86
f 1544/134/86 1552/137/86 1560/79/86
f 1544/134/86 1560/79/86 1568/128/86
f 1569/1/73 1570/2/73 1571/3/73
f 1569/1/73 1571/3/73 1572/4/73
f 1572/4/52 1571/3/52 1573/5/52
f 1572/4/52 1573/5/52 1574/6/52
f 1574/6/53 1573/5/53 1575/7/53
f 1574/6/53 1575/7/53 1576/8/53
f 1576/8/74 1575/7/74 1577/9/74
f 1576/8/74 1577/9/74 1578/10/74
f 1578/10/75 1577/9/75 1579/11/75
f 1578/10/75 1579/11/75 1580/12/75
f 1580/12/76 1579/11/76 1581/13/76
f 1580/12/76 1581/13/76 1582/14/76
f 1582/14/77 1581/13/77 1583/15/77
f 1582/14/77 1583/15/77 1584/16/77
f 1584/16/58 1583/15/58 1585/17/58
f 1584/16/58 1585/17/58 1586/18/58
f 1586/18/59 1585/17/59 1587/19/59
f 1586/18/59 1587/19/59 1588/20/59
f 1588/20/78 1587/19/78 1589/21/78
f 1588/20/78 1589/21/78 1590/22/78
f 1590/22/79 1589/21/79 1591/23/79
f 1590/22/79 1591/23/79 1592/24/79
f 1592/24/62 1591/23/62 1593/25/62
f 1592/24/62 1593/25/62 1594/26/62
f 1594/26/63 1593/25/63 1595/27/63
f 1594/26/63 1595/27/63 1596/28/63
f 1596/28/80 1595/27/80 1597/29/80
f 1596/28/80 1597/29/80 1598/30/80
f 1598/30/81 1597/29/81 1599/31/81
f 1598/30/81 1599/31/81 1600/32/81
f 1600/32/82 1599/31/82 1601/33/82
f 1600/32/82 1601/33/82 1602/34/82
f 1602/34/83 1601/33/83 1603/35/83
f 1602/34/83 1603/35/83 1604/36/83
f 1604/36/68 1603/35/68 1605/37/68
f 1604/36/68 1605/37/68 1606/38/68
f 1573/112/84 1571/113/84 1570/41/84
f 1570/41/84 1607/114/84 1605/115/84
f 1605/115/84 1603/116/84 1601/117/84
f 1601/117/84 1599/99/84 1597/118/84
f 1597/118/84 1595/119/84 1593/120/84
f 1593/120/84 1591/121/84 1589/104/84
f 1589/104/84 1587/122/84 1585/123/84
f 1585/123/84 1583/124/84 1581/125/84
f 1581/125/84 1579/56/84 1577/126/84
f 1577/126/84 1575/127/84 1573/112/84
f 1573/112/84 1570/41/84 1605/115/84
f 1605/115/84 1601/117/84 1597/118/84
f 1597/118/84 1593/120/84 1589/104/84
f 1589/104/84 1585/123/84 1581/125/84
f 1581/125/84 1577/126/84 1573/112/84
f 1573/112/84 1605/115/84 1597/118/84
f 1597/118/84 1589/104/84 1581/125/84
f 1597/118/84 1581/125/84 1573/112/84
f 1606/38/70 1605/37/70 1607/59/70
f 1606/38/70 1607/59/70 1608/60/70
f 1608/60/85 1607/59/85 1570/61/85
f 1608/60/85 1570/61/85 1569/62/85
f 1608/128/86 1569/64/86 1572/129/86
f 1572/129/86 1574/130/86 1576/131/86
f 1576/131/86 1578/132/86 1580/69/86
f 1580/69/86 1582/133/86 1584/134/86
f 1584/134/86 1586/135/86 1588/136/86
f 1588/136/86 1590/109/86 1592/137/86
f 1592/137/86 1594/138/86 1596/139/86
f 1596/139/86 1598/140/86 1600/79/86
f 1600/79/86 1602/141/86 1604/142/86
f 1604/142/86 1606/143/86 1608/128/86
f 1608/128/86 1572/129/86 1576/131/86
f 1576/131/86 1580/69/86 1584/134/86
f 1584/134/86 1588/136/86 1592/137/86
f 1592/137/86 1596/139/86 1600/79/86
f 1600/79/86 1604/142/86 1608/128/86
f 1608/128/86 1576/131/86 1584/134/86
f 1584/134/86 1592/137/86 1600/79/86
f 1584/134/86 1600/79/86 1608/128/86
f 1609/1/73 1610/2/73 1611/3/73
f 1609/1/73 1611/3/73 1612/4/73
f 1612/4/52 1611/3/52 1613/5/52
f 1612/4/52 1613/5/52 1614/6/52
f 1614/6/53 1613/5/53 1615/7/53
f 1614/6/53 1615/7/53 1616/8/53
f 1616/8/74 1615/7/74 1617/9/74
f 1616/8/74 1617/9/74 1618/10/74
f 1618/10/75 1617/9/75 1619/11/75
f 1618/10/75 1619/11/75 1620/12/75
f 1620/12/76 1619/11/76 1621/13/76
f 1620/12/76 1621/13/76 1622/14/76
f 1622/14/77 1621/13/77 1623/15/77
f 1622/14/77 1623/15/77 1624/16/77
f 1624/16/58 1623/15/58 1625/17/58
f 1624/16/58 1625/17/58 1626/18/58
f 1626/18/59 1625/17/59 1627/19/59
f 1626/18/59 1627/19/59 1628/20/59
f 1628/20/78 1627/19/78 1629/21/78
f 1628/20/78 1629/21/78 1630/22/78
f 1630/22/79 1629/21/79 1631/23/79
f 1630/22/79 1631/23/79 1632/24/79
f 1632/24/62 1631/23/62 1633/25/62
f 1632/24/62 1633/25/62 1634/26/62
f 1634/26/63 1633/25/63 1635/27/63
f 1634/26/63 1635/27/63 1636/28/63
f 1636/28/80 1635/27/80 1637/29/80
f 1636/28/80 1637/29/80 1638/30/80
f 1638/30/81 1637/29/81 1639/31/81
f 1638/30/81 1639/31/81 1640/32/81
f 1640/32/82 1639/31/82 1641/33/82
f 1640/32/82 1641/33/82 1642/34/82
f 1642/34/83 1641/33/83 1643/35/83
f 1642/34/83 1643/35/83 1644/36/83
f 1644/36/68 1643/35/68 1645/37/68
f 1644/36/68 1645/37/68 1646/38/68
f 1613/112/84 1611/113/84 1610/41/84
f 1610/41/84 1647/114/84 1645/115/84
f 1645/115/84 1643/116/84 1641/117/84
f 1641/117/84 1639/99/84 1637/118/84
f 1637/118/84 1635/119/84 1633/120/84
f 1633/120/84 1631/121/84 1629/104/84
f 1629/104/84 1627/122/84 1625/123/84
f 1625/123/84 1623/124/84 1621/125/84
f 1621/125/84 1619/56/84 1617/126/84
f 1617/126/84 1615/127/84 1613/112/84
f 1613/112/84 1610/41/84 1645/115/84
f 1645/115/84 1641/117/84 1637/118/84
f 1637/118/84 1633/120/84 1629/104/84
f 1629/104/84 1625/123/84 1621/125/84
f 1621/125/84 1617/126/84 1613/112/84
f 1613/112/84 1645/115/84 1637/118/84
f 1637/118/84 1629/104/84 1621/125/84
f 1637/118/84 1621/125/84 1613/112/84
f 1646/38/70 1645/37/70 1647/59/70
f 1646/38/70 1647/59/70 1648/60/70
f 1648/60/85 1647/59/85 1610/61/85
f 1648/60/85 1610/61/85 1609/62/85
f 1648/128/86 1609/64/86 1612/129/86
f 1612/129/86 1614/130/86 1616/131/86
f 1616/131/86 1618/132/86 1620/69/86
f 1620/69/86 1622/133/86 1624/134/86
f 1624/134/86 1626/135/86 1628/136/86
f 1628/136/86 1630/109/86 1632/137/86
f 1632/137/86 1634/138/86 1636/139/86
f 1636/139/86 1638/140/86 1640/79/86
f 1640/79/86 1642/141/86 1644/142/86
f 1644/142/86 1646/143/86 1648/128/86
f 1648/128/86 1612/129/86 1616/131/86
f 1616/131/86 1620/69/86 1624/134/86
f 1624/134/86 1628/136/86 1632/137/86
f 1632/137/86 1636/139/86 1640/79/86
f 1640/79/86 1644/142/86 1648/128/86
f 1648/128/86 1616/131/86 1624/134/86
f 1624/134/86 1632/137/86 1640/79/86
f 1624/134/86 1640/79/86 1648/128/86
f 1649/1/73 1650/2/73 1651/3/73
f 1649/1/73 1651/3/73 1652/4/73
f 1652/4/52 1651/3/52 1653/5/52
f 1652/4/52 1653/5/52 1654/6/52
f 1654/6/53 1653/5/53 1655/7/53
f 1654/6/53 1655/7/53 1656/8/53
f 1656/8/74 1655/7/74 1657/9/74
f 1656/8/74 1657/9/74 1658/10/74
f 1658/10/75 1657/9/75 1659/11/75
f 1658/10/75 1659/11/75 1660/12/75
f 1660/12/76 1659/11/76 1661/13/76
f 1660/12/76 1661/13/76 1662/14/76
f 1662/14/77 1661/13/77 1663/15/77
f 1662/14/77 1663/15/77 1664/16/77
f 1664/16/58 1663/15/58 1665/17/58
f 1664/16/58 1665/17/58 1666/18/58
f 1666/18/59 1665/17/59 1667/19/59
f 1666/18/59 1667/19/59 1668/20/59
f 1668/20/78 1667/19/78 1669/21/78
f 1668/20/78 1669/21/78 1670/22/78
f 1670/22/79 1669/21/79 1671/23/79
f 1670/22/79 1671/23/79 1672/24/79
f 1672/24/62 1671/23/62 1673/25/62
f 1672/24/62 1673/25/62 1674/26/62
f 1674/26/63 1673/25/63 1675/27/63
f 1674/26/63 1675/27/63 1676/28/63
f 1676/28/80 1675/27/80 1677/29/80
f 1676/28/80 1677/29/80 1678/30/80
f 1678/30/81 1677/29/81 1679/31/81
f 1678/30/81 1679/31/81 1680/32/81
f 1680/32/82 1679/31/82 1681/33/82
f 1680/32/82 1681/33/82 1682/34/82
f 1682/34/83 1681/33/83 1683/35/83
f 1682/34/83 1683/35/83 1684/36/83
f 1684/36/68 1683/35/68 1685/37/68
f 1684/36/68 1685/37/68 1686/38/68
f 1653/112/84 1651/113/84 1650/41/84
f 1650/41/84 1687/114/84 1685/115/84
f 1685/115/84 1683/116/84 1681/117/84
f 1681/117/84 1679/99/84 1677/118/84
f 1677/118/84 1675/119/84 1673/120/84
f 1673/120/84 1671/121/84 1669/104/84
f 1669/104/84 1667/122/84 1665/123/84
f 1665/123/84 1663/124/84 1661/125/84
f 1661/125/84 1659/56/84 1657/126/84
f 1657/126/84 1655/127/84 1653/112/84
f 1653/112/84 1650/41/84 1685/115/84
f 1685/115/84 1681/117/84 1677/118/84
f 1677/118/84 1673/120/84 1669/104/84
f 1669/104/84 1665/123/84 1661/125/84
f 1661/125/84 1657/126/84 1653/112/84
f 1653/112/84 1685/115/84 1677/118/84
f 1677/118/84 1669/104/84 1661/125/84
f 1677/118/84 1661/125/84 1653/112/84
f 1686/38/70 1685/37/70 1687/59/70
f 1686/38/70 1687/59/70 1688/60/70
f 1688/60/85 1687/59/85 1650/61/85
f 1688/60/85 1650/61/85 1649/62/85
f 1688/128/86 1649/64/86 1652/129/86
f 1652/129/86 1654/130/86 1656/131/86
f 1656/131/86 1658/132/86 1660/69/86
f 1660/69/86 1662/133/86 1664/134/86
f 1664/134/86 1666/135/86 1668/136/86
f 1668/136/86 1670/109/86 1672/137/86
f 1672/137/86 1674/138/86 1676/139/86
f 1676/139/86 1678/140/86 1680/79/86
f 1680/79/86 1682/141/86 1684/142/86
f 1684/142/86 1686/143/86 1688/128/86
f 1688/128/86 1652/129/86 1656/131/86
f 1656/131/86 1660/69/86 1664/134/86
f 1664/134/86 1668/136/86 1672/137/86
f 1672/137/86 1676/139/86 1680/79/86
f 1680/79/86 1684/142/86 1688/128/86
f 1688/128/86 1656/131/86 1664/134/86
f 1664/134/86 1672/137/86 1680/79/86
f 1664/134/86 1680/79/86 1688/128/86
f 1689/1/73 1690/2/73 1691/3/73
f 1689/1/73 1691/3/73 1692/4/73
f 1692/4/52 1691/3/52 1693/5/52
f 1692/4/52 1693/5/52 1694/6/52
f 1694/6/53 1693/5/53 1695/7/53
f 1694/6/53 1695/7/53 1696/8/53
f 1696/8/74 1695/7/74 1697/9/74
f 1696/8/74 1697/9/74 1698/10/74
f 1698/10/75 1697/9/75 1699/11/75
f 1698/10/75 1699/11/75 1700/12/75
f 1700/12/76 1699/11/76 1701/13/76
f 1700/12/76 1701/13/76 1702/14/76
f 1702/14/77 1701/13/77 1703/15/77
f 1702/14/77 1703/15/77 1704/16/77
f 1704/16/58 1703/15/58 1705/17/58
f 1704/16/58 1705/17/58 1706/18/58
f 1706/18/59 1705/17/59 1707/19/59
f 1706/18/59 1707/19/59 1708/20/59
f 1708/20/78 1707/19/78 1709/21/78
f 1708/20/78 1709/21/78 1710/22/78
f 1710/22/79 1709/21/79 1711/23/79
f 1710/22/79 1711/23/79 1712/24/79
f 1712/24/62 1711/23/62 1713/25/62
f 1712/24/62 1713/25/62 1714/26/62
f 1714/26/63 1713/25/63 1715/27/63
f 1714/26/63 1715/27/63 1716/28/63
f 1716/28/80 1715/27/80 1717/29/80
f 1716/28/80 1717/29/80 1718/30/80
f 1718/30/81 1717/29/81 1719/31/81
f 1718/30/81 1719/31/81 1720/32/81
f 1720/32/82 1719/31/82 1721/33/82
f 1720/32/82 1721/33/82 1722/34/82
f 1722/34/83 1721/33/83 1723/35/83
f 1722/34/83 1723/35/83 1724/36/83
f 1724/36/68 1723/35/68 1725/37/68
f 1724/36/68 1725/37/68 1726/38/68
f 1693/112/84 1691/113/84 1690/41/84
f 1690/41/84 1727/114/84 1725/115/84
f 1725/115/84 1723/116/84 1721/117/84
f 1721/117/84 1719/99/84 1717/118/84
f 1717/118/84 1715/119/84 1713/120/84
f 1713/120/84 1711/121/84 1709/104/84
f 1709/104/84 1707/122/84 1705/123/84
f 1705/123/84 1703/124/84 1701/125/84
f 1701/125/84 1699/56/84 1697/126/84
f 1697/126/84 1695/127/84 1693/112/84
f 1693/112/84 1690/41/84 1725/115/84
f 1725/115/84 1721/117/84 1717/118/84
f 1717/118/84 1713/120/84 1709/104/84
f 1709/104/84 1705/123/84 1701/125/84
f 1701/125/84 1697/126/84 1693/112/84
f 1693/112/84 1725/115/84 1717/118/84
f 1717/118/84 1709/104/84 1701/125/84
f 1717/118/84 1701/125/84 1693/112/84
f 1726/38/70 1725/37/70 1727/59/70
f 1726/38/70 1727/59/70 1728/60/70
f 1728/60/85 1727/59/85 1690/61/85
f 1728/60/85 1690/61/85 1689/62/85
f 1728/128/86 1689/64/86 1692/129/86
f 1692/129/86 1694/130/86 1696/131/86
f 1696/131/86 1698/132/86 1700/69/86
f 1700/69/86 1702/133/86 1704/134/86
f 1704/134/86 1706/135/86 1708/136/86
f 1708/136/86 1710/109/86 1712/137/86
f 1712/137/86 1714/138/86 1716/139/86
f 1716/139/86 1718/140/86 1720/79/86
f 1720/79/86 1722/141/86 1724/142/86
f 1724/142/86 1726/143/86 1728/128/86
f 1728/128/86 1692/129/86 1696/131/86
f 1696/131/86 1700/69/86 1704/134/86
f 1704/134/86 1708/136/86 1712/137/86
f 1712/137/86 1716/139/86 1720/79/86
f 1720/79/86 1724/142/86 1728/128/86
f 1728/128/86 1696/131/86 1704/134/86
f 1704/134/86 1712/137/86 1720/79/86
f 1704/134/86 1720/79/86 1728/128/86
f 1729/1/73 1730/2/73 1731/3/73
f 1729/1/73 1731/3/73 1732/4/73
f 1732/4/52 1731/3/52 1733/5/52
f 1732/4/52 1733/5/52 1734/6/52
f 1734/6/53 1733/5/53 1735/7/53
f 1734/6/53 1735/7/53 1736/8/53
f 1736/8/74 1735/7/74 1737/9/74
f 1736/8/74 1737/9/74 1738/10/74
f 1738/10/75 1737/9/75 1739/11/75
f 1738/10/75 1739/11/75 1740/12/75
f 1740/12/76 1739/11/76 1741/13/76
f 1740/12/76 1741/13/76 1742/14/76
f 1742/14/77 1741/13/77 1743/15/77
f 1742/14/77 1743/15/77 1744/16/77
f 1744/16/58 1743/15/58 1745/17/58
f 1744/16/58 1745/17/58 1746/18/58
f 1746/18/59 1745/17/59 1747/19/59
f 1746/18/59 1747/19/59 1748/20/59
f 1748/20/78 1747/19/78 1749/21/78
f 1748/20/78 1749/21/78 1750/22/78
f 1750/22/79 1749/21/79 1751/23/79
f 1750/22/79 1751/23/79 1752/24/79
f 1752/24/62 1751/23/62 1753/25/62
f 1752/24/62 1753/25/62 1754/26/62
f 1754/26/63 1753/25/63 1755/27/63
f 1754/26/63 1755/27/63 1756/28/63
f 1756/28/80 1755/27/80 1757/29/80
f 1756/28/80 1757/29/80 1758/30/80
f 1758/30/81 1757/29/81 1759/31/81
f 1758/30/81 1759/31/81 1760/32/81
f 1760/32/82 1759/31/82 1761/33/82
f 1760/32/82 1761/33/82 1762/34/82
f 1762/34/83 1761/33/83 1763/35/83
f 1762/34/83 1763/35/83 1764/36/83
f 1764/36/68 1763/35/68 1765/37/68
f 1764/36/68 1765/37/68 1766/38/68
f 1733/112/84 1731/113/84 1730/41/84
f 1730/41/84 1767/114/84 1765/115/84
f 1765/115/84 1763/116/84 1761/117/84
f 1761/117/84 1759/99/84 1757/118/84
f 1757/118/84 1755/119/84 1753/120/84
f 1753/120/84 1751/121/84 1749/104/84
f 1749/104/84 1747/122/84 1745/123/84
f 1745/123/84 1743/124/84 1741/125/84
f 1741/125/84 1739/56/84 1737/126/84
f 1737/126/84 1735/127/84 1733/112/84
f 1733/112/84 1730/41/84 1765/115/84
f 1765/115/84 1761/117/84 1757/118/84
f 1757/118/84 1753/120/84 1749/104/84
f 1749/104/84 1745/123/84 1741/125/84
f 1741/125/84 1737/126/84 1733/112/84
f 1733/112/84 1765/115/84 1757/118/84
f 1757/118/84 1749/104/84 1741/125/84
f 1757/118/84 1741/125/84 1733/112/84
f 1766/38/70 1765/37/70 1767/59/70
f 1766/38/70 1767/59/70 1768/60/70
f 1768/60/85 1767/59/85 1730/61/85
f 1768/60/85 1730/61/85 1729/62/85
f 1768/128/86 1729/64/86 1732/129/86
f 1732/129/86 1734/130/86 1736/131/86
f 1736/131/86 1738/132/86 1740/69/86
f 1740/69/86 1742/133/86 1744/134/86
f 1744/134/86 1746/135/86 1748/136/86
f 1748/136/86 1750/109/86 1752/137/86
f 1752/137/86 1754/138/86 1756/139/86
f 1756/139/86 1758/140/86 1760/79/86
f 1760/79/86 1762/141/86 1764/142/86
f 1764/142/86 1766/143/86 1768/128/86
f 1768/128/86 1732/129/86 1736/131/86
f 1736/131/86 1740/69/86 1744/134/86
f 1744/134/86 1748/136/86 1752/137/86
f 1752/137/86 1756/139/86 1760/79/86
f 1760/79/86 1764/142/86 1768/128/86
f 1768/128/86 1736/131/86 1744/134/86
f 1744/134/86 1752/137/86 1760/79/86
f 1744/134/86 1760/79/86 1768/128/86
f 1769/1/73 1770/2/73 1771/3/73
f 1769/1/73 1771/3/73 1772/4/73
f 1772/4/52 1771/3/52 1773/5/52
f 1772/4/52 1773/5/52 1774/6/52
f 1774/6/53 1773/5/53 1775/7/53
f 1774/6/53 1775/7/53 1776/8/53
f 1776/8/74 1775/7/74 1777/9/74
f 1776/8/74 1777/9/74 1778/10/74
f 1778/10/75 1777/9/75 1779/11/75
f 1778/10/75 1779/11/75 1780/12/75
f 1780/12/76 1779/11/76 1781/13/76
f 1780/12/76 1781/13/76 1782/14/76
f 1782/14/77 1781/13/77 1783/15/77
f 1782/14/77 1783/15/77 1784/16/77
f 1784/16/58 1783/15/58 1785/17/58
f 1784/16/58 1785/17/58 1786/18/58
f 1786/18/59 1785/17/59 1787/19/59
f 1786/18/59 1787/19/59 1788/20/59
f 1788/20/78 1787/19/78 1789/21/78
f 1788/20/78 1789/21/78 1790/22/78
f 1790/22/79 1789/21/79 1791/23/79
f 1790/22/79 1791/23/79 1792/24/79
f 1792/24/62 1791/23/62 1793/25/62
f 1792/24/62 1793/25/62 1794/26/62
f 1794/26/63 1793/25/63 1795/27/63
f 1794/26/63 1795/27/63 1796/28/63
f 1796/28/80 1795/27/80 1797/29/80
f 1796/28/80 1797/29/80 1798/30/80
f 1798/30/81 1797/29/81 1799/31/81
f 1798/30/81 1799/31/81 1800/32/81
f 1800/32/82 1799/31/82 1801/33/82
f 1800/32/82 1801/33/82 1802/34/82
f 1802/34/83 1801/33/83 1803/35/83
f 1802/34/83 1803/35/83 1804/36/83
f 1804/36/68 1803/35/68 1805/37/68
f 1804/36/68 1805/37/68 1806/38/68
f 1773/112/84 1771/113/84 1770/41/84
f 1770/41/84 1807/114/84 1805/115/84
f 1805/115/84 1803/116/84 1801/117/84
f 1801/117/84 1799/99/84 1797/118/84
f 1797/118/84 1795/119/84 1793/120/84
f 1793/120/84 1791/121/84 1789/104/84
f 1789/104/84 1787/122/84 1785/123/84
f 1785/123/84 1783/124/84 1781/125/84
f 1781/125/84 1779/56/84 1777/126/84
f 1777/126/84 1775/127/84 1773/112/84
f 1773/112/84 1770/41/84 1805/115/84
f 1805/115/84 1801/117/84 1797/118/84
f 1797/118/84 1793/120/84 1789/104/84
f 1789/104/84 1785/123/84 1781/125/84
f 1781/125/84 1777/126/84 1773/112/84
f 1773/112/84 1805/115/84 1797/118/84
f 1797/118/84 1789/104/84 1781/125/84
f 1797/118/84 1781/125/84 1773/112/84
f 1806/38/70 1805/37/70 1807/59/70
f 1806/38/70 1807/59/70 1808/60/70
f 1808/60/85 1807/59/85 1770/61/85
f 1808/60/85 1770/61/85 1769/62/85
f 1808/128/86 1769/64/86 1772/129/86
f 1772/129/86 1774/130/86 1776/131/86
f 1776/131/86 1778/132/86 1780/69/86
f 1780/69/86 1782/133/86 1784/134/86
f 1784/134/86 1786/135/86 1788/136/86
f 1788/136/86 1790/109/86 1792/137/86
f 1792/137/86 1794/138/86 1796/139/86
f 1796/139/86 1798/140/86 1800/79/86
f 1800/79/86 1802/141/86 1804/142/86
f 1804/142/86 1806/143/86 1808/128/86
f 1808/128/86 1772/129/86 1776/131/86
f 1776/131/86 1780/69/86 1784/134/86
f 1784/134/86 1788/136/86 1792/137/86
f 1792/137/86 1796/139/86 1800/79/86
f 1800/79/86 1804/142/86 1808/128/86
f 1808/128/86 1776/131/86 1784/134/86
f 1784/134/86 1792/137/86 1800/79/86
f 1784/134/86 1800/79/86 1808/128/86
f 1809/1/73 1810/2/73 1811/3/73
f 1809/1/73 1811/3/73 1812/4/73
f 1812/4/52 1811/3/52 1813/5/52
f 1812/4/52 1813/5/52 1814/6/52
f 1814/6/53 1813/5/53 1815/7/53
f 1814/6/53 1815/7/53 1816/8/53
f 1816/8/74 1815/7/74 1817/9/74
f 1816/8/74 1817/9/74 1818/10/74
f 1818/10/75 1817/9/75 1819/11/75
f 1818/10/75 1819/11/75 1820/12/75
f 1820/12/76 1819/11/76 1821/13/76
f 1820/12/76 1821/13/76 1822/14/76
f 1822/14/77 1821/13/77 1823/15/77
f 1822/14/77 1823/15/77 1824/16/77
f 1824/16/58 1823/15/58 1825/17/58
f 1824/16/58 1825/17/58 1826/18/58
f 1826/18/59 1825/17/59 1827/19/59
f 1826/18/59 1827/19/59 1828/20/59
f 1828/20/78 1827/19/78 1829/21/78
f 1828/20/78 1829/21/78 1830/22/78
f 1830/22/79 1829/21/79 1831/23/79
f 1830/22/79 1831/23/79 1832/24/79
f 1832/24/62 1831/23/62 1833/25/62
f 1832/24/62 1833/25/62 1834/26/62
f 1834/26/63 1833/25/63 1835/27/63
f 1834/26/63 1835/27/63 1836/28/63
f 1836/28/80 1835/27/80 1837/29/80
f 1836/28/80 1837/29/80 1838/30/80
f 1838/30/81 1837/29/81 1839/31/81
f 1838/30/81 1839/31/81 1840/32/81
f 1840/32/82 1839/31/82 1841/33/82
f 1840/32/82 1841/33/82 1842/34/82
f 1842/34/83 1841/33/83 1843/35/83
f 1842/34/83 1843/35/83 1844/36/83
f 1844/36/68 1843/35/68 1845/37/68
f 1844/36/68 1845/37/68 1846/38/68
f 1813/112/84 1811/113/84 1810/41/84
f 1810/41/84 1847/114/84 1845/115/84
f 1845/115/84 1843/116/84 1841/117/84
f 1841/117/84 1839/99/84 1837/118/84
f 1837/118/84 1835/119/84 1833/120/84
f 1833/120/84 1831/121/84 1829/104/84
f 1829/104/84 1827/122/84 1825/123/84
f 1825/123/84 1823/124/84 1821/125/84
f 1821/125/84 1819/56/84 1817/126/84
f 1817/126/84 1815/127/84 1813/112/84
f 1813/112/84 1810/41/84 1845/115/84
f 1845/115/84 1841/117/84 1837/118/84
f 1837/118/84 1833/120/84 1829/104/84
f 1829/104/84 1825/123/84 1821/125/84
f 1821/125/84 1817/126/84 1813/112/84
f 1813/112/84 1845/115/84 1837/118/84
f 1837/118/84 1829/104/84 1821/125/84
f 1837/118/84 1821/125/84 1813/112/84
f 1846/38/70 1845/37/70 1847/59/70
f 1846/38/70 1847/59/70 1848/60/70
f 1848/60/85 1847/59/85 1810/61/85
f 1848/60/85 1810/61/85 1809/62/85
f 1848/128/86 1809/64/86 1812/129/86
f 1812/129/86 1814/130/86 1816/131/86
f 1816/131/86 1818/132/86 1820/69/86
f 1820/69/86 1822/133/86 1824/134/86
f 1824/134/86 1826/135/86 1828/136/86
f 1828/136/86 1830/109/86 1832/137/86
f 1832/137/86 1834/138/86 1836/139/86
f 1836/139/86 1838/140/86 1840/79/86
f 1840/79/86 1842/141/86 1844/142/86
f 1844/142/86 1846/143/86 1848/128/86
f 1848/128/86 1812/129/86 1816/131/86
f 1816/131/86 1820/69/86 1824/134/86
f 1824/134/86 1828/136/86 1832/137/86
f 1832/137/86 1836/139/86 1840/79/86
f 1840/79/86 1844/142/86 1848/128/86
f 1848/128/86 1816/131/86 1824/134/86
f 1824/134/86 1832/137/86 1840/79/86
f 1824/134/86 1840/79/86 1848/128/86
f 1849/1/73 1850/2/73 1851/3/73
f 1849/1/73 1851/3/73 1852/4/73
f 1852/4/52 1851/3/52 1853/5/52
f 1852/4/52 1853/5/52 1854/6/52
f 1854/6/53 1853/5/53 1855/7/53
f 1854/6/53 1855/7/53 1856/8/53
f 1856/8/74 1855/7/74 1857/9/74
f 1856/8/74 1857/9/74 1858/10/74
f 1858/10/75 1857/9/75 1859/11/75
f 1858/10/75 1859/11/75 1860/12/75
f 1860/12/76 1859/11/76 1861/13/76
f 1860/12/76 1861/13/76 1862/14/76
f 1862/14/77 1861/13/77 1863/15/77
f 1862/14/77 1863/15/77 1864/16/77
f 1864/16/58 1863/15/58 1865/17/58
f 1864/16/58 1865/17/58 1866/18/58
f 1866/18/59 1865/17/59 1867/19/59
f 1866/18/59 1867/19/59 1868/20/59
f 1868/20/78 1867/19/78 1869/21/78
f 1868/20/78 1869/21/78 1870/22/78
f 1870/22/79 1869/21/79 1871/23/79
f 1870/22/79 1871/23/79 1872/24/79
f 1872/24/62 1871/23/62 1873/25/62
f 1872/24/62 1873/25/62 1874/26/62
f 1874/26/63 1873/25/63 1875/27/63
f 1874/26/63 1875/27/63 1876/28/63
f 1876/28/80 1875/27/80 1877/29/80
f 1876/28/80 1877/29/80 1878/30/80
f 1878/30/81 1877/29/81 1879/31/81
f 1878/30/81 1879/31/81 1880/32/81
f 1880/32/82 1879/31/82 1881/33/82
f 1880/32/82 1881/33/82 1882/34/82
f 1882/34/83 1881/33/83 1883/35/83
f 1882/34/83 1883/35/83 1884/36/83
f 1884/36/68 1883/35/68 1885/37/68
f 1884/36/68 1885/37/68 1886/38/68
f 1853/112/84 1851/113/84 1850/41/84
f 1850/41/84 1887/114/84 1885/115/84
f 1885/115/84 1883/116/84 1881/117/84
f 1881/117/84 1879/99/84 1877/118/84
f 1877/118/84 1875/119/84 1873/120/84
f 1873/120/84 1871/121/84 1869/104/84
f 1869/104/84 1867/122/84 1865/123/84
f 1865/123/84 1863/124/84 1861/125/84
f 1861/125/84 1859/56/84 1857/126/84
f 1857/126/84 1855/127/84 1853/112/84
f 1853/112/84 1850/41/84 1885/115/84
f 1885/115/84 1881/117/84 1877/118/84
f 1877/118/84 1873/120/84 1869/104/84
f 1869/104/84 1865/123/84 1861/125/84
f 1861/125/84 1857/126/84 1853/112/84
f 1853/112/84 1885/115/84 1877/118/84
f 1877/118/84 1869/104/84 1861/125/84
f 1877/118/84 1861/125/84 1853/112/84
f 1886/38/70 1885/37/70 1887/59/70
f 1886/38/70 1887/59/70 1888/60/70
f 1888/60/85 1887/59/85 1850/61/85
f 1888/60/85 1850/61/85 1849/62/85
f 1888/128/86 1849/64/86 1852/129/86
f 1852/129/86 1854/130/86 1856/131/86
f 1856/131/86 1858/132/86 1860/69/86
f 1860/69/86 1862/133/86 1864/134/86
f 1864/134/86 1866/135/86 1868/136/86
f 1868/136/86 1870/109/86 1872/137/86
f 1872/137/86 1874/138/86 1876/139/86
f 1876/139/86 1878/140/86 1880/79/86
f 1880/79/86 1882/141/86 1884/142/86
f 1884/142/86 1886/143/86 1888/128/86
f 1888/128/86 1852/129/86 1856/131/86
f 1856/131/86 1860/69/86 1864/134/86
f 1864/134/86 1868/136/86 1872/137/86
f 1872/137/86 1876/139/86 1880/79/86
f 1880/79/86 1884/142/86 1888/128/86
f 1888/128/86 1856/131/86 1864/134/86
f 1864/134/86 1872/137/86 1880/79/86
f 1864/134/86 1880/79/86 1888/128/86
f 1889/1/73 1890/2/73 1891/3/73
f 1889/1/73 1891/3/73 1892/4/73
f 1892/4/52 1891/3/52 1893/5/52
f 1892/4/52 1893/5/52 1894/6/52
f 1894/6/53 1893/5/53 1895/7/53
f 1894/6/53 1895/7/53 1896/8/53
f 1896/8/74 1895/7/74 1897/9/74
f 1896/8/74 1897/9/74 1898/10/74
f 1898/10/75 1897/9/75 1899/11/75
f 1898/10/75 1899/11/75 1900/12/75
f 1900/12/76 1899/11/76 1901/13/76
f 1900/12/76 1901/13/76 1902/14/76
f 1902/14/77 1901/13/77 1903/15/77
f 1902/14/77 1903/15/77 1904/16/77
f 1904/16/58 1903/15/58 1905/17/58
f 1904/16/58 1905/17/58 1906/18/58
f 1906/18/59 1905/17/59 1907/19/59
f 1906/18/59 1907/19/59 1908/20/59
f 1908/20/78 1907/19/78 1909/21/78
f 1908/20/78 1909/21/78 1910/22/78
f 1910/22/79 1909/21/79 1911/23/79
f 1910/22/79 1911/23/79 1912/24/79
f 1912/24/62 1911/23/62 1913/25/62
f 1912/24/62 1913/25/62 1914/26/62
f 1914/26/63 1913/25/63 1915/27/63
f 1914/26/63 1915/27/63 1916/28/63
f 1916/28/80 1915/27/80 1917/29/80
f 1916/28/80 1917/29/80 1918/30/80
f 1918/30/81 1917/29/81 1919/31/81
f 1918/30/81 1919/31/81 1920/32/81
f 1920/32/82 1919/31/82 1921/33/82
f 1920/32/82 1921/33/82 1922/34/82
f 1922/34/83 1921/33/83 1923/35/83
f 1922/34/83 1923/35/83 1924/36/83
f 1924/36/68 1923/35/68 1925/37/68
f 1924/36/68 1925/37/68 1926/38/68
f 1893/112/84 1891/113/84 1890/41/84
f 1890/41/84 1927/114/84 1925/115/84
f 1925/115/84 1923/116/84 1921/117/84
f 1921/117/84 1919/99/84 1917/118/84
f 1917/118/84 1915/119/84 1913/120/84
f 1913/120/84 1911/121/84 1909/104/84
f 1909/104/84 1907/122/84 1905/123/84
f 1905/123/84 1903/124/84 1901/125/84
f 1901/125/84 1899/56/84 1897/126/84
f 1897/126/84 1895/127/84 1893/112/84
f 1893/112/84 1890/41/84 1925/115/84
f 1925/115/84 1921/117/84 1917/118/84
f 1917/118/84 1913/120/84 1909/104/84
f 1909/104/84 1905/123/84 1901/125/84
f 1901/125/84 1897/126/84 1893/112/84
f 1893/112/84 1925/115/84 1917/118/84
f 1917/118/84 1909/104/84 1901/125/84
f 1917/118/84 1901/125/84 1893/112/84
f 1926/38/70 1925/37/70 1927/59/70
f 1926/38/70 1927/59/70 1928/60/70
f 1928/60/85 1927/59/85 1890/61/85
f 1928/60/85 1890/61/85 1889/62/85
f 1928/128/86 1889/64/86 1892/129/86
f 1892/129/86 1894/130/86 1896/131/86
f 1896/131/86 1898/132/86 1900/69/86
f 1900/69/86 1902/133/86 1904/134/86
f 1904/134/86 1906/135/86 1908/136/86
f 1908/136/86 1910/109/86 1912/137/86
f 1912/137/86 1914/138/86 1916/139/86
f 1916/139/86 1918/140/86 1920/79/86
f 1920/79/86 1922/141/86 1924/142/86
f 1924/142/86 1926/143/86 1928/128/86
f 1928/128/86 1892/129/86 1896/131/86
f 1896/131/86 1900/69/86 1904/134/86
f 1904/134/86 1908/136/86 1912/137/86
f 1912/137/86 1916/139/86 1920/79/86
f 1920/79/86 1924/142/86 1928/128/86
f 1928/128/86 1896/131/86 1904/134/86
f 1904/134/86 1912/137/86 1920/79/86
f 1904/134/86 1920/79/86 1928/128/86
f 1929/1/73 1930/2/73 1931/3/73
f 1929/1/73 1931/3/73 1932/4/73
f 1932/4/52 1931/3/52 1933/5/52
f 1932/4/52 1933/5/52 1934/6/52
f 1934/6/53 1933/5/53 1935/7/53
f 1934/6/53 1935/7/53 1936/8/53
f 1936/8/74 1935/7/74 1937/9/74
f 1936/8/74 1937/9/74 1938/10/74
f 1938/10/75 1937/9/75 1939/11/75
f 1938/10/75 1939/11/75 1940/12/75
f 1940/12/76 1939/11/76 1941/13/76
f 1940/12/76 1941/13/76 1942/14/76
f 1942/14/77 1941/13/77 1943/15/77
f 1942/14/77 1943/15/77 1944/16/77
f 1944/16/58 1943/15/58 1945/17/58
f 1944/16/58 1945/17/58 1946/18/58
f 1946/18/59 1945/17/59 1947/19/59
f 1946/18/59 1947/19/59 1948/20/59
f 1948/20/78 1947/19/78 1949/21/78
f 1948/20/78 1949/21/78 1950/22/78
f 1950/22/79 1949/21/79 1951/23/79
f 1950/22/79 1951/23/79 1952/24/79
f 1952/24/62 1951/23/62 1953/25/62
f 1952/24/62 1953/25/62 1954/26/62
f 1954/26/63 1953/25/63 1955/27/63
f 1954/26/63 1955/27/63 1956/28/63
f 1956/28/80 1955/27/80 1957/29/80
f 1956/28/80 1957/29/80 1958/30/80
f 1958/30/81 1957/29/81 1959/31/81
f 1958/30/81 1959/31/81 1960/32/81
f 1960/32/82 1959/31/82 1961/33/82
f 1960/32/82 1961/33/82 1962/34/82
f 1962/34/83 1961/33/83 1963/35/83
f 1962/34/83 1963/35/83 1964/36/83
f 1964/36/68 1963/35/68 1965/37/68
f 1964/36/68 1965/37/68 1966/38/68
f 1933/112/84 1931/113/84 1930/41/84
f 1930/41/84 1967/114/84 1965/115/84
f 1965/115/84 1963/116/84 1961/117/84
f 1961/117/84 1959/99/84 1957/118/84
f 1957/118/84 1955/119/84 1953/120/84
f 1953/120/84 1951/121/84 1949/104/84
f 1949/104/84 1947/122/84 1945/123/84
f 1945/123/84 1943/124/84 1941/125/84
f 1941/125/84 1939/56/84 1937/126/84
f 1937/126/84 1935/127/84 1933/112/84
f 1933/112/84 1930/41/84 1965/115/84
f 1965/115/84 1961/117/84 1957/118/84
f 1957/118/84 1953/120/84 1949/104/84
f 1949/104/84 1945/123/84 1941/125/84
f 1941/125/84 1937/126/84 1933/112/84
f 1933/112/84 1965/115/84 1957/118/84
f 1957/118/84 1949/104/84 1941/125/84
f 1957/118/84 1941/125/84 1933/112/84
f 1966/38/70 1965/37/70 1967/59/70
f 1966/38/70 1967/59/70 1968/60/70
f 1968/60/85 1967/59/85 1930/61/85
f 1968/60/85 1930/61/85 1929/62/85
f 1968/128/86 1929/64/86 1932/129/86
f 1932/129/86 1934/130/86 1936/131/86
f 1936/131/86 1938/132/86 1940/69/86
f 1940/69/86 1942/133/86 1944/134/86
f 1944/134/86 1946/135/86 1948/136/86
f 1948/136/86 1950/109/86 1952/137/86
f 1952/137/86 1954/138/86 1956/139/86
f 1956/139/86 1958/140/86 1960/79/86
f 1960/79/86 1962/141/86 1964/142/86
f 1964/142/86 1966/143/86 1968/128/86
f 1968/128/86 1932/129/86 1936/131/86
f 1936/131/86 1940/69/86 1944/134/86
f 1944/134/86 1948/136/86 1952/137/86
f 1952/137/86 1956/139/86 1960/79/86
f 1960/79/86 1964/142/86 1968/128/86
f 1968/128/86 1936/131/86 1944/134/86
f 1944/134/86 1952/137/86 1960/79/86
f 1944/134/86 1960/79/86 1968/128/86
f 1969/1/73 1970/2/73 1971/3/73
f 1969/1/73 1971/3/73 1972/4/73
f 1972/4/52 1971/3/52 1973/5/52
f 1972/4/52 1973/5/52 1974/6/52
f 1974/6/53 1973/5/53 1975/7/53
f 1974/6/53 1975/7/53 1976/8/53
f 1976/8/74 1975/7/74 1977/9/74
f 1976/8/74 1977/9/74 1978/10/74
f 1978/10/75 1977/9/75 1979/11/75
f 1978/10/75 1979/11/75 1980/12/75
f 1980/12/76 1979/11/76 1981/13/76
f 1980/12/76 1981/13/76 1982/14/76
f 1982/14/77 1981/13/77 1983/15/77
f 1982/14/77 1983/15/77 1984/16/77
f 1984/16/58 1983/15/58 1985/17/58
f 1984/16/58 1985/17/58 1986/18/58
f 1986/18/59 1985/17/59 1987/19/59
f 1986/18/59 1987/19/59 1988/20/59
f 1988/20/78 1987/19/78 1989/21/78
f 1988/20/78 1989/21/78 1990/22/78
f 1990/22/79 1989/21/79 1991/23/79
f 1990/22/79 1991/23/79 1992/24/79
f 1992/24/62 1991/23/62 1993/25/62
f 1992/24/62 1993/25/62 1994/26/62
f 1994/26/63 1993/25/63 1995/27/63
f 1994/26/63 1995/27/63 1996/28/63
f 1996/28/80 1995/27/80 1997/29/80
f 1996/28/80 1997/29/80 1998/30/80
f 1998/30/81 1997/29/81 1999/31/81
f 1998/30/81 1999/31/81 2000/32/81
f 2000/32/82 1999/31/82 2001/33/82
f 2000/32/82 2001/33/82 2002/34/82
f 2002/34/83 2001/33/83 2003/35/83
f 2002/34/83 2003/35/83 2004/36/83
f 2004/36/68 2003/35/68 2005/37/68
f 2004/36/68 2005/37/68 2006/38/68
f 1973/112/84 1971/113/84 1970/41/84
f 1970/41/84 2007/114/84 2005/115/84
f 2005/115/84 2003/116/84 2001/117/84
f 2001/117/84 1999/99/84 1997/118/84
f 1997/118/84 1995/119/84 1993/120/84
f 1993/120/84 1991/121/84 1989/104/84
f 1989/104/84 1987/122/84 1985/123/84
f 1985/123/84 1983/124/84 1981/125/84
f 1981/125/84 1979/56/84 1977/126/84
f 1977/126/84 1975/127/84 1973/112/84
f 1973/112/84 1970/41/84 2005/115/84
f 2005/115/84 2001/117/84 1997/118/84
f 1997/118/84 1993/120/84 1989/104/84
f 1989/104/84 1985/123/84 1981/125/84
f 1981/125/84 1977/126/84 1973/112/84
f 1973/112/84 2005/115/84 1997/118/84
f 1997/118/84 1989/104/84 1981/125/84
f 1997/118/84 1981/125/84 1973/112/84
f 2006/38/70 2005/37/70 2007/59/70
f 2006/38/70 2007/59/70 2008/60/70
f 2008/60/85 2007/59/85 1970/61/85
f 2008/60/85 1970/61/85 1969/62/85
f 2008/128/86 1969/64/86 1972/129/86
f 1972/129/86 1974/130/86 1976/131/86
f 1976/131/86 1978/132/86 1980/69/86
f 1980/69/86 1982/133/86 1984/134/86
f 1984/134/86 1986/135/86 1988/136/86
f 1988/136/86 1990/109/86 1992/137/86
f 1992/137/86 1994/138/86 1996/139/86
f 1996/139/86 1998/140/86 2000/79/86
f 2000/79/86 2002/141/86 2004/142/86
f 2004/142/86 2006/143/86 2008/128/86
f 2008/128/86 1972/129/86 1976/131/86
f 1976/131/86 1980/69/86 1984/134/86
f 1984/134/86 1988/136/86 1992/137/86
f 1992/137/86 1996/139/86 2000/79/86
f 2000/79/86 2004/142/86 2008/128/86
f 2008/128/86 1976/131/86 1984/134/86
f 1984/134/86 1992/137/86 2000/79/86
f 1984/134/86 2000/79/86 2008/128/86
f 2009/1/73 2010/2/73 2011/3/73
f 2009/1/73 2011/3/73 2012/4/73
f 2012/4/52 2011/3/52 2013/5/52
f 2012/4/52 2013/5/52 2014/6/52
f 2014/6/53 2013/5/53 2015/7/53
f 2014/6/53 2015/7/53 2016/8/53
f 2016/8/74 2015/7/74 2017/9/74
f 2016/8/74 2017/9/74 2018/10/74
f 2018/10/75 2017/9/75 2019/11/75
f 2018/10/75 2019/11/75 2020/12/75
f 2020/12/76 2019/11/76 2021/13/76
f 2020/12/76 2021/13/76 2022/14/76
f 2022/14/77 2021/13/77 2023/15/77
f 2022/14/77 2023/15/77 2024/16/77
f 2024/16/58 2023/15/58 2025/17/58
f 2024/16/58 2025/17/58 2026/18/58
f 2026/18/59 2025/17/59 2027/19/59
f 2026/18/59 2027/19/59 2028/20/59
f 2028/20/78 2027/19/78 2029/21/78
f 2028/20/78 2029/21/78 2030/22/78
f 2030/22/79 2029/21/79 2031/23/79
f 2030/22/79 2031/23/79 2032/24/79
f 2032/24/62 2031/23/62 2033/25/62
f 2032/24/62 2033/25/62 2034/26/62
f 2034/26/63 2033/25/63 2035/27/63
f 2034/26/63 2035/27/63 2036/28/63
f 2036/28/80 2035/27/80 2037/29/80
f 2036/28/80 2037/29/80 2038/30/80
f 2038/30/81 2037/29/81 2039/31/81
f 2038/30/81 2039/31/81 2040/32/81
f 2040/32/82 2039/31/82 2041/33/82
f 2040/32/82 2041/33/82 2042/34/82
f 2042/34/83 2041/33/83 2043/35/83
f 2042/34/83 2043/35/83 2044/36/83
f 2044/36/68 2043/35/68 2045/37/68
f 2044/36/68 2045/37/68 2046/38/68
f 2013/112/84 2011/113/84 2010/41/84
f 2010/41/84 2047/114/84 2045/115/84
f 2045/115/84 2043/116/84 2041/117/84
f 2041/117/84 2039/99/84 2037/118/84
f 2037/118/84 2035/119/84 2033/120/84
f 2033/120/84 2031/121/84 2029/104/84
f 2029/104/84 2027/122/84 2025/123/84
f 2025/123/84 2023/124/84 2021/125/84
f 2021/125/84 2019/56/84 2017/126/84
f 2017/126/84 2015/127/84 2013/112/84
f 2013/112/84 2010/41/84 2045/115/84
f 2045/115/84 2041/117/84 2037/118/84
f 2037/118/84 2033/120/84 2029/104/84
f 2029/104/84 2025/123/84 2021/125/84
f 2021/125/84 2017/126/84 2013/112/84
f 2013/112/84 2045/115/84 2037/118/84
f 2037/118/84 2029/104/84 2021/125/84
f 2037/118/84 2021/125/84 2013/112/84
f 2046/38/70 2045/37/70 2047/59/70
f 2046/38/70 2047/59/70 2048/60/70
f 2048/60/85 2047/59/85 2010/61/85
f 2048/60/85 2010/61/85 2009/62/85
f 2048/128/86 2009/64/86 2012/129/86
f 2012/129/86 2014/130/86 2016/131/86
f 2016/131/86 2018/132/86 2020/69/86
f 2020/69/86 2022/133/86 2024/134/86
f 2024/134/86 2026/135/86 2028/136/86
f 2028/136/86 2030/109/86 2032/137/86
f 2032/137/86 2034/138/86 2036/139/86
f 2036/139/86 2038/140/86 2040/79/86
f 2040/79/86 2042/141/86 2044/142/86
f 2044/142/86 2046/143/86 2048/128/86
f 2048/128/86 2012/129/86 2016/131/86
f 2016/131/86 2020/69/86 2024/134/86
f 2024/134/86 2028/136/86 2032/137/86
f 2032/137/86 2036/139/86 2040/79/86
f 2040/79/86 2044/142/86 2048/128/86
f 2048/128/86 2016/131/86 2024/134/86
f 2024/134/86 2032/137/86 2040/79/86
f 2024/134/86 2040/79/86 2048/128/86
f 2049/1/73 2050/2/73 2051/3/73
f 2049/1/73 2051/3/73 2052/4/73
f 2052/4/52 2051/3/52 2053/5/52
f 2052/4/52 2053/5/52 2054/6/52
f 2054/6/53 2053/5/53 2055/7/53
f 2054/6/53 2055/7/53 2056/8/53
f 2056/8/74 2055/7/74 2057/9/74
f 2056/8/74 2057/9/74 2058/10/74
f 2058/10/75 2057/9/75 2059/11/75
f 2058/10/75 2059/11/75 2060/12/75
f 2060/12/76 2059/11/76 2061/13/76
f 2060/12/76 2061/13/76 2062/14/76
f 2062/14/77 2061/13/77 2063/15/77
f 2062/14/77 2063/15/77 2064/16/77
f 2064/16/58 2063/15/58 2065/17/58
f 2064/16/58 2065/17/58 2066/18/58
f 2066/18/59 2065/17/59 2067/19/59
f 2066/18/59 2067/19/59 2068/20/59
f 2068/20/78 2067/19/78 2069/21/78
f 2068/20/78 2069/21/78 2070/22/78
f 2070/22/79 2069/21/79 2071/23/79
f 2070/22/79 2071/23/79 2072/24/79
f 2072/24/62 2071/23/62 2073/25/62
f 2072/24/62 2073/25/62 2074/26/62
f 2074/26/63 2073/25/63 2075/27/63
f 2074/26/63 2075/27/63 2076/28/63
f 2076/28/80 2075/27/80 2077/29/80
f 2076/28/80 2077/29/80 2078/30/80
f 2078/30/81 2077/29/81 2079/31/81
f 2078/30/81 2079/31/81 2080/32/81
f 2080/32/82 2079/31/82 2081/33/82
f 2080/32/82 2081/33/82 2082/34/82
f 2082/34/83 2081/33/83 2083/35/83
f 2082/34/83 2083/35/83 2084/36/83
f 2084/36/68 2083/35/68 2085/37/68
f 2084/36/68 2085/37/68 2086/38/68
f 2053/112/84 2051/113/84 2050/41/84
f 2050/41/84 2087/114/84 2085/115/84
f 2085/115/84 2083/116/84 2081/117/84
f 2081/117/84 2079/99/84 2077/118/84
f 2077/118/84 2075/119/84 2073/120/84
f 2073/120/84 2071/121/84 2069/104/84
f 2069/104/84 2067/122/84 2065/123/84
f 2065/123/84 2063/124/84 2061/125/84
f 2061/125/84 2059/56/84 2057/126/84
f 2057/126/84 2055/127/84 2053/112/84
f 2053/112/84 2050/41/84 2085/115/84
f 2085/115/84 2081/117/84 2077/118/84
f 2077/118/84 2073/120/84 2069/104/84
f 2069/104/84 2065/123/84 2061/125/84
f 2061/125/84 2057/126/84 2053/112/84
f 2053/112/84 2085/115/84 2077/118/84
f 2077/118/84 2069/104/84 2061/125/84
f 2077/118/84 2061/125/84 2053/112/84
f 2086/38/70 2085/37/70 2087/59/70
f 2086/38/70 2087/59/70 2088/60/70
f 2088/60/85 2087/59/85 2050/61/85
f 2088/60/85 2050/61/85 2049/62/85
f 2088/128/86 2049/64/86 2052/129/86
f 2052/129/86 2054/130/86 2056/131/86
f 2056/131/86 2058/132/86 2060/69/86
f 2060/69/86 2062/133/86 2064/134/86
f 2064/134/86 2066/135/86 2068/136/86
f 2068/136/86 2070/109/86 2072/137/86
f 2072/137/86 2074/138/86 2076/139/86
f 2076/139/86 2078/140/86 2080/79/86
f 2080/79/86 2082/141/86 2084/142/86
f 2084/142/86 2086/143/86 2088/128/86
f 2088/128/86 2052/129/86 2056/131/86
f 2056/131/86 2060/69/86 2064/134/86
f 2064/134/86 2068/136/86 2072/137/86
f 2072/137/86 2076/139/86 2080/79/86
f 2080/79/86 2084/142/86 2088/128/86
f 2088/128/86 2056/131/86 2064/134/86
f 2064/134/86 2072/137/86 2080/79/86
f 2064/134/86 2080/79/86 2088/128/86
