# Generated from the accepted BlenderMCP scene.
v 14 15.375 0.08499999
v 14 15.375 0.205
v 14 14.625 0.205
v 14 14.625 0.08499999
v 13 14.625 0.205
v 13 14.625 0.08499999
v 13 15.375 0.205
v 13 15.375 0.08499999
v 12.95 15.375 0.08499999
v 12.95 15.375 0.205
v 12.95 14.625 0.205
v 12.95 14.625 0.08499999
v 11.95 14.625 0.205
v 11.95 14.625 0.08499999
v 11.95 15.375 0.205
v 11.95 15.375 0.08499999
v 14 15.375 1.15
v 14 15.375 1.27
v 14 14.625 1.27
v 14 14.625 1.15
v 13 14.625 1.27
v 13 14.625 1.15
v 13 15.375 1.27
v 13 15.375 1.15
v 12.95 15.375 1.15
v 12.95 15.375 1.27
v 12.95 14.625 1.27
v 12.95 14.625 1.15
v 11.95 14.625 1.27
v 11.95 14.625 1.15
v 11.95 15.375 1.27
v 11.95 15.375 1.15
v 8 15.375 0.08499999
v 8 15.375 0.205
v 8 14.625 0.205
v 8 14.625 0.08499999
v 7 14.625 0.205
v 7 14.625 0.08499999
v 7 15.375 0.205
v 7 15.375 0.08499999
v 6.95 15.375 0.08499999
v 6.95 15.375 0.205
v 6.95 14.625 0.205
v 6.95 14.625 0.08499999
v 5.95 14.625 0.205
v 5.95 14.625 0.08499999
v 5.95 15.375 0.205
v 5.95 15.375 0.08499999
v 8 15.375 1.15
v 8 15.375 1.27
v 8 14.625 1.27
v 8 14.625 1.15
v 7 14.625 1.27
v 7 14.625 1.15
v 7 15.375 1.27
v 7 15.375 1.15
v 6.95 15.375 1.15
v 6.95 15.375 1.27
v 6.95 14.625 1.27
v 6.95 14.625 1.15
v 5.95 14.625 1.27
v 5.95 14.625 1.15
v 5.95 15.375 1.27
v 5.95 15.375 1.15
v -11 14.625 0.08499999
v -11 14.625 0.205
v -11 15.375 0.205
v -11 15.375 0.08499999
v -10 15.375 0.205
v -10 15.375 0.08499999
v -10 14.625 0.205
v -10 14.625 0.08499999
v -9.95 14.625 0.08499999
v -9.95 14.625 0.205
v -9.95 15.375 0.205
v -9.95 15.375 0.08499999
v -8.95 15.375 0.205
v -8.95 15.375 0.08499999
v -8.95 14.625 0.205
v -8.95 14.625 0.08499999
v -11 14.625 1.15
v -11 14.625 1.27
v -11 15.375 1.27
v -11 15.375 1.15
v -10 15.375 1.27
v -10 15.375 1.15
v -10 14.625 1.27
v -10 14.625 1.15
v -9.95 14.625 1.15
v -9.95 14.625 1.27
v -9.95 15.375 1.27
v -9.95 15.375 1.15
v -8.95 15.375 1.27
v -8.95 15.375 1.15
v -8.95 14.625 1.27
v -8.95 14.625 1.15
v -10.302 -11.76 0
v -10.302 -11.76 0.0825
v -10.302 -11.6 0.0825
v -10.302 -11.6 0
v -10.11 -11.6 0.0825
v -10.11 -11.6 0
v -10.11 -11.76 0.0825
v -10.11 -11.76 0
v -10.302 -11.38 0
v -10.302 -11.38 0.0825
v -10.302 -11.22 0.0825
v -10.302 -11.22 0
v -10.11 -11.22 0.0825
v -10.11 -11.22 0
v -10.11 -11.38 0.0825
v -10.11 -11.38 0
v -10.302 -11 0
v -10.302 -11 0.0825
v -10.302 -10.84 0.0825
v -10.302 -10.84 0
v -10.11 -10.84 0.0825
v -10.11 -10.84 0
v -10.11 -11 0.0825
v -10.11 -11 0
v -9.846 -11.76 0
v -9.846 -11.76 0.0825
v -9.846 -11.6 0.0825
v -9.846 -11.6 0
v -9.654 -11.6 0.0825
v -9.654 -11.6 0
v -9.654 -11.76 0.0825
v -9.654 -11.76 0
v -9.846 -11.38 0
v -9.846 -11.38 0.0825
v -9.846 -11.22 0.0825
v -9.846 -11.22 0
v -9.654 -11.22 0.0825
v -9.654 -11.22 0
v -9.654 -11.38 0.0825
v -9.654 -11.38 0
v -9.846 -11 0
v -9.846 -11 0.0825
v -9.846 -10.84 0.0825
v -9.846 -10.84 0
v -9.654 -10.84 0.0825
v -9.654 -10.84 0
v -9.654 -11 0.0825
v -9.654 -11 0
v -9.389999 -11.76 0
v -9.389999 -11.76 0.0825
v -9.389999 -11.6 0.0825
v -9.389999 -11.6 0
v -9.198 -11.6 0.0825
v -9.198 -11.6 0
v -9.198 -11.76 0.0825
v -9.198 -11.76 0
v -9.389999 -11.38 0
v -9.389999 -11.38 0.0825
v -9.389999 -11.22 0.0825
v -9.389999 -11.22 0
v -9.198 -11.22 0.0825
v -9.198 -11.22 0
v -9.198 -11.38 0.0825
v -9.198 -11.38 0
v -9.389999 -11 0
v -9.389999 -11 0.0825
v -9.389999 -10.84 0.0825
v -9.389999 -10.84 0
v -9.198 -10.84 0.0825
v -9.198 -10.84 0
v -9.198 -11 0.0825
v -9.198 -11 0
v -10.35 -11.8 0.0825
v -10.35 -11.8 0.15
v -10.35 -11.64375 0.15
v -10.35 -11.64375 0.0825
v -9.15 -11.64375 0.15
v -9.15 -11.64375 0.0825
v -9.15 -11.8 0.15
v -9.15 -11.8 0.0825
v -10.35 -11.58906 0.0825
v -10.35 -11.58906 0.15
v -10.35 -11.43281 0.15
v -10.35 -11.43281 0.0825
v -9.15 -11.43281 0.15
v -9.15 -11.43281 0.0825
v -9.15 -11.58906 0.15
v -9.15 -11.58906 0.0825
v -10.35 -11.37813 0.0825
v -10.35 -11.37813 0.15
v -10.35 -11.22188 0.15
v -10.35 -11.22188 0.0825
v -9.15 -11.22188 0.15
v -9.15 -11.22188 0.0825
v -9.15 -11.37813 0.15
v -9.15 -11.37813 0.0825
v -10.35 -11.16719 0.0825
v -10.35 -11.16719 0.15
v -10.35 -11.01094 0.15
v -10.35 -11.01094 0.0825
v -9.15 -11.01094 0.15
v -9.15 -11.01094 0.0825
v -9.15 -11.16719 0.15
v -9.15 -11.16719 0.0825
v -10.35 -10.95625 0.0825
v -10.35 -10.95625 0.15
v -10.35 -10.8 0.15
v -10.35 -10.8 0.0825
v -9.15 -10.8 0.15
v -9.15 -10.8 0.0825
v -9.15 -10.95625 0.15
v -9.15 -10.95625 0.0825
v -8.802 -11.76 0
v -8.802 -11.76 0.0825
v -8.802 -11.6 0.0825
v -8.802 -11.6 0
v -8.610001 -11.6 0.0825
v -8.610001 -11.6 0
v -8.610001 -11.76 0.0825
v -8.610001 -11.76 0
v -8.802 -11.38 0
v -8.802 -11.38 0.0825
v -8.802 -11.22 0.0825
v -8.802 -11.22 0
v -8.610001 -11.22 0.0825
v -8.610001 -11.22 0
v -8.610001 -11.38 0.0825
v -8.610001 -11.38 0
v -8.802 -11 0
v -8.802 -11 0.0825
v -8.802 -10.84 0.0825
v -8.802 -10.84 0
v -8.610001 -10.84 0.0825
v -8.610001 -10.84 0
v -8.610001 -11 0.0825
v -8.610001 -11 0
v -8.346 -11.76 0
v -8.346 -11.76 0.0825
v -8.346 -11.6 0.0825
v -8.346 -11.6 0
v -8.154 -11.6 0.0825
v -8.154 -11.6 0
v -8.154 -11.76 0.0825
v -8.154 -11.76 0
v -8.346 -11.38 0
v -8.346 -11.38 0.0825
v -8.346 -11.22 0.0825
v -8.346 -11.22 0
v -8.154 -11.22 0.0825
v -8.154 -11.22 0
v -8.154 -11.38 0.0825
v -8.154 -11.38 0
v -8.346 -11 0
v -8.346 -11 0.0825
v -8.346 -10.84 0.0825
v -8.346 -10.84 0
v -8.154 -10.84 0.0825
v -8.154 -10.84 0
v -8.154 -11 0.0825
v -8.154 -11 0
v -7.89 -11.76 0
v -7.89 -11.76 0.0825
v -7.89 -11.6 0.0825
v -7.89 -11.6 0
v -7.698 -11.6 0.0825
v -7.698 -11.6 0
v -7.698 -11.76 0.0825
v -7.698 -11.76 0
v -7.89 -11.38 0
v -7.89 -11.38 0.0825
v -7.89 -11.22 0.0825
v -7.89 -11.22 0
v -7.698 -11.22 0.0825
v -7.698 -11.22 0
v -7.698 -11.38 0.0825
v -7.698 -11.38 0
v -7.89 -11 0
v -7.89 -11 0.0825
v -7.89 -10.84 0.0825
v -7.89 -10.84 0
v -7.698 -10.84 0.0825
v -7.698 -10.84 0
v -7.698 -11 0.0825
v -7.698 -11 0
v -8.85 -11.8 0.0825
v -8.85 -11.8 0.15
v -8.85 -11.64375 0.15
v -8.85 -11.64375 0.0825
v -7.65 -11.64375 0.15
v -7.65 -11.64375 0.0825
v -7.65 -11.8 0.15
v -7.65 -11.8 0.0825
v -8.85 -11.58906 0.0825
v -8.85 -11.58906 0.15
v -8.85 -11.43281 0.15
v -8.85 -11.43281 0.0825
v -7.65 -11.43281 0.15
v -7.65 -11.43281 0.0825
v -7.65 -11.58906 0.15
v -7.65 -11.58906 0.0825
v -8.85 -11.37813 0.0825
v -8.85 -11.37813 0.15
v -8.85 -11.22188 0.15
v -8.85 -11.22188 0.0825
v -7.65 -11.22188 0.15
v -7.65 -11.22188 0.0825
v -7.65 -11.37813 0.15
v -7.65 -11.37813 0.0825
v -8.85 -11.16719 0.0825
v -8.85 -11.16719 0.15
v -8.85 -11.01094 0.15
v -8.85 -11.01094 0.0825
v -7.65 -11.01094 0.15
v -7.65 -11.01094 0.0825
v -7.65 -11.16719 0.15
v -7.65 -11.16719 0.0825
v -8.85 -10.95625 0.0825
v -8.85 -10.95625 0.15
v -8.85 -10.8 0.15
v -8.85 -10.8 0.0825
v -7.65 -10.8 0.15
v -7.65 -10.8 0.0825
v -7.65 -10.95625 0.15
v -7.65 -10.95625 0.0825
v -10.302 -10.46 0
v -10.302 -10.46 0.0825
v -10.302 -10.3 0.0825
v -10.302 -10.3 0
v -10.11 -10.3 0.0825
v -10.11 -10.3 0
v -10.11 -10.46 0.0825
v -10.11 -10.46 0
v -10.302 -10.08 0
v -10.302 -10.08 0.0825
v -10.302 -9.92 0.0825
v -10.302 -9.92 0
v -10.11 -9.92 0.0825
v -10.11 -9.92 0
v -10.11 -10.08 0.0825
v -10.11 -10.08 0
v -10.302 -9.7 0
v -10.302 -9.7 0.0825
v -10.302 -9.54 0.0825
v -10.302 -9.54 0
v -10.11 -9.54 0.0825
v -10.11 -9.54 0
v -10.11 -9.7 0.0825
v -10.11 -9.7 0
v -9.846 -10.46 0
v -9.846 -10.46 0.0825
v -9.846 -10.3 0.0825
v -9.846 -10.3 0
v -9.654 -10.3 0.0825
v -9.654 -10.3 0
v -9.654 -10.46 0.0825
v -9.654 -10.46 0
v -9.846 -10.08 0
v -9.846 -10.08 0.0825
v -9.846 -9.92 0.0825
v -9.846 -9.92 0
v -9.654 -9.92 0.0825
v -9.654 -9.92 0
v -9.654 -10.08 0.0825
v -9.654 -10.08 0
v -9.846 -9.7 0
v -9.846 -9.7 0.0825
v -9.846 -9.54 0.0825
v -9.846 -9.54 0
v -9.654 -9.54 0.0825
v -9.654 -9.54 0
v -9.654 -9.7 0.0825
v -9.654 -9.7 0
v -9.389999 -10.46 0
v -9.389999 -10.46 0.0825
v -9.389999 -10.3 0.0825
v -9.389999 -10.3 0
v -9.198 -10.3 0.0825
v -9.198 -10.3 0
v -9.198 -10.46 0.0825
v -9.198 -10.46 0
v -9.389999 -10.08 0
v -9.389999 -10.08 0.0825
v -9.389999 -9.92 0.0825
v -9.389999 -9.92 0
v -9.198 -9.92 0.0825
v -9.198 -9.92 0
v -9.198 -10.08 0.0825
v -9.198 -10.08 0
v -9.389999 -9.7 0
v -9.389999 -9.7 0.0825
v -9.389999 -9.54 0.0825
v -9.389999 -9.54 0
v -9.198 -9.54 0.0825
v -9.198 -9.54 0
v -9.198 -9.7 0.0825
v -9.198 -9.7 0
v -10.35 -10.5 0.0825
v -10.35 -10.5 0.15
v -10.35 -10.34375 0.15
v -10.35 -10.34375 0.0825
v -9.15 -10.34375 0.15
v -9.15 -10.34375 0.0825
v -9.15 -10.5 0.15
v -9.15 -10.5 0.0825
v -10.35 -10.28906 0.0825
v -10.35 -10.28906 0.15
v -10.35 -10.13281 0.15
v -10.35 -10.13281 0.0825
v -9.15 -10.13281 0.15
v -9.15 -10.13281 0.0825
v -9.15 -10.28906 0.15
v -9.15 -10.28906 0.0825
v -10.35 -10.07812 0.0825
v -10.35 -10.07812 0.15
v -10.35 -9.921875 0.15
v -10.35 -9.921875 0.0825
v -9.15 -9.921875 0.15
v -9.15 -9.921875 0.0825
v -9.15 -10.07812 0.15
v -9.15 -10.07812 0.0825
v -10.35 -9.867188 0.0825
v -10.35 -9.867188 0.15
v -10.35 -9.710938 0.15
v -10.35 -9.710938 0.0825
v -9.15 -9.710938 0.15
v -9.15 -9.710938 0.0825
v -9.15 -9.867188 0.15
v -9.15 -9.867188 0.0825
v -10.35 -9.65625 0.0825
v -10.35 -9.65625 0.15
v -10.35 -9.5 0.15
v -10.35 -9.5 0.0825
v -9.15 -9.5 0.15
v -9.15 -9.5 0.0825
v -9.15 -9.65625 0.15
v -9.15 -9.65625 0.0825
v -8.802 -10.46 0
v -8.802 -10.46 0.0825
v -8.802 -10.3 0.0825
v -8.802 -10.3 0
v -8.610001 -10.3 0.0825
v -8.610001 -10.3 0
v -8.610001 -10.46 0.0825
v -8.610001 -10.46 0
v -8.802 -10.08 0
v -8.802 -10.08 0.0825
v -8.802 -9.92 0.0825
v -8.802 -9.92 0
v -8.610001 -9.92 0.0825
v -8.610001 -9.92 0
v -8.610001 -10.08 0.0825
v -8.610001 -10.08 0
v -8.802 -9.7 0
v -8.802 -9.7 0.0825
v -8.802 -9.54 0.0825
v -8.802 -9.54 0
v -8.610001 -9.54 0.0825
v -8.610001 -9.54 0
v -8.610001 -9.7 0.0825
v -8.610001 -9.7 0
v -8.346 -10.46 0
v -8.346 -10.46 0.0825
v -8.346 -10.3 0.0825
v -8.346 -10.3 0
v -8.154 -10.3 0.0825
v -8.154 -10.3 0
v -8.154 -10.46 0.0825
v -8.154 -10.46 0
v -8.346 -10.08 0
v -8.346 -10.08 0.0825
v -8.346 -9.92 0.0825
v -8.346 -9.92 0
v -8.154 -9.92 0.0825
v -8.154 -9.92 0
v -8.154 -10.08 0.0825
v -8.154 -10.08 0
v -8.346 -9.7 0
v -8.346 -9.7 0.0825
v -8.346 -9.54 0.0825
v -8.346 -9.54 0
v -8.154 -9.54 0.0825
v -8.154 -9.54 0
v -8.154 -9.7 0.0825
v -8.154 -9.7 0
v -7.89 -10.46 0
v -7.89 -10.46 0.0825
v -7.89 -10.3 0.0825
v -7.89 -10.3 0
v -7.698 -10.3 0.0825
v -7.698 -10.3 0
v -7.698 -10.46 0.0825
v -7.698 -10.46 0
v -7.89 -10.08 0
v -7.89 -10.08 0.0825
v -7.89 -9.92 0.0825
v -7.89 -9.92 0
v -7.698 -9.92 0.0825
v -7.698 -9.92 0
v -7.698 -10.08 0.0825
v -7.698 -10.08 0
v -7.89 -9.7 0
v -7.89 -9.7 0.0825
v -7.89 -9.54 0.0825
v -7.89 -9.54 0
v -7.698 -9.54 0.0825
v -7.698 -9.54 0
v -7.698 -9.7 0.0825
v -7.698 -9.7 0
v -8.85 -10.5 0.0825
v -8.85 -10.5 0.15
v -8.85 -10.34375 0.15
v -8.85 -10.34375 0.0825
v -7.65 -10.34375 0.15
v -7.65 -10.34375 0.0825
v -7.65 -10.5 0.15
v -7.65 -10.5 0.0825
v -8.85 -10.28906 0.0825
v -8.85 -10.28906 0.15
v -8.85 -10.13281 0.15
v -8.85 -10.13281 0.0825
v -7.65 -10.13281 0.15
v -7.65 -10.13281 0.0825
v -7.65 -10.28906 0.15
v -7.65 -10.28906 0.0825
v -8.85 -10.07812 0.0825
v -8.85 -10.07812 0.15
v -8.85 -9.921875 0.15
v -8.85 -9.921875 0.0825
v -7.65 -9.921875 0.15
v -7.65 -9.921875 0.0825
v -7.65 -10.07812 0.15
v -7.65 -10.07812 0.0825
v -8.85 -9.867188 0.0825
v -8.85 -9.867188 0.15
v -8.85 -9.710938 0.15
v -8.85 -9.710938 0.0825
v -7.65 -9.710938 0.15
v -7.65 -9.710938 0.0825
v -7.65 -9.867188 0.15
v -7.65 -9.867188 0.0825
v -8.85 -9.65625 0.0825
v -8.85 -9.65625 0.15
v -8.85 -9.5 0.15
v -8.85 -9.5 0.0825
v -7.65 -9.5 0.15
v -7.65 -9.5 0.0825
v -7.65 -9.65625 0.15
v -7.65 -9.65625 0.0825
v -10.302 -9.16 0
v -10.302 -9.16 0.0825
v -10.302 -9 0.0825
v -10.302 -9 0
v -10.11 -9 0.0825
v -10.11 -9 0
v -10.11 -9.16 0.0825
v -10.11 -9.16 0
v -10.302 -8.78 0
v -10.302 -8.78 0.0825
v -10.302 -8.62 0.0825
v -10.302 -8.62 0
v -10.11 -8.62 0.0825
v -10.11 -8.62 0
v -10.11 -8.78 0.0825
v -10.11 -8.78 0
v -10.302 -8.4 0
v -10.302 -8.4 0.0825
v -10.302 -8.24 0.0825
v -10.302 -8.24 0
v -10.11 -8.24 0.0825
v -10.11 -8.24 0
v -10.11 -8.4 0.0825
v -10.11 -8.4 0
v -9.846 -9.16 0
v -9.846 -9.16 0.0825
v -9.846 -9 0.0825
v -9.846 -9 0
v -9.654 -9 0.0825
v -9.654 -9 0
v -9.654 -9.16 0.0825
v -9.654 -9.16 0
v -9.846 -8.78 0
v -9.846 -8.78 0.0825
v -9.846 -8.62 0.0825
v -9.846 -8.62 0
v -9.654 -8.62 0.0825
v -9.654 -8.62 0
v -9.654 -8.78 0.0825
v -9.654 -8.78 0
v -9.846 -8.4 0
v -9.846 -8.4 0.0825
v -9.846 -8.24 0.0825
v -9.846 -8.24 0
v -9.654 -8.24 0.0825
v -9.654 -8.24 0
v -9.654 -8.4 0.0825
v -9.654 -8.4 0
v -9.389999 -9.16 0
v -9.389999 -9.16 0.0825
v -9.389999 -9 0.0825
v -9.389999 -9 0
v -9.198 -9 0.0825
v -9.198 -9 0
v -9.198 -9.16 0.0825
v -9.198 -9.16 0
v -9.389999 -8.78 0
v -9.389999 -8.78 0.0825
v -9.389999 -8.62 0.0825
v -9.389999 -8.62 0
v -9.198 -8.62 0.0825
v -9.198 -8.62 0
v -9.198 -8.78 0.0825
v -9.198 -8.78 0
v -9.389999 -8.4 0
v -9.389999 -8.4 0.0825
v -9.389999 -8.24 0.0825
v -9.389999 -8.24 0
v -9.198 -8.24 0.0825
v -9.198 -8.24 0
v -9.198 -8.4 0.0825
v -9.198 -8.4 0
v -10.35 -9.2 0.0825
v -10.35 -9.2 0.15
v -10.35 -9.04375 0.15
v -10.35 -9.04375 0.0825
v -9.15 -9.04375 0.15
v -9.15 -9.04375 0.0825
v -9.15 -9.2 0.15
v -9.15 -9.2 0.0825
v -10.35 -8.989062 0.0825
v -10.35 -8.989062 0.15
v -10.35 -8.832812 0.15
v -10.35 -8.832812 0.0825
v -9.15 -8.832812 0.15
v -9.15 -8.832812 0.0825
v -9.15 -8.989062 0.15
v -9.15 -8.989062 0.0825
v -10.35 -8.778125 0.0825
v -10.35 -8.778125 0.15
v -10.35 -8.621875 0.15
v -10.35 -8.621875 0.0825
v -9.15 -8.621875 0.15
v -9.15 -8.621875 0.0825
v -9.15 -8.778125 0.15
v -9.15 -8.778125 0.0825
v -10.35 -8.567187 0.0825
v -10.35 -8.567187 0.15
v -10.35 -8.410937 0.15
v -10.35 -8.410937 0.0825
v -9.15 -8.410937 0.15
v -9.15 -8.410937 0.0825
v -9.15 -8.567187 0.15
v -9.15 -8.567187 0.0825
v -10.35 -8.35625 0.0825
v -10.35 -8.35625 0.15
v -10.35 -8.2 0.15
v -10.35 -8.2 0.0825
v -9.15 -8.2 0.15
v -9.15 -8.2 0.0825
v -9.15 -8.35625 0.15
v -9.15 -8.35625 0.0825
v -8.802 -9.16 0
v -8.802 -9.16 0.0825
v -8.802 -9 0.0825
v -8.802 -9 0
v -8.610001 -9 0.0825
v -8.610001 -9 0
v -8.610001 -9.16 0.0825
v -8.610001 -9.16 0
v -8.802 -8.78 0
v -8.802 -8.78 0.0825
v -8.802 -8.62 0.0825
v -8.802 -8.62 0
v -8.610001 -8.62 0.0825
v -8.610001 -8.62 0
v -8.610001 -8.78 0.0825
v -8.610001 -8.78 0
v -8.802 -8.4 0
v -8.802 -8.4 0.0825
v -8.802 -8.24 0.0825
v -8.802 -8.24 0
v -8.610001 -8.24 0.0825
v -8.610001 -8.24 0
v -8.610001 -8.4 0.0825
v -8.610001 -8.4 0
v -8.346 -9.16 0
v -8.346 -9.16 0.0825
v -8.346 -9 0.0825
v -8.346 -9 0
v -8.154 -9 0.0825
v -8.154 -9 0
v -8.154 -9.16 0.0825
v -8.154 -9.16 0
v -8.346 -8.78 0
v -8.346 -8.78 0.0825
v -8.346 -8.62 0.0825
v -8.346 -8.62 0
v -8.154 -8.62 0.0825
v -8.154 -8.62 0
v -8.154 -8.78 0.0825
v -8.154 -8.78 0
v -8.346 -8.4 0
v -8.346 -8.4 0.0825
v -8.346 -8.24 0.0825
v -8.346 -8.24 0
v -8.154 -8.24 0.0825
v -8.154 -8.24 0
v -8.154 -8.4 0.0825
v -8.154 -8.4 0
v -7.89 -9.16 0
v -7.89 -9.16 0.0825
v -7.89 -9 0.0825
v -7.89 -9 0
v -7.698 -9 0.0825
v -7.698 -9 0
v -7.698 -9.16 0.0825
v -7.698 -9.16 0
v -7.89 -8.78 0
v -7.89 -8.78 0.0825
v -7.89 -8.62 0.0825
v -7.89 -8.62 0
v -7.698 -8.62 0.0825
v -7.698 -8.62 0
v -7.698 -8.78 0.0825
v -7.698 -8.78 0
v -7.89 -8.4 0
v -7.89 -8.4 0.0825
v -7.89 -8.24 0.0825
v -7.89 -8.24 0
v -7.698 -8.24 0.0825
v -7.698 -8.24 0
v -7.698 -8.4 0.0825
v -7.698 -8.4 0
v -8.85 -9.2 0.0825
v -8.85 -9.2 0.15
v -8.85 -9.04375 0.15
v -8.85 -9.04375 0.0825
v -7.65 -9.04375 0.15
v -7.65 -9.04375 0.0825
v -7.65 -9.2 0.15
v -7.65 -9.2 0.0825
v -8.85 -8.989062 0.0825
v -8.85 -8.989062 0.15
v -8.85 -8.832812 0.15
v -8.85 -8.832812 0.0825
v -7.65 -8.832812 0.15
v -7.65 -8.832812 0.0825
v -7.65 -8.989062 0.15
v -7.65 -8.989062 0.0825
v -8.85 -8.778125 0.0825
v -8.85 -8.778125 0.15
v -8.85 -8.621875 0.15
v -8.85 -8.621875 0.0825
v -7.65 -8.621875 0.15
v -7.65 -8.621875 0.0825
v -7.65 -8.778125 0.15
v -7.65 -8.778125 0.0825
v -8.85 -8.567187 0.0825
v -8.85 -8.567187 0.15
v -8.85 -8.410937 0.15
v -8.85 -8.410937 0.0825
v -7.65 -8.410937 0.15
v -7.65 -8.410937 0.0825
v -7.65 -8.567187 0.15
v -7.65 -8.567187 0.0825
v -8.85 -8.35625 0.0825
v -8.85 -8.35625 0.15
v -8.85 -8.2 0.15
v -8.85 -8.2 0.0825
v -7.65 -8.2 0.15
v -7.65 -8.2 0.0825
v -7.65 -8.35625 0.15
v -7.65 -8.35625 0.0825
v -11.372 -10.372 0.028
v -11.372 -10.372 0.672
v -11.372 -9.628 0.672
v -11.372 -9.628 0.028
v -10.628 -9.628 0.672
v -10.628 -9.628 0.028
v -10.628 -10.372 0.672
v -10.628 -10.372 0.028
v -11.4 -10.4 0
v -11.4 -10.4 0.7
v -11.4 -10.344 0.7
v -11.4 -10.344 0
v -11.344 -10.344 0.7
v -11.344 -10.344 0
v -11.344 -10.4 0.7
v -11.344 -10.4 0
v -11.4 -9.656 0
v -11.4 -9.656 0.7
v -11.4 -9.6 0.7
v -11.4 -9.6 0
v -11.344 -9.6 0.7
v -11.344 -9.6 0
v -11.344 -9.656 0.7
v -11.344 -9.656 0
v -10.656 -10.4 0
v -10.656 -10.4 0.7
v -10.656 -10.344 0.7
v -10.656 -10.344 0
v -10.6 -10.344 0.7
v -10.6 -10.344 0
v -10.6 -10.4 0.7
v -10.6 -10.4 0
v -10.656 -9.656 0
v -10.656 -9.656 0.7
v -10.656 -9.6 0.7
v -10.656 -9.6 0
v -10.6 -9.6 0.7
v -10.6 -9.6 0
v -10.6 -9.656 0.7
v -10.6 -9.656 0
v -11.4 -9.656 0.0224
v -11.4 -9.656 0.0784
v -11.4 -9.6 0.0784
v -11.4 -9.6 0.0224
v -10.6 -9.6 0.0784
v -10.6 -9.6 0.0224
v -10.6 -9.656 0.0784
v -10.6 -9.656 0.0224
v -11.4 -10.4 0.0224
v -11.4 -10.4 0.0784
v -11.4 -10.344 0.0784
v -11.4 -10.344 0.0224
v -10.6 -10.344 0.0784
v -10.6 -10.344 0.0224
v -10.6 -10.4 0.0784
v -10.6 -10.4 0.0224
v -10.656 -10.4 0.0224
v -10.656 -10.4 0.0784
v -10.656 -9.6 0.0784
v -10.656 -9.6 0.0224
v -11.344 -9.6 0.0784
v -11.344 -9.6 0.0224
v -11.344 -10.4 0.0784
v -11.344 -10.4 0.0224
v -11.4 -9.656 0.6216
v -11.4 -9.656 0.6776
v -11.4 -9.6 0.6776
v -11.4 -9.6 0.6216
v -10.6 -9.6 0.6776
v -10.6 -9.6 0.6216
v -10.6 -9.656 0.6776
v -10.6 -9.656 0.6216
v -11.4 -10.4 0.6216
v -11.4 -10.4 0.6776
v -11.4 -10.344 0.6776
v -11.4 -10.344 0.6216
v -10.6 -10.344 0.6776
v -10.6 -10.344 0.6216
v -10.6 -10.4 0.6776
v -10.6 -10.4 0.6216
v -10.656 -10.4 0.6216
v -10.656 -10.4 0.6776
v -10.656 -9.6 0.6776
v -10.656 -9.6 0.6216
v -11.344 -9.6 0.6776
v -11.344 -9.6 0.6216
v -11.344 -10.4 0.6776
v -11.344 -10.4 0.6216
v -10.372 -10.372 0.028
v -10.372 -10.372 0.672
v -10.372 -9.628 0.672
v -10.372 -9.628 0.028
v -9.628 -9.628 0.672
v -9.628 -9.628 0.028
v -9.628 -10.372 0.672
v -9.628 -10.372 0.028
v -10.4 -10.4 0
v -10.4 -10.4 0.7
v -10.4 -10.344 0.7
v -10.4 -10.344 0
v -10.344 -10.344 0.7
v -10.344 -10.344 0
v -10.344 -10.4 0.7
v -10.344 -10.4 0
v -10.4 -9.656 0
v -10.4 -9.656 0.7
v -10.4 -9.6 0.7
v -10.4 -9.6 0
v -10.344 -9.6 0.7
v -10.344 -9.6 0
v -10.344 -9.656 0.7
v -10.344 -9.656 0
v -9.656 -10.4 0
v -9.656 -10.4 0.7
v -9.656 -10.344 0.7
v -9.656 -10.344 0
v -9.6 -10.344 0.7
v -9.6 -10.344 0
v -9.6 -10.4 0.7
v -9.6 -10.4 0
v -9.656 -9.656 0
v -9.656 -9.656 0.7
v -9.656 -9.6 0.7
v -9.656 -9.6 0
v -9.6 -9.6 0.7
v -9.6 -9.6 0
v -9.6 -9.656 0.7
v -9.6 -9.656 0
v -10.4 -9.656 0.0224
v -10.4 -9.656 0.0784
v -10.4 -9.6 0.0784
v -10.4 -9.6 0.0224
v -9.6 -9.6 0.0784
v -9.6 -9.6 0.0224
v -9.6 -9.656 0.0784
v -9.6 -9.656 0.0224
v -10.4 -10.4 0.0224
v -10.4 -10.4 0.0784
v -10.4 -10.344 0.0784
v -10.4 -10.344 0.0224
v -9.6 -10.344 0.0784
v -9.6 -10.344 0.0224
v -9.6 -10.4 0.0784
v -9.6 -10.4 0.0224
v -9.656 -10.4 0.0224
v -9.656 -10.4 0.0784
v -9.656 -9.6 0.0784
v -9.656 -9.6 0.0224
v -10.344 -9.6 0.0784
v -10.344 -9.6 0.0224
v -10.344 -10.4 0.0784
v -10.344 -10.4 0.0224
v -10.4 -9.656 0.6216
v -10.4 -9.656 0.6776
v -10.4 -9.6 0.6776
v -10.4 -9.6 0.6216
v -9.6 -9.6 0.6776
v -9.6 -9.6 0.6216
v -9.6 -9.656 0.6776
v -9.6 -9.656 0.6216
v -10.4 -10.4 0.6216
v -10.4 -10.4 0.6776
v -10.4 -10.344 0.6776
v -10.4 -10.344 0.6216
v -9.6 -10.344 0.6776
v -9.6 -10.344 0.6216
v -9.6 -10.4 0.6776
v -9.6 -10.4 0.6216
v -9.656 -10.4 0.6216
v -9.656 -10.4 0.6776
v -9.656 -9.6 0.6776
v -9.656 -9.6 0.6216
v -10.344 -9.6 0.6776
v -10.344 -9.6 0.6216
v -10.344 -10.4 0.6776
v -10.344 -10.4 0.6216
v -9.372 -10.372 0.028
v -9.372 -10.372 0.672
v -9.372 -9.628 0.672
v -9.372 -9.628 0.028
v -8.628 -9.628 0.672
v -8.628 -9.628 0.028
v -8.628 -10.372 0.672
v -8.628 -10.372 0.028
v -9.4 -10.4 0
v -9.4 -10.4 0.7
v -9.4 -10.344 0.7
v -9.4 -10.344 0
v -9.344 -10.344 0.7
v -9.344 -10.344 0
v -9.344 -10.4 0.7
v -9.344 -10.4 0
v -9.4 -9.656 0
v -9.4 -9.656 0.7
v -9.4 -9.6 0.7
v -9.4 -9.6 0
v -9.344 -9.6 0.7
v -9.344 -9.6 0
v -9.344 -9.656 0.7
v -9.344 -9.656 0
v -8.656 -10.4 0
v -8.656 -10.4 0.7
v -8.656 -10.344 0.7
v -8.656 -10.344 0
v -8.6 -10.344 0.7
v -8.6 -10.344 0
v -8.6 -10.4 0.7
v -8.6 -10.4 0
v -8.656 -9.656 0
v -8.656 -9.656 0.7
v -8.656 -9.6 0.7
v -8.656 -9.6 0
v -8.6 -9.6 0.7
v -8.6 -9.6 0
v -8.6 -9.656 0.7
v -8.6 -9.656 0
v -9.4 -9.656 0.0224
v -9.4 -9.656 0.0784
v -9.4 -9.6 0.0784
v -9.4 -9.6 0.0224
v -8.6 -9.6 0.0784
v -8.6 -9.6 0.0224
v -8.6 -9.656 0.0784
v -8.6 -9.656 0.0224
v -9.4 -10.4 0.0224
v -9.4 -10.4 0.0784
v -9.4 -10.344 0.0784
v -9.4 -10.344 0.0224
v -8.6 -10.344 0.0784
v -8.6 -10.344 0.0224
v -8.6 -10.4 0.0784
v -8.6 -10.4 0.0224
v -8.656 -10.4 0.0224
v -8.656 -10.4 0.0784
v -8.656 -9.6 0.0784
v -8.656 -9.6 0.0224
v -9.344 -9.6 0.0784
v -9.344 -9.6 0.0224
v -9.344 -10.4 0.0784
v -9.344 -10.4 0.0224
v -9.4 -9.656 0.6216
v -9.4 -9.656 0.6776
v -9.4 -9.6 0.6776
v -9.4 -9.6 0.6216
v -8.6 -9.6 0.6776
v -8.6 -9.6 0.6216
v -8.6 -9.656 0.6776
v -8.6 -9.656 0.6216
v -9.4 -10.4 0.6216
v -9.4 -10.4 0.6776
v -9.4 -10.344 0.6776
v -9.4 -10.344 0.6216
v -8.6 -10.344 0.6776
v -8.6 -10.344 0.6216
v -8.6 -10.4 0.6776
v -8.6 -10.4 0.6216
v -8.656 -10.4 0.6216
v -8.656 -10.4 0.6776
v -8.656 -9.6 0.6776
v -8.656 -9.6 0.6216
v -9.344 -9.6 0.6776
v -9.344 -9.6 0.6216
v -9.344 -10.4 0.6776
v -9.344 -10.4 0.6216
v -8.372 -10.372 0.028
v -8.372 -10.372 0.672
v -8.372 -9.628 0.672
v -8.372 -9.628 0.028
v -7.628 -9.628 0.672
v -7.628 -9.628 0.028
v -7.628 -10.372 0.672
v -7.628 -10.372 0.028
v -8.4 -10.4 0
v -8.4 -10.4 0.7
v -8.4 -10.344 0.7
v -8.4 -10.344 0
v -8.344 -10.344 0.7
v -8.344 -10.344 0
v -8.344 -10.4 0.7
v -8.344 -10.4 0
v -8.4 -9.656 0
v -8.4 -9.656 0.7
v -8.4 -9.6 0.7
v -8.4 -9.6 0
v -8.344 -9.6 0.7
v -8.344 -9.6 0
v -8.344 -9.656 0.7
v -8.344 -9.656 0
v -7.656 -10.4 0
v -7.656 -10.4 0.7
v -7.656 -10.344 0.7
v -7.656 -10.344 0
v -7.6 -10.344 0.7
v -7.6 -10.344 0
v -7.6 -10.4 0.7
v -7.6 -10.4 0
v -7.656 -9.656 0
v -7.656 -9.656 0.7
v -7.656 -9.6 0.7
v -7.656 -9.6 0
v -7.6 -9.6 0.7
v -7.6 -9.6 0
v -7.6 -9.656 0.7
v -7.6 -9.656 0
v -8.4 -9.656 0.0224
v -8.4 -9.656 0.0784
v -8.4 -9.6 0.0784
v -8.4 -9.6 0.0224
v -7.6 -9.6 0.0784
v -7.6 -9.6 0.0224
v -7.6 -9.656 0.0784
v -7.6 -9.656 0.0224
v -8.4 -10.4 0.0224
v -8.4 -10.4 0.0784
v -8.4 -10.344 0.0784
v -8.4 -10.344 0.0224
v -7.6 -10.344 0.0784
v -7.6 -10.344 0.0224
v -7.6 -10.4 0.0784
v -7.6 -10.4 0.0224
v -7.656 -10.4 0.0224
v -7.656 -10.4 0.0784
v -7.656 -9.6 0.0784
v -7.656 -9.6 0.0224
v -8.344 -9.6 0.0784
v -8.344 -9.6 0.0224
v -8.344 -10.4 0.0784
v -8.344 -10.4 0.0224
v -8.4 -9.656 0.6216
v -8.4 -9.656 0.6776
v -8.4 -9.6 0.6776
v -8.4 -9.6 0.6216
v -7.6 -9.6 0.6776
v -7.6 -9.6 0.6216
v -7.6 -9.656 0.6776
v -7.6 -9.656 0.6216
v -8.4 -10.4 0.6216
v -8.4 -10.4 0.6776
v -8.4 -10.344 0.6776
v -8.4 -10.344 0.6216
v -7.6 -10.344 0.6776
v -7.6 -10.344 0.6216
v -7.6 -10.4 0.6776
v -7.6 -10.4 0.6216
v -7.656 -10.4 0.6216
v -7.656 -10.4 0.6776
v -7.656 -9.6 0.6776
v -7.656 -9.6 0.6216
v -8.344 -9.6 0.6776
v -8.344 -9.6 0.6216
v -8.344 -10.4 0.6776
v -8.344 -10.4 0.6216
v -7.372 -10.372 0.028
v -7.372 -10.372 0.672
v -7.372 -9.628 0.672
v -7.372 -9.628 0.028
v -6.628 -9.628 0.672
v -6.628 -9.628 0.028
v -6.628 -10.372 0.672
v -6.628 -10.372 0.028
v -7.4 -10.4 0
v -7.4 -10.4 0.7
v -7.4 -10.344 0.7
v -7.4 -10.344 0
v -7.344 -10.344 0.7
v -7.344 -10.344 0
v -7.344 -10.4 0.7
v -7.344 -10.4 0
v -7.4 -9.656 0
v -7.4 -9.656 0.7
v -7.4 -9.6 0.7
v -7.4 -9.6 0
v -7.344 -9.6 0.7
v -7.344 -9.6 0
v -7.344 -9.656 0.7
v -7.344 -9.656 0
v -6.656 -10.4 0
v -6.656 -10.4 0.7
v -6.656 -10.344 0.7
v -6.656 -10.344 0
v -6.6 -10.344 0.7
v -6.6 -10.344 0
v -6.6 -10.4 0.7
v -6.6 -10.4 0
v -6.656 -9.656 0
v -6.656 -9.656 0.7
v -6.656 -9.6 0.7
v -6.656 -9.6 0
v -6.6 -9.6 0.7
v -6.6 -9.6 0
v -6.6 -9.656 0.7
v -6.6 -9.656 0
v -7.4 -9.656 0.0224
v -7.4 -9.656 0.0784
v -7.4 -9.6 0.0784
v -7.4 -9.6 0.0224
v -6.6 -9.6 0.0784
v -6.6 -9.6 0.0224
v -6.6 -9.656 0.0784
v -6.6 -9.656 0.0224
v -7.4 -10.4 0.0224
v -7.4 -10.4 0.0784
v -7.4 -10.344 0.0784
v -7.4 -10.344 0.0224
v -6.6 -10.344 0.0784
v -6.6 -10.344 0.0224
v -6.6 -10.4 0.0784
v -6.6 -10.4 0.0224
v -6.656 -10.4 0.0224
v -6.656 -10.4 0.0784
v -6.656 -9.6 0.0784
v -6.656 -9.6 0.0224
v -7.344 -9.6 0.0784
v -7.344 -9.6 0.0224
v -7.344 -10.4 0.0784
v -7.344 -10.4 0.0224
v -7.4 -9.656 0.6216
v -7.4 -9.656 0.6776
v -7.4 -9.6 0.6776
v -7.4 -9.6 0.6216
v -6.6 -9.6 0.6776
v -6.6 -9.6 0.6216
v -6.6 -9.656 0.6776
v -6.6 -9.656 0.6216
v -7.4 -10.4 0.6216
v -7.4 -10.4 0.6776
v -7.4 -10.344 0.6776
v -7.4 -10.344 0.6216
v -6.6 -10.344 0.6776
v -6.6 -10.344 0.6216
v -6.6 -10.4 0.6776
v -6.6 -10.4 0.6216
v -6.656 -10.4 0.6216
v -6.656 -10.4 0.6776
v -6.656 -9.6 0.6776
v -6.656 -9.6 0.6216
v -7.344 -9.6 0.6776
v -7.344 -9.6 0.6216
v -7.344 -10.4 0.6776
v -7.344 -10.4 0.6216
v -10.326 -11.762 0.152
v -10.326 -11.762 0.172
v -10.326 -11.638 0.172
v -10.326 -11.638 0.152
v -9.174 -11.638 0.172
v -9.174 -11.638 0.152
v -9.174 -11.762 0.172
v -9.174 -11.762 0.152
v -10.326 -11.562 0.152
v -10.326 -11.562 0.172
v -10.326 -11.438 0.172
v -10.326 -11.438 0.152
v -9.174 -11.438 0.172
v -9.174 -11.438 0.152
v -9.174 -11.562 0.172
v -9.174 -11.562 0.152
v -10.326 -11.362 0.152
v -10.326 -11.362 0.172
v -10.326 -11.238 0.172
v -10.326 -11.238 0.152
v -9.174 -11.238 0.172
v -9.174 -11.238 0.152
v -9.174 -11.362 0.172
v -9.174 -11.362 0.152
v -10.326 -11.162 0.152
v -10.326 -11.162 0.172
v -10.326 -11.038 0.172
v -10.326 -11.038 0.152
v -9.174 -11.038 0.172
v -9.174 -11.038 0.152
v -9.174 -11.162 0.172
v -9.174 -11.162 0.152
v -10.326 -10.962 0.152
v -10.326 -10.962 0.172
v -10.326 -10.838 0.172
v -10.326 -10.838 0.152
v -9.174 -10.838 0.172
v -9.174 -10.838 0.152
v -9.174 -10.962 0.172
v -9.174 -10.962 0.152
v -8.826 -11.762 0.152
v -8.826 -11.762 0.172
v -8.826 -11.638 0.172
v -8.826 -11.638 0.152
v -7.674 -11.638 0.172
v -7.674 -11.638 0.152
v -7.674 -11.762 0.172
v -7.674 -11.762 0.152
v -8.826 -11.562 0.152
v -8.826 -11.562 0.172
v -8.826 -11.438 0.172
v -8.826 -11.438 0.152
v -7.674 -11.438 0.172
v -7.674 -11.438 0.152
v -7.674 -11.562 0.172
v -7.674 -11.562 0.152
v -8.826 -11.362 0.152
v -8.826 -11.362 0.172
v -8.826 -11.238 0.172
v -8.826 -11.238 0.152
v -7.674 -11.238 0.172
v -7.674 -11.238 0.152
v -7.674 -11.362 0.172
v -7.674 -11.362 0.152
v -8.826 -11.162 0.152
v -8.826 -11.162 0.172
v -8.826 -11.038 0.172
v -8.826 -11.038 0.152
v -7.674 -11.038 0.172
v -7.674 -11.038 0.152
v -7.674 -11.162 0.172
v -7.674 -11.162 0.152
v -8.826 -10.962 0.152
v -8.826 -10.962 0.172
v -8.826 -10.838 0.172
v -8.826 -10.838 0.152
v -7.674 -10.838 0.172
v -7.674 -10.838 0.152
v -7.674 -10.962 0.172
v -7.674 -10.962 0.152
v -10.326 -10.462 0.152
v -10.326 -10.462 0.172
v -10.326 -10.338 0.172
v -10.326 -10.338 0.152
v -9.174 -10.338 0.172
v -9.174 -10.338 0.152
v -9.174 -10.462 0.172
v -9.174 -10.462 0.152
v -10.326 -10.262 0.152
v -10.326 -10.262 0.172
v -10.326 -10.138 0.172
v -10.326 -10.138 0.152
v -9.174 -10.138 0.172
v -9.174 -10.138 0.152
v -9.174 -10.262 0.172
v -9.174 -10.262 0.152
v -10.326 -10.062 0.152
v -10.326 -10.062 0.172
v -10.326 -9.938 0.172
v -10.326 -9.938 0.152
v -9.174 -9.938 0.172
v -9.174 -9.938 0.152
v -9.174 -10.062 0.172
v -9.174 -10.062 0.152
v -10.326 -9.862 0.152
v -10.326 -9.862 0.172
v -10.326 -9.738 0.172
v -10.326 -9.738 0.152
v -9.174 -9.738 0.172
v -9.174 -9.738 0.152
v -9.174 -9.862 0.172
v -9.174 -9.862 0.152
v -10.326 -9.662001 0.152
v -10.326 -9.662001 0.172
v -10.326 -9.538 0.172
v -10.326 -9.538 0.152
v -9.174 -9.538 0.172
v -9.174 -9.538 0.152
v -9.174 -9.662001 0.172
v -9.174 -9.662001 0.152
v -8.826 -10.462 0.152
v -8.826 -10.462 0.172
v -8.826 -10.338 0.172
v -8.826 -10.338 0.152
v -7.674 -10.338 0.172
v -7.674 -10.338 0.152
v -7.674 -10.462 0.172
v -7.674 -10.462 0.152
v -8.826 -10.262 0.152
v -8.826 -10.262 0.172
v -8.826 -10.138 0.172
v -8.826 -10.138 0.152
v -7.674 -10.138 0.172
v -7.674 -10.138 0.152
v -7.674 -10.262 0.172
v -7.674 -10.262 0.152
v -8.826 -10.062 0.152
v -8.826 -10.062 0.172
v -8.826 -9.938 0.172
v -8.826 -9.938 0.152
v -7.674 -9.938 0.172
v -7.674 -9.938 0.152
v -7.674 -10.062 0.172
v -7.674 -10.062 0.152
v -8.826 -9.862 0.152
v -8.826 -9.862 0.172
v -8.826 -9.738 0.172
v -8.826 -9.738 0.152
v -7.674 -9.738 0.172
v -7.674 -9.738 0.152
v -7.674 -9.862 0.172
v -7.674 -9.862 0.152
v -8.826 -9.662001 0.152
v -8.826 -9.662001 0.172
v -8.826 -9.538 0.172
v -8.826 -9.538 0.152
v -7.674 -9.538 0.172
v -7.674 -9.538 0.152
v -7.674 -9.662001 0.172
v -7.674 -9.662001 0.152
v -10.326 -9.162 0.152
v -10.326 -9.162 0.172
v -10.326 -9.037999 0.172
v -10.326 -9.037999 0.152
v -9.174 -9.037999 0.172
v -9.174 -9.037999 0.152
v -9.174 -9.162 0.172
v -9.174 -9.162 0.152
v -10.326 -8.962 0.152
v -10.326 -8.962 0.172
v -10.326 -8.837999 0.172
v -10.326 -8.837999 0.152
v -9.174 -8.837999 0.172
v -9.174 -8.837999 0.152
v -9.174 -8.962 0.172
v -9.174 -8.962 0.152
v -10.326 -8.762 0.152
v -10.326 -8.762 0.172
v -10.326 -8.638 0.172
v -10.326 -8.638 0.152
v -9.174 -8.638 0.172
v -9.174 -8.638 0.152
v -9.174 -8.762 0.172
v -9.174 -8.762 0.152
v -10.326 -8.562 0.152
v -10.326 -8.562 0.172
v -10.326 -8.438 0.172
v -10.326 -8.438 0.152
v -9.174 -8.438 0.172
v -9.174 -8.438 0.152
v -9.174 -8.562 0.172
v -9.174 -8.562 0.152
v -10.326 -8.362 0.152
v -10.326 -8.362 0.172
v -10.326 -8.238 0.172
v -10.326 -8.238 0.152
v -9.174 -8.238 0.172
v -9.174 -8.238 0.152
v -9.174 -8.362 0.172
v -9.174 -8.362 0.152
v -8.826 -9.162 0.152
v -8.826 -9.162 0.172
v -8.826 -9.037999 0.172
v -8.826 -9.037999 0.152
v -7.674 -9.037999 0.172
v -7.674 -9.037999 0.152
v -7.674 -9.162 0.172
v -7.674 -9.162 0.152
v -8.826 -8.962 0.152
v -8.826 -8.962 0.172
v -8.826 -8.837999 0.172
v -8.826 -8.837999 0.152
v -7.674 -8.837999 0.172
v -7.674 -8.837999 0.152
v -7.674 -8.962 0.172
v -7.674 -8.962 0.152
v -8.826 -8.762 0.152
v -8.826 -8.762 0.172
v -8.826 -8.638 0.172
v -8.826 -8.638 0.152
v -7.674 -8.638 0.172
v -7.674 -8.638 0.152
v -7.674 -8.762 0.172
v -7.674 -8.762 0.152
v -8.826 -8.562 0.152
v -8.826 -8.562 0.172
v -8.826 -8.438 0.172
v -8.826 -8.438 0.152
v -7.674 -8.438 0.172
v -7.674 -8.438 0.152
v -7.674 -8.562 0.172
v -7.674 -8.562 0.152
v -8.826 -8.362 0.152
v -8.826 -8.362 0.172
v -8.826 -8.238 0.172
v -8.826 -8.238 0.152
v -7.674 -8.238 0.172
v -7.674 -8.238 0.152
v -7.674 -8.362 0.172
v -7.674 -8.362 0.152
v -11.396 -10.396 0.006999999
v -11.396 -10.396 0.693
v -11.396 -10.356 0.693
v -11.396 -10.356 0.006999999
v -11.356 -10.356 0.693
v -11.356 -10.356 0.006999999
v -11.356 -10.396 0.693
v -11.356 -10.396 0.006999999
v -11.396 -9.644001 0.006999999
v -11.396 -9.644001 0.693
v -11.396 -9.604 0.693
v -11.396 -9.604 0.006999999
v -11.356 -9.604 0.693
v -11.356 -9.604 0.006999999
v -11.356 -9.644001 0.693
v -11.356 -9.644001 0.006999999
v -10.644 -10.396 0.006999999
v -10.644 -10.396 0.693
v -10.644 -10.356 0.693
v -10.644 -10.356 0.006999999
v -10.604 -10.356 0.693
v -10.604 -10.356 0.006999999
v -10.604 -10.396 0.693
v -10.604 -10.396 0.006999999
v -10.644 -9.644001 0.006999999
v -10.644 -9.644001 0.693
v -10.644 -9.604 0.693
v -10.644 -9.604 0.006999999
v -10.604 -9.604 0.693
v -10.604 -9.604 0.006999999
v -10.604 -9.644001 0.693
v -10.604 -9.644001 0.006999999
v -11.404 -10.0175 0.475
v -11.404 -10.0175 0.505
v -11.404 -9.9825 0.505
v -11.404 -9.9825 0.475
v -10.596 -9.9825 0.505
v -10.596 -9.9825 0.475
v -10.596 -10.0175 0.505
v -10.596 -10.0175 0.475
v -11.0175 -10.404 0.23
v -11.0175 -10.404 0.26
v -11.0175 -9.596001 0.26
v -11.0175 -9.596001 0.23
v -10.9825 -9.596001 0.26
v -10.9825 -9.596001 0.23
v -10.9825 -10.404 0.26
v -10.9825 -10.404 0.23
v -10.396 -10.396 0.006999999
v -10.396 -10.396 0.693
v -10.396 -10.356 0.693
v -10.396 -10.356 0.006999999
v -10.356 -10.356 0.693
v -10.356 -10.356 0.006999999
v -10.356 -10.396 0.693
v -10.356 -10.396 0.006999999
v -10.396 -9.644001 0.006999999
v -10.396 -9.644001 0.693
v -10.396 -9.604 0.693
v -10.396 -9.604 0.006999999
v -10.356 -9.604 0.693
v -10.356 -9.604 0.006999999
v -10.356 -9.644001 0.693
v -10.356 -9.644001 0.006999999
v -9.644001 -10.396 0.006999999
v -9.644001 -10.396 0.693
v -9.644001 -10.356 0.693
v -9.644001 -10.356 0.006999999
v -9.604 -10.356 0.693
v -9.604 -10.356 0.006999999
v -9.604 -10.396 0.693
v -9.604 -10.396 0.006999999
v -9.644001 -9.644001 0.006999999
v -9.644001 -9.644001 0.693
v -9.644001 -9.604 0.693
v -9.644001 -9.604 0.006999999
v -9.604 -9.604 0.693
v -9.604 -9.604 0.006999999
v -9.604 -9.644001 0.693
v -9.604 -9.644001 0.006999999
v -10.404 -10.0175 0.475
v -10.404 -10.0175 0.505
v -10.404 -9.9825 0.505
v -10.404 -9.9825 0.475
v -9.596001 -9.9825 0.505
v -9.596001 -9.9825 0.475
v -9.596001 -10.0175 0.505
v -9.596001 -10.0175 0.475
v -10.0175 -10.404 0.23
v -10.0175 -10.404 0.26
v -10.0175 -9.596001 0.26
v -10.0175 -9.596001 0.23
v -9.9825 -9.596001 0.26
v -9.9825 -9.596001 0.23
v -9.9825 -10.404 0.26
v -9.9825 -10.404 0.23
v -9.396 -10.396 0.006999999
v -9.396 -10.396 0.693
v -9.396 -10.356 0.693
v -9.396 -10.356 0.006999999
v -9.355999 -10.356 0.693
v -9.355999 -10.356 0.006999999
v -9.355999 -10.396 0.693
v -9.355999 -10.396 0.006999999
v -9.396 -9.644001 0.006999999
v -9.396 -9.644001 0.693
v -9.396 -9.604 0.693
v -9.396 -9.604 0.006999999
v -9.355999 -9.604 0.693
v -9.355999 -9.604 0.006999999
v -9.355999 -9.644001 0.693
v -9.355999 -9.644001 0.006999999
v -8.644001 -10.396 0.006999999
v -8.644001 -10.396 0.693
v -8.644001 -10.356 0.693
v -8.644001 -10.356 0.006999999
v -8.604 -10.356 0.693
v -8.604 -10.356 0.006999999
v -8.604 -10.396 0.693
v -8.604 -10.396 0.006999999
v -8.644001 -9.644001 0.006999999
v -8.644001 -9.644001 0.693
v -8.644001 -9.604 0.693
v -8.644001 -9.604 0.006999999
v -8.604 -9.604 0.693
v -8.604 -9.604 0.006999999
v -8.604 -9.644001 0.693
v -8.604 -9.644001 0.006999999
v -9.403999 -10.0175 0.475
v -9.403999 -10.0175 0.505
v -9.403999 -9.9825 0.505
v -9.403999 -9.9825 0.475
v -8.596001 -9.9825 0.505
v -8.596001 -9.9825 0.475
v -8.596001 -10.0175 0.505
v -8.596001 -10.0175 0.475
v -9.0175 -10.404 0.23
v -9.0175 -10.404 0.26
v -9.0175 -9.596001 0.26
v -9.0175 -9.596001 0.23
v -8.9825 -9.596001 0.26
v -8.9825 -9.596001 0.23
v -8.9825 -10.404 0.26
v -8.9825 -10.404 0.23
v -8.396 -10.396 0.006999999
v -8.396 -10.396 0.693
v -8.396 -10.356 0.693
v -8.396 -10.356 0.006999999
v -8.355999 -10.356 0.693
v -8.355999 -10.356 0.006999999
v -8.355999 -10.396 0.693
v -8.355999 -10.396 0.006999999
v -8.396 -9.644001 0.006999999
v -8.396 -9.644001 0.693
v -8.396 -9.604 0.693
v -8.396 -9.604 0.006999999
v -8.355999 -9.604 0.693
v -8.355999 -9.604 0.006999999
v -8.355999 -9.644001 0.693
v -8.355999 -9.644001 0.006999999
v -7.644 -10.396 0.006999999
v -7.644 -10.396 0.693
v -7.644 -10.356 0.693
v -7.644 -10.356 0.006999999
v -7.604 -10.356 0.693
v -7.604 -10.356 0.006999999
v -7.604 -10.396 0.693
v -7.604 -10.396 0.006999999
v -7.644 -9.644001 0.006999999
v -7.644 -9.644001 0.693
v -7.644 -9.604 0.693
v -7.644 -9.604 0.006999999
v -7.604 -9.604 0.693
v -7.604 -9.604 0.006999999
v -7.604 -9.644001 0.693
v -7.604 -9.644001 0.006999999
v -8.404 -10.0175 0.475
v -8.404 -10.0175 0.505
v -8.404 -9.9825 0.505
v -8.404 -9.9825 0.475
v -7.596 -9.9825 0.505
v -7.596 -9.9825 0.475
v -7.596 -10.0175 0.505
v -7.596 -10.0175 0.475
v -8.0175 -10.404 0.23
v -8.0175 -10.404 0.26
v -8.0175 -9.596001 0.26
v -8.0175 -9.596001 0.23
v -7.9825 -9.596001 0.26
v -7.9825 -9.596001 0.23
v -7.9825 -10.404 0.26
v -7.9825 -10.404 0.23
v -7.396 -10.396 0.006999999
v -7.396 -10.396 0.693
v -7.396 -10.356 0.693
v -7.396 -10.356 0.006999999
v -7.356 -10.356 0.693
v -7.356 -10.356 0.006999999
v -7.356 -10.396 0.693
v -7.356 -10.396 0.006999999
v -7.396 -9.644001 0.006999999
v -7.396 -9.644001 0.693
v -7.396 -9.604 0.693
v -7.396 -9.604 0.006999999
v -7.356 -9.604 0.693
v -7.356 -9.604 0.006999999
v -7.356 -9.644001 0.693
v -7.356 -9.644001 0.006999999
v -6.644 -10.396 0.006999999
v -6.644 -10.396 0.693
v -6.644 -10.356 0.693
v -6.644 -10.356 0.006999999
v -6.604 -10.356 0.693
v -6.604 -10.356 0.006999999
v -6.604 -10.396 0.693
v -6.604 -10.396 0.006999999
v -6.644 -9.644001 0.006999999
v -6.644 -9.644001 0.693
v -6.644 -9.604 0.693
v -6.644 -9.604 0.006999999
v -6.604 -9.604 0.693
v -6.604 -9.604 0.006999999
v -6.604 -9.644001 0.693
v -6.604 -9.644001 0.006999999
v -7.404 -10.0175 0.475
v -7.404 -10.0175 0.505
v -7.404 -9.9825 0.505
v -7.404 -9.9825 0.475
v -6.596 -9.9825 0.505
v -6.596 -9.9825 0.475
v -6.596 -10.0175 0.505
v -6.596 -10.0175 0.475
v -7.0175 -10.404 0.23
v -7.0175 -10.404 0.26
v -7.0175 -9.596001 0.26
v -7.0175 -9.596001 0.23
v -6.9825 -9.596001 0.26
v -6.9825 -9.596001 0.23
v -6.9825 -10.404 0.26
v -6.9825 -10.404 0.23
vt 0.375 0
vt 0.625 0
vt 0.625 0.25
vt 0.375 0.25
vt 0.625 0.5
vt 0.375 0.5
vt 0.625 0.75
vt 0.375 0.75
vt 0.625 1
vt 0.375 1
vt 0.125 0.5
vt 0.125 0.75
vt 0.875 0.5
vt 0.875 0.75
vn 1 1.509958e-07 0
vn 1.509958e-07 -1 0
vn -1 -1.509958e-07 0
vn -1.509958e-07 1 0
vn 0 0 -1
vn 0 0 1
vn -1 0 0
vn 0 1 0
vn 1 0 0
vn 0 -1 0
f 1/1/1 2/2/1 3/3/1
f 1/1/1 3/3/1 4/4/1
f 4/4/2 3/3/2 5/5/2
f 4/4/2 5/5/2 6/6/2
f 6/6/3 5/5/3 7/7/3
f 6/6/3 7/7/3 8/8/3
f 8/8/4 7/7/4 2/9/4
f 8/8/4 2/9/4 1/10/4
f 4/11/5 6/6/5 8/8/5
f 4/11/5 8/8/5 1/12/5
f 5/5/6 3/13/6 2/14/6
f 5/5/6 2/14/6 7/7/6
f 9/1/1 10/2/1 11/3/1
f 9/1/1 11/3/1 12/4/1
f 12/4/2 11/3/2 13/5/2
f 12/4/2 13/5/2 14/6/2
f 14/6/3 13/5/3 15/7/3
f 14/6/3 15/7/3 16/8/3
f 16/8/4 15/7/4 10/9/4
f 16/8/4 10/9/4 9/10/4
f 12/11/5 14/6/5 16/8/5
f 12/11/5 16/8/5 9/12/5
f 13/5/6 11/13/6 10/14/6
f 13/5/6 10/14/6 15/7/6
f 17/1/1 18/2/1 19/3/1
f 17/1/1 19/3/1 20/4/1
f 20/4/2 19/3/2 21/5/2
f 20/4/2 21/5/2 22/6/2
f 22/6/3 21/5/3 23/7/3
f 22/6/3 23/7/3 24/8/3
f 24/8/4 23/7/4 18/9/4
f 24/8/4 18/9/4 17/10/4
f 20/11/5 22/6/5 24/8/5
f 20/11/5 24/8/5 17/12/5
f 21/5/6 19/13/6 18/14/6
f 21/5/6 18/14/6 23/7/6
f 25/1/1 26/2/1 27/3/1
f 25/1/1 27/3/1 28/4/1
f 28/4/2 27/3/2 29/5/2
f 28/4/2 29/5/2 30/6/2
f 30/6/3 29/5/3 31/7/3
f 30/6/3 31/7/3 32/8/3
f 32/8/4 31/7/4 26/9/4
f 32/8/4 26/9/4 25/10/4
f 28/11/5 30/6/5 32/8/5
f 28/11/5 32/8/5 25/12/5
f 29/5/6 27/13/6 26/14/6
f 29/5/6 26/14/6 31/7/6
f 33/1/1 34/2/1 35/3/1
f 33/1/1 35/3/1 36/4/1
f 36/4/2 35/3/2 37/5/2
f 36/4/2 37/5/2 38/6/2
f 38/6/3 37/5/3 39/7/3
f 38/6/3 39/7/3 40/8/3
f 40/8/4 39/7/4 34/9/4
f 40/8/4 34/9/4 33/10/4
f 36/11/5 38/6/5 40/8/5
f 36/11/5 40/8/5 33/12/5
f 37/5/6 35/13/6 34/14/6
f 37/5/6 34/14/6 39/7/6
f 41/1/1 42/2/1 43/3/1
f 41/1/1 43/3/1 44/4/1
f 44/4/2 43/3/2 45/5/2
f 44/4/2 45/5/2 46/6/2
f 46/6/3 45/5/3 47/7/3
f 46/6/3 47/7/3 48/8/3
f 48/8/4 47/7/4 42/9/4
f 48/8/4 42/9/4 41/10/4
f 44/11/5 46/6/5 48/8/5
f 44/11/5 48/8/5 41/12/5
f 45/5/6 43/13/6 42/14/6
f 45/5/6 42/14/6 47/7/6
f 49/1/1 50/2/1 51/3/1
f 49/1/1 51/3/1 52/4/1
f 52/4/2 51/3/2 53/5/2
f 52/4/2 53/5/2 54/6/2
f 54/6/3 53/5/3 55/7/3
f 54/6/3 55/7/3 56/8/3
f 56/8/4 55/7/4 50/9/4
f 56/8/4 50/9/4 49/10/4
f 52/11/5 54/6/5 56/8/5
f 52/11/5 56/8/5 49/12/5
f 53/5/6 51/13/6 50/14/6
f 53/5/6 50/14/6 55/7/6
f 57/1/1 58/2/1 59/3/1
f 57/1/1 59/3/1 60/4/1
f 60/4/2 59/3/2 61/5/2
f 60/4/2 61/5/2 62/6/2
f 62/6/3 61/5/3 63/7/3
f 62/6/3 63/7/3 64/8/3
f 64/8/4 63/7/4 58/9/4
f 64/8/4 58/9/4 57/10/4
f 60/11/5 62/6/5 64/8/5
f 60/11/5 64/8/5 57/12/5
f 61/5/6 59/13/6 58/14/6
f 61/5/6 58/14/6 63/7/6
f 65/1/7 66/2/7 67/3/7
f 65/1/7 67/3/7 68/4/7
f 68/4/8 67/3/8 69/5/8
f 68/4/8 69/5/8 70/6/8
f 70/6/9 69/5/9 71/7/9
f 70/6/9 71/7/9 72/8/9
f 72/8/10 71/7/10 66/9/10
f 72/8/10 66/9/10 65/10/10
f 68/11/5 70/6/5 72/8/5
f 68/11/5 72/8/5 65/12/5
f 69/5/6 67/13/6 66/14/6
f 69/5/6 66/14/6 71/7/6
f 73/1/7 74/2/7 75/3/7
f 73/1/7 75/3/7 76/4/7
f 76/4/8 75/3/8 77/5/8
f 76/4/8 77/5/8 78/6/8
f 78/6/9 77/5/9 79/7/9
f 78/6/9 79/7/9 80/8/9
f 80/8/10 79/7/10 74/9/10
f 80/8/10 74/9/10 73/10/10
f 76/11/5 78/6/5 80/8/5
f 76/11/5 80/8/5 73/12/5
f 77/5/6 75/13/6 74/14/6
f 77/5/6 74/14/6 79/7/6
f 81/1/7 82/2/7 83/3/7
f 81/1/7 83/3/7 84/4/7
f 84/4/8 83/3/8 85/5/8
f 84/4/8 85/5/8 86/6/8
f 86/6/9 85/5/9 87/7/9
f 86/6/9 87/7/9 88/8/9
f 88/8/10 87/7/10 82/9/10
f 88/8/10 82/9/10 81/10/10
f 84/11/5 86/6/5 88/8/5
f 84/11/5 88/8/5 81/12/5
f 85/5/6 83/13/6 82/14/6
f 85/5/6 82/14/6 87/7/6
f 89/1/7 90/2/7 91/3/7
f 89/1/7 91/3/7 92/4/7
f 92/4/8 91/3/8 93/5/8
f 92/4/8 93/5/8 94/6/8
f 94/6/9 93/5/9 95/7/9
f 94/6/9 95/7/9 96/8/9
f 96/8/10 95/7/10 90/9/10
f 96/8/10 90/9/10 89/10/10
f 92/11/5 94/6/5 96/8/5
f 92/11/5 96/8/5 89/12/5
f 93/5/6 91/13/6 90/14/6
f 93/5/6 90/14/6 95/7/6
f 97/1/7 98/2/7 99/3/7
f 97/1/7 99/3/7 100/4/7
f 100/4/8 99/3/8 101/5/8
f 100/4/8 101/5/8 102/6/8
f 102/6/9 101/5/9 103/7/9
f 102/6/9 103/7/9 104/8/9
f 104/8/10 103/7/10 98/9/10
f 104/8/10 98/9/10 97/10/10
f 100/11/5 102/6/5 104/8/5
f 100/11/5 104/8/5 97/12/5
f 101/5/6 99/13/6 98/14/6
f 101/5/6 98/14/6 103/7/6
f 105/1/7 106/2/7 107/3/7
f 105/1/7 107/3/7 108/4/7
f 108/4/8 107/3/8 109/5/8
f 108/4/8 109/5/8 110/6/8
f 110/6/9 109/5/9 111/7/9
f 110/6/9 111/7/9 112/8/9
f 112/8/10 111/7/10 106/9/10
f 112/8/10 106/9/10 105/10/10
f 108/11/5 110/6/5 112/8/5
f 108/11/5 112/8/5 105/12/5
f 109/5/6 107/13/6 106/14/6
f 109/5/6 106/14/6 111/7/6
f 113/1/7 114/2/7 115/3/7
f 113/1/7 115/3/7 116/4/7
f 116/4/8 115/3/8 117/5/8
f 116/4/8 117/5/8 118/6/8
f 118/6/9 117/5/9 119/7/9
f 118/6/9 119/7/9 120/8/9
f 120/8/10 119/7/10 114/9/10
f 120/8/10 114/9/10 113/10/10
f 116/11/5 118/6/5 120/8/5
f 116/11/5 120/8/5 113/12/5
f 117/5/6 115/13/6 114/14/6
f 117/5/6 114/14/6 119/7/6
f 121/1/7 122/2/7 123/3/7
f 121/1/7 123/3/7 124/4/7
f 124/4/8 123/3/8 125/5/8
f 124/4/8 125/5/8 126/6/8
f 126/6/9 125/5/9 127/7/9
f 126/6/9 127/7/9 128/8/9
f 128/8/10 127/7/10 122/9/10
f 128/8/10 122/9/10 121/10/10
f 124/11/5 126/6/5 128/8/5
f 124/11/5 128/8/5 121/12/5
f 125/5/6 123/13/6 122/14/6
f 125/5/6 122/14/6 127/7/6
f 129/1/7 130/2/7 131/3/7
f 129/1/7 131/3/7 132/4/7
f 132/4/8 131/3/8 133/5/8
f 132/4/8 133/5/8 134/6/8
f 134/6/9 133/5/9 135/7/9
f 134/6/9 135/7/9 136/8/9
f 136/8/10 135/7/10 130/9/10
f 136/8/10 130/9/10 129/10/10
f 132/11/5 134/6/5 136/8/5
f 132/11/5 136/8/5 129/12/5
f 133/5/6 131/13/6 130/14/6
f 133/5/6 130/14/6 135/7/6
f 137/1/7 138/2/7 139/3/7
f 137/1/7 139/3/7 140/4/7
f 140/4/8 139/3/8 141/5/8
f 140/4/8 141/5/8 142/6/8
f 142/6/9 141/5/9 143/7/9
f 142/6/9 143/7/9 144/8/9
f 144/8/10 143/7/10 138/9/10
f 144/8/10 138/9/10 137/10/10
f 140/11/5 142/6/5 144/8/5
f 140/11/5 144/8/5 137/12/5
f 141/5/6 139/13/6 138/14/6
f 141/5/6 138/14/6 143/7/6
f 145/1/7 146/2/7 147/3/7
f 145/1/7 147/3/7 148/4/7
f 148/4/8 147/3/8 149/5/8
f 148/4/8 149/5/8 150/6/8
f 150/6/9 149/5/9 151/7/9
f 150/6/9 151/7/9 152/8/9
f 152/8/10 151/7/10 146/9/10
f 152/8/10 146/9/10 145/10/10
f 148/11/5 150/6/5 152/8/5
f 148/11/5 152/8/5 145/12/5
f 149/5/6 147/13/6 146/14/6
f 149/5/6 146/14/6 151/7/6
f 153/1/7 154/2/7 155/3/7
f 153/1/7 155/3/7 156/4/7
f 156/4/8 155/3/8 157/5/8
f 156/4/8 157/5/8 158/6/8
f 158/6/9 157/5/9 159/7/9
f 158/6/9 159/7/9 160/8/9
f 160/8/10 159/7/10 154/9/10
f 160/8/10 154/9/10 153/10/10
f 156/11/5 158/6/5 160/8/5
f 156/11/5 160/8/5 153/12/5
f 157/5/6 155/13/6 154/14/6
f 157/5/6 154/14/6 159/7/6
f 161/1/7 162/2/7 163/3/7
f 161/1/7 163/3/7 164/4/7
f 164/4/8 163/3/8 165/5/8
f 164/4/8 165/5/8 166/6/8
f 166/6/9 165/5/9 167/7/9
f 166/6/9 167/7/9 168/8/9
f 168/8/10 167/7/10 162/9/10
f 168/8/10 162/9/10 161/10/10
f 164/11/5 166/6/5 168/8/5
f 164/11/5 168/8/5 161/12/5
f 165/5/6 163/13/6 162/14/6
f 165/5/6 162/14/6 167/7/6
f 169/1/7 170/2/7 171/3/7
f 169/1/7 171/3/7 172/4/7
f 172/4/8 171/3/8 173/5/8
f 172/4/8 173/5/8 174/6/8
f 174/6/9 173/5/9 175/7/9
f 174/6/9 175/7/9 176/8/9
f 176/8/10 175/7/10 170/9/10
f 176/8/10 170/9/10 169/10/10
f 172/11/5 174/6/5 176/8/5
f 172/11/5 176/8/5 169/12/5
f 173/5/6 171/13/6 170/14/6
f 173/5/6 170/14/6 175/7/6
f 177/1/7 178/2/7 179/3/7
f 177/1/7 179/3/7 180/4/7
f 180/4/8 179/3/8 181/5/8
f 180/4/8 181/5/8 182/6/8
f 182/6/9 181/5/9 183/7/9
f 182/6/9 183/7/9 184/8/9
f 184/8/10 183/7/10 178/9/10
f 184/8/10 178/9/10 177/10/10
f 180/11/5 182/6/5 184/8/5
f 180/11/5 184/8/5 177/12/5
f 181/5/6 179/13/6 178/14/6
f 181/5/6 178/14/6 183/7/6
f 185/1/7 186/2/7 187/3/7
f 185/1/7 187/3/7 188/4/7
f 188/4/8 187/3/8 189/5/8
f 188/4/8 189/5/8 190/6/8
f 190/6/9 189/5/9 191/7/9
f 190/6/9 191/7/9 192/8/9
f 192/8/10 191/7/10 186/9/10
f 192/8/10 186/9/10 185/10/10
f 188/11/5 190/6/5 192/8/5
f 188/11/5 192/8/5 185/12/5
f 189/5/6 187/13/6 186/14/6
f 189/5/6 186/14/6 191/7/6
f 193/1/7 194/2/7 195/3/7
f 193/1/7 195/3/7 196/4/7
f 196/4/8 195/3/8 197/5/8
f 196/4/8 197/5/8 198/6/8
f 198/6/9 197/5/9 199/7/9
f 198/6/9 199/7/9 200/8/9
f 200/8/10 199/7/10 194/9/10
f 200/8/10 194/9/10 193/10/10
f 196/11/5 198/6/5 200/8/5
f 196/11/5 200/8/5 193/12/5
f 197/5/6 195/13/6 194/14/6
f 197/5/6 194/14/6 199/7/6
f 201/1/7 202/2/7 203/3/7
f 201/1/7 203/3/7 204/4/7
f 204/4/8 203/3/8 205/5/8
f 204/4/8 205/5/8 206/6/8
f 206/6/9 205/5/9 207/7/9
f 206/6/9 207/7/9 208/8/9
f 208/8/10 207/7/10 202/9/10
f 208/8/10 202/9/10 201/10/10
f 204/11/5 206/6/5 208/8/5
f 204/11/5 208/8/5 201/12/5
f 205/5/6 203/13/6 202/14/6
f 205/5/6 202/14/6 207/7/6
f 209/1/7 210/2/7 211/3/7
f 209/1/7 211/3/7 212/4/7
f 212/4/8 211/3/8 213/5/8
f 212/4/8 213/5/8 214/6/8
f 214/6/9 213/5/9 215/7/9
f 214/6/9 215/7/9 216/8/9
f 216/8/10 215/7/10 210/9/10
f 216/8/10 210/9/10 209/10/10
f 212/11/5 214/6/5 216/8/5
f 212/11/5 216/8/5 209/12/5
f 213/5/6 211/13/6 210/14/6
f 213/5/6 210/14/6 215/7/6
f 217/1/7 218/2/7 219/3/7
f 217/1/7 219/3/7 220/4/7
f 220/4/8 219/3/8 221/5/8
f 220/4/8 221/5/8 222/6/8
f 222/6/9 221/5/9 223/7/9
f 222/6/9 223/7/9 224/8/9
f 224/8/10 223/7/10 218/9/10
f 224/8/10 218/9/10 217/10/10
f 220/11/5 222/6/5 224/8/5
f 220/11/5 224/8/5 217/12/5
f 221/5/6 219/13/6 218/14/6
f 221/5/6 218/14/6 223/7/6
f 225/1/7 226/2/7 227/3/7
f 225/1/7 227/3/7 228/4/7
f 228/4/8 227/3/8 229/5/8
f 228/4/8 229/5/8 230/6/8
f 230/6/9 229/5/9 231/7/9
f 230/6/9 231/7/9 232/8/9
f 232/8/10 231/7/10 226/9/10
f 232/8/10 226/9/10 225/10/10
f 228/11/5 230/6/5 232/8/5
f 228/11/5 232/8/5 225/12/5
f 229/5/6 227/13/6 226/14/6
f 229/5/6 226/14/6 231/7/6
f 233/1/7 234/2/7 235/3/7
f 233/1/7 235/3/7 236/4/7
f 236/4/8 235/3/8 237/5/8
f 236/4/8 237/5/8 238/6/8
f 238/6/9 237/5/9 239/7/9
f 238/6/9 239/7/9 240/8/9
f 240/8/10 239/7/10 234/9/10
f 240/8/10 234/9/10 233/10/10
f 236/11/5 238/6/5 240/8/5
f 236/11/5 240/8/5 233/12/5
f 237/5/6 235/13/6 234/14/6
f 237/5/6 234/14/6 239/7/6
f 241/1/7 242/2/7 243/3/7
f 241/1/7 243/3/7 244/4/7
f 244/4/8 243/3/8 245/5/8
f 244/4/8 245/5/8 246/6/8
f 246/6/9 245/5/9 247/7/9
f 246/6/9 247/7/9 248/8/9
f 248/8/10 247/7/10 242/9/10
f 248/8/10 242/9/10 241/10/10
f 244/11/5 246/6/5 248/8/5
f 244/11/5 248/8/5 241/12/5
f 245/5/6 243/13/6 242/14/6
f 245/5/6 242/14/6 247/7/6
f 249/1/7 250/2/7 251/3/7
f 249/1/7 251/3/7 252/4/7
f 252/4/8 251/3/8 253/5/8
f 252/4/8 253/5/8 254/6/8
f 254/6/9 253/5/9 255/7/9
f 254/6/9 255/7/9 256/8/9
f 256/8/10 255/7/10 250/9/10
f 256/8/10 250/9/10 249/10/10
f 252/11/5 254/6/5 256/8/5
f 252/11/5 256/8/5 249/12/5
f 253/5/6 251/13/6 250/14/6
f 253/5/6 250/14/6 255/7/6
f 257/1/7 258/2/7 259/3/7
f 257/1/7 259/3/7 260/4/7
f 260/4/8 259/3/8 261/5/8
f 260/4/8 261/5/8 262/6/8
f 262/6/9 261/5/9 263/7/9
f 262/6/9 263/7/9 264/8/9
f 264/8/10 263/7/10 258/9/10
f 264/8/10 258/9/10 257/10/10
f 260/11/5 262/6/5 264/8/5
f 260/11/5 264/8/5 257/12/5
f 261/5/6 259/13/6 258/14/6
f 261/5/6 258/14/6 263/7/6
f 265/1/7 266/2/7 267/3/7
f 265/1/7 267/3/7 268/4/7
f 268/4/8 267/3/8 269/5/8
f 268/4/8 269/5/8 270/6/8
f 270/6/9 269/5/9 271/7/9
f 270/6/9 271/7/9 272/8/9
f 272/8/10 271/7/10 266/9/10
f 272/8/10 266/9/10 265/10/10
f 268/11/5 270/6/5 272/8/5
f 268/11/5 272/8/5 265/12/5
f 269/5/6 267/13/6 266/14/6
f 269/5/6 266/14/6 271/7/6
f 273/1/7 274/2/7 275/3/7
f 273/1/7 275/3/7 276/4/7
f 276/4/8 275/3/8 277/5/8
f 276/4/8 277/5/8 278/6/8
f 278/6/9 277/5/9 279/7/9
f 278/6/9 279/7/9 280/8/9
f 280/8/10 279/7/10 274/9/10
f 280/8/10 274/9/10 273/10/10
f 276/11/5 278/6/5 280/8/5
f 276/11/5 280/8/5 273/12/5
f 277/5/6 275/13/6 274/14/6
f 277/5/6 274/14/6 279/7/6
f 281/1/7 282/2/7 283/3/7
f 281/1/7 283/3/7 284/4/7
f 284/4/8 283/3/8 285/5/8
f 284/4/8 285/5/8 286/6/8
f 286/6/9 285/5/9 287/7/9
f 286/6/9 287/7/9 288/8/9
f 288/8/10 287/7/10 282/9/10
f 288/8/10 282/9/10 281/10/10
f 284/11/5 286/6/5 288/8/5
f 284/11/5 288/8/5 281/12/5
f 285/5/6 283/13/6 282/14/6
f 285/5/6 282/14/6 287/7/6
f 289/1/7 290/2/7 291/3/7
f 289/1/7 291/3/7 292/4/7
f 292/4/8 291/3/8 293/5/8
f 292/4/8 293/5/8 294/6/8
f 294/6/9 293/5/9 295/7/9
f 294/6/9 295/7/9 296/8/9
f 296/8/10 295/7/10 290/9/10
f 296/8/10 290/9/10 289/10/10
f 292/11/5 294/6/5 296/8/5
f 292/11/5 296/8/5 289/12/5
f 293/5/6 291/13/6 290/14/6
f 293/5/6 290/14/6 295/7/6
f 297/1/7 298/2/7 299/3/7
f 297/1/7 299/3/7 300/4/7
f 300/4/8 299/3/8 301/5/8
f 300/4/8 301/5/8 302/6/8
f 302/6/9 301/5/9 303/7/9
f 302/6/9 303/7/9 304/8/9
f 304/8/10 303/7/10 298/9/10
f 304/8/10 298/9/10 297/10/10
f 300/11/5 302/6/5 304/8/5
f 300/11/5 304/8/5 297/12/5
f 301/5/6 299/13/6 298/14/6
f 301/5/6 298/14/6 303/7/6
f 305/1/7 306/2/7 307/3/7
f 305/1/7 307/3/7 308/4/7
f 308/4/8 307/3/8 309/5/8
f 308/4/8 309/5/8 310/6/8
f 310/6/9 309/5/9 311/7/9
f 310/6/9 311/7/9 312/8/9
f 312/8/10 311/7/10 306/9/10
f 312/8/10 306/9/10 305/10/10
f 308/11/5 310/6/5 312/8/5
f 308/11/5 312/8/5 305/12/5
f 309/5/6 307/13/6 306/14/6
f 309/5/6 306/14/6 311/7/6
f 313/1/7 314/2/7 315/3/7
f 313/1/7 315/3/7 316/4/7
f 316/4/8 315/3/8 317/5/8
f 316/4/8 317/5/8 318/6/8
f 318/6/9 317/5/9 319/7/9
f 318/6/9 319/7/9 320/8/9
f 320/8/10 319/7/10 314/9/10
f 320/8/10 314/9/10 313/10/10
f 316/11/5 318/6/5 320/8/5
f 316/11/5 320/8/5 313/12/5
f 317/5/6 315/13/6 314/14/6
f 317/5/6 314/14/6 319/7/6
f 321/1/7 322/2/7 323/3/7
f 321/1/7 323/3/7 324/4/7
f 324/4/8 323/3/8 325/5/8
f 324/4/8 325/5/8 326/6/8
f 326/6/9 325/5/9 327/7/9
f 326/6/9 327/7/9 328/8/9
f 328/8/10 327/7/10 322/9/10
f 328/8/10 322/9/10 321/10/10
f 324/11/5 326/6/5 328/8/5
f 324/11/5 328/8/5 321/12/5
f 325/5/6 323/13/6 322/14/6
f 325/5/6 322/14/6 327/7/6
f 329/1/7 330/2/7 331/3/7
f 329/1/7 331/3/7 332/4/7
f 332/4/8 331/3/8 333/5/8
f 332/4/8 333/5/8 334/6/8
f 334/6/9 333/5/9 335/7/9
f 334/6/9 335/7/9 336/8/9
f 336/8/10 335/7/10 330/9/10
f 336/8/10 330/9/10 329/10/10
f 332/11/5 334/6/5 336/8/5
f 332/11/5 336/8/5 329/12/5
f 333/5/6 331/13/6 330/14/6
f 333/5/6 330/14/6 335/7/6
f 337/1/7 338/2/7 339/3/7
f 337/1/7 339/3/7 340/4/7
f 340/4/8 339/3/8 341/5/8
f 340/4/8 341/5/8 342/6/8
f 342/6/9 341/5/9 343/7/9
f 342/6/9 343/7/9 344/8/9
f 344/8/10 343/7/10 338/9/10
f 344/8/10 338/9/10 337/10/10
f 340/11/5 342/6/5 344/8/5
f 340/11/5 344/8/5 337/12/5
f 341/5/6 339/13/6 338/14/6
f 341/5/6 338/14/6 343/7/6
f 345/1/7 346/2/7 347/3/7
f 345/1/7 347/3/7 348/4/7
f 348/4/8 347/3/8 349/5/8
f 348/4/8 349/5/8 350/6/8
f 350/6/9 349/5/9 351/7/9
f 350/6/9 351/7/9 352/8/9
f 352/8/10 351/7/10 346/9/10
f 352/8/10 346/9/10 345/10/10
f 348/11/5 350/6/5 352/8/5
f 348/11/5 352/8/5 345/12/5
f 349/5/6 347/13/6 346/14/6
f 349/5/6 346/14/6 351/7/6
f 353/1/7 354/2/7 355/3/7
f 353/1/7 355/3/7 356/4/7
f 356/4/8 355/3/8 357/5/8
f 356/4/8 357/5/8 358/6/8
f 358/6/9 357/5/9 359/7/9
f 358/6/9 359/7/9 360/8/9
f 360/8/10 359/7/10 354/9/10
f 360/8/10 354/9/10 353/10/10
f 356/11/5 358/6/5 360/8/5
f 356/11/5 360/8/5 353/12/5
f 357/5/6 355/13/6 354/14/6
f 357/5/6 354/14/6 359/7/6
f 361/1/7 362/2/7 363/3/7
f 361/1/7 363/3/7 364/4/7
f 364/4/8 363/3/8 365/5/8
f 364/4/8 365/5/8 366/6/8
f 366/6/9 365/5/9 367/7/9
f 366/6/9 367/7/9 368/8/9
f 368/8/10 367/7/10 362/9/10
f 368/8/10 362/9/10 361/10/10
f 364/11/5 366/6/5 368/8/5
f 364/11/5 368/8/5 361/12/5
f 365/5/6 363/13/6 362/14/6
f 365/5/6 362/14/6 367/7/6
f 369/1/7 370/2/7 371/3/7
f 369/1/7 371/3/7 372/4/7
f 372/4/8 371/3/8 373/5/8
f 372/4/8 373/5/8 374/6/8
f 374/6/9 373/5/9 375/7/9
f 374/6/9 375/7/9 376/8/9
f 376/8/10 375/7/10 370/9/10
f 376/8/10 370/9/10 369/10/10
f 372/11/5 374/6/5 376/8/5
f 372/11/5 376/8/5 369/12/5
f 373/5/6 371/13/6 370/14/6
f 373/5/6 370/14/6 375/7/6
f 377/1/7 378/2/7 379/3/7
f 377/1/7 379/3/7 380/4/7
f 380/4/8 379/3/8 381/5/8
f 380/4/8 381/5/8 382/6/8
f 382/6/9 381/5/9 383/7/9
f 382/6/9 383/7/9 384/8/9
f 384/8/10 383/7/10 378/9/10
f 384/8/10 378/9/10 377/10/10
f 380/11/5 382/6/5 384/8/5
f 380/11/5 384/8/5 377/12/5
f 381/5/6 379/13/6 378/14/6
f 381/5/6 378/14/6 383/7/6
f 385/1/7 386/2/7 387/3/7
f 385/1/7 387/3/7 388/4/7
f 388/4/8 387/3/8 389/5/8
f 388/4/8 389/5/8 390/6/8
f 390/6/9 389/5/9 391/7/9
f 390/6/9 391/7/9 392/8/9
f 392/8/10 391/7/10 386/9/10
f 392/8/10 386/9/10 385/10/10
f 388/11/5 390/6/5 392/8/5
f 388/11/5 392/8/5 385/12/5
f 389/5/6 387/13/6 386/14/6
f 389/5/6 386/14/6 391/7/6
f 393/1/7 394/2/7 395/3/7
f 393/1/7 395/3/7 396/4/7
f 396/4/8 395/3/8 397/5/8
f 396/4/8 397/5/8 398/6/8
f 398/6/9 397/5/9 399/7/9
f 398/6/9 399/7/9 400/8/9
f 400/8/10 399/7/10 394/9/10
f 400/8/10 394/9/10 393/10/10
f 396/11/5 398/6/5 400/8/5
f 396/11/5 400/8/5 393/12/5
f 397/5/6 395/13/6 394/14/6
f 397/5/6 394/14/6 399/7/6
f 401/1/7 402/2/7 403/3/7
f 401/1/7 403/3/7 404/4/7
f 404/4/8 403/3/8 405/5/8
f 404/4/8 405/5/8 406/6/8
f 406/6/9 405/5/9 407/7/9
f 406/6/9 407/7/9 408/8/9
f 408/8/10 407/7/10 402/9/10
f 408/8/10 402/9/10 401/10/10
f 404/11/5 406/6/5 408/8/5
f 404/11/5 408/8/5 401/12/5
f 405/5/6 403/13/6 402/14/6
f 405/5/6 402/14/6 407/7/6
f 409/1/7 410/2/7 411/3/7
f 409/1/7 411/3/7 412/4/7
f 412/4/8 411/3/8 413/5/8
f 412/4/8 413/5/8 414/6/8
f 414/6/9 413/5/9 415/7/9
f 414/6/9 415/7/9 416/8/9
f 416/8/10 415/7/10 410/9/10
f 416/8/10 410/9/10 409/10/10
f 412/11/5 414/6/5 416/8/5
f 412/11/5 416/8/5 409/12/5
f 413/5/6 411/13/6 410/14/6
f 413/5/6 410/14/6 415/7/6
f 417/1/7 418/2/7 419/3/7
f 417/1/7 419/3/7 420/4/7
f 420/4/8 419/3/8 421/5/8
f 420/4/8 421/5/8 422/6/8
f 422/6/9 421/5/9 423/7/9
f 422/6/9 423/7/9 424/8/9
f 424/8/10 423/7/10 418/9/10
f 424/8/10 418/9/10 417/10/10
f 420/11/5 422/6/5 424/8/5
f 420/11/5 424/8/5 417/12/5
f 421/5/6 419/13/6 418/14/6
f 421/5/6 418/14/6 423/7/6
f 425/1/7 426/2/7 427/3/7
f 425/1/7 427/3/7 428/4/7
f 428/4/8 427/3/8 429/5/8
f 428/4/8 429/5/8 430/6/8
f 430/6/9 429/5/9 431/7/9
f 430/6/9 431/7/9 432/8/9
f 432/8/10 431/7/10 426/9/10
f 432/8/10 426/9/10 425/10/10
f 428/11/5 430/6/5 432/8/5
f 428/11/5 432/8/5 425/12/5
f 429/5/6 427/13/6 426/14/6
f 429/5/6 426/14/6 431/7/6
f 433/1/7 434/2/7 435/3/7
f 433/1/7 435/3/7 436/4/7
f 436/4/8 435/3/8 437/5/8
f 436/4/8 437/5/8 438/6/8
f 438/6/9 437/5/9 439/7/9
f 438/6/9 439/7/9 440/8/9
f 440/8/10 439/7/10 434/9/10
f 440/8/10 434/9/10 433/10/10
f 436/11/5 438/6/5 440/8/5
f 436/11/5 440/8/5 433/12/5
f 437/5/6 435/13/6 434/14/6
f 437/5/6 434/14/6 439/7/6
f 441/1/7 442/2/7 443/3/7
f 441/1/7 443/3/7 444/4/7
f 444/4/8 443/3/8 445/5/8
f 444/4/8 445/5/8 446/6/8
f 446/6/9 445/5/9 447/7/9
f 446/6/9 447/7/9 448/8/9
f 448/8/10 447/7/10 442/9/10
f 448/8/10 442/9/10 441/10/10
f 444/11/5 446/6/5 448/8/5
f 444/11/5 448/8/5 441/12/5
f 445/5/6 443/13/6 442/14/6
f 445/5/6 442/14/6 447/7/6
f 449/1/7 450/2/7 451/3/7
f 449/1/7 451/3/7 452/4/7
f 452/4/8 451/3/8 453/5/8
f 452/4/8 453/5/8 454/6/8
f 454/6/9 453/5/9 455/7/9
f 454/6/9 455/7/9 456/8/9
f 456/8/10 455/7/10 450/9/10
f 456/8/10 450/9/10 449/10/10
f 452/11/5 454/6/5 456/8/5
f 452/11/5 456/8/5 449/12/5
f 453/5/6 451/13/6 450/14/6
f 453/5/6 450/14/6 455/7/6
f 457/1/7 458/2/7 459/3/7
f 457/1/7 459/3/7 460/4/7
f 460/4/8 459/3/8 461/5/8
f 460/4/8 461/5/8 462/6/8
f 462/6/9 461/5/9 463/7/9
f 462/6/9 463/7/9 464/8/9
f 464/8/10 463/7/10 458/9/10
f 464/8/10 458/9/10 457/10/10
f 460/11/5 462/6/5 464/8/5
f 460/11/5 464/8/5 457/12/5
f 461/5/6 459/13/6 458/14/6
f 461/5/6 458/14/6 463/7/6
f 465/1/7 466/2/7 467/3/7
f 465/1/7 467/3/7 468/4/7
f 468/4/8 467/3/8 469/5/8
f 468/4/8 469/5/8 470/6/8
f 470/6/9 469/5/9 471/7/9
f 470/6/9 471/7/9 472/8/9
f 472/8/10 471/7/10 466/9/10
f 472/8/10 466/9/10 465/10/10
f 468/11/5 470/6/5 472/8/5
f 468/11/5 472/8/5 465/12/5
f 469/5/6 467/13/6 466/14/6
f 469/5/6 466/14/6 471/7/6
f 473/1/7 474/2/7 475/3/7
f 473/1/7 475/3/7 476/4/7
f 476/4/8 475/3/8 477/5/8
f 476/4/8 477/5/8 478/6/8
f 478/6/9 477/5/9 479/7/9
f 478/6/9 479/7/9 480/8/9
f 480/8/10 479/7/10 474/9/10
f 480/8/10 474/9/10 473/10/10
f 476/11/5 478/6/5 480/8/5
f 476/11/5 480/8/5 473/12/5
f 477/5/6 475/13/6 474/14/6
f 477/5/6 474/14/6 479/7/6
f 481/1/7 482/2/7 483/3/7
f 481/1/7 483/3/7 484/4/7
f 484/4/8 483/3/8 485/5/8
f 484/4/8 485/5/8 486/6/8
f 486/6/9 485/5/9 487/7/9
f 486/6/9 487/7/9 488/8/9
f 488/8/10 487/7/10 482/9/10
f 488/8/10 482/9/10 481/10/10
f 484/11/5 486/6/5 488/8/5
f 484/11/5 488/8/5 481/12/5
f 485/5/6 483/13/6 482/14/6
f 485/5/6 482/14/6 487/7/6
f 489/1/7 490/2/7 491/3/7
f 489/1/7 491/3/7 492/4/7
f 492/4/8 491/3/8 493/5/8
f 492/4/8 493/5/8 494/6/8
f 494/6/9 493/5/9 495/7/9
f 494/6/9 495/7/9 496/8/9
f 496/8/10 495/7/10 490/9/10
f 496/8/10 490/9/10 489/10/10
f 492/11/5 494/6/5 496/8/5
f 492/11/5 496/8/5 489/12/5
f 493/5/6 491/13/6 490/14/6
f 493/5/6 490/14/6 495/7/6
f 497/1/7 498/2/7 499/3/7
f 497/1/7 499/3/7 500/4/7
f 500/4/8 499/3/8 501/5/8
f 500/4/8 501/5/8 502/6/8
f 502/6/9 501/5/9 503/7/9
f 502/6/9 503/7/9 504/8/9
f 504/8/10 503/7/10 498/9/10
f 504/8/10 498/9/10 497/10/10
f 500/11/5 502/6/5 504/8/5
f 500/11/5 504/8/5 497/12/5
f 501/5/6 499/13/6 498/14/6
f 501/5/6 498/14/6 503/7/6
f 505/1/7 506/2/7 507/3/7
f 505/1/7 507/3/7 508/4/7
f 508/4/8 507/3/8 509/5/8
f 508/4/8 509/5/8 510/6/8
f 510/6/9 509/5/9 511/7/9
f 510/6/9 511/7/9 512/8/9
f 512/8/10 511/7/10 506/9/10
f 512/8/10 506/9/10 505/10/10
f 508/11/5 510/6/5 512/8/5
f 508/11/5 512/8/5 505/12/5
f 509/5/6 507/13/6 506/14/6
f 509/5/6 506/14/6 511/7/6
f 513/1/7 514/2/7 515/3/7
f 513/1/7 515/3/7 516/4/7
f 516/4/8 515/3/8 517/5/8
f 516/4/8 517/5/8 518/6/8
f 518/6/9 517/5/9 519/7/9
f 518/6/9 519/7/9 520/8/9
f 520/8/10 519/7/10 514/9/10
f 520/8/10 514/9/10 513/10/10
f 516/11/5 518/6/5 520/8/5
f 516/11/5 520/8/5 513/12/5
f 517/5/6 515/13/6 514/14/6
f 517/5/6 514/14/6 519/7/6
f 521/1/7 522/2/7 523/3/7
f 521/1/7 523/3/7 524/4/7
f 524/4/8 523/3/8 525/5/8
f 524/4/8 525/5/8 526/6/8
f 526/6/9 525/5/9 527/7/9
f 526/6/9 527/7/9 528/8/9
f 528/8/10 527/7/10 522/9/10
f 528/8/10 522/9/10 521/10/10
f 524/11/5 526/6/5 528/8/5
f 524/11/5 528/8/5 521/12/5
f 525/5/6 523/13/6 522/14/6
f 525/5/6 522/14/6 527/7/6
f 529/1/7 530/2/7 531/3/7
f 529/1/7 531/3/7 532/4/7
f 532/4/8 531/3/8 533/5/8
f 532/4/8 533/5/8 534/6/8
f 534/6/9 533/5/9 535/7/9
f 534/6/9 535/7/9 536/8/9
f 536/8/10 535/7/10 530/9/10
f 536/8/10 530/9/10 529/10/10
f 532/11/5 534/6/5 536/8/5
f 532/11/5 536/8/5 529/12/5
f 533/5/6 531/13/6 530/14/6
f 533/5/6 530/14/6 535/7/6
f 537/1/7 538/2/7 539/3/7
f 537/1/7 539/3/7 540/4/7
f 540/4/8 539/3/8 541/5/8
f 540/4/8 541/5/8 542/6/8
f 542/6/9 541/5/9 543/7/9
f 542/6/9 543/7/9 544/8/9
f 544/8/10 543/7/10 538/9/10
f 544/8/10 538/9/10 537/10/10
f 540/11/5 542/6/5 544/8/5
f 540/11/5 544/8/5 537/12/5
f 541/5/6 539/13/6 538/14/6
f 541/5/6 538/14/6 543/7/6
f 545/1/7 546/2/7 547/3/7
f 545/1/7 547/3/7 548/4/7
f 548/4/8 547/3/8 549/5/8
f 548/4/8 549/5/8 550/6/8
f 550/6/9 549/5/9 551/7/9
f 550/6/9 551/7/9 552/8/9
f 552/8/10 551/7/10 546/9/10
f 552/8/10 546/9/10 545/10/10
f 548/11/5 550/6/5 552/8/5
f 548/11/5 552/8/5 545/12/5
f 549/5/6 547/13/6 546/14/6
f 549/5/6 546/14/6 551/7/6
f 553/1/7 554/2/7 555/3/7
f 553/1/7 555/3/7 556/4/7
f 556/4/8 555/3/8 557/5/8
f 556/4/8 557/5/8 558/6/8
f 558/6/9 557/5/9 559/7/9
f 558/6/9 559/7/9 560/8/9
f 560/8/10 559/7/10 554/9/10
f 560/8/10 554/9/10 553/10/10
f 556/11/5 558/6/5 560/8/5
f 556/11/5 560/8/5 553/12/5
f 557/5/6 555/13/6 554/14/6
f 557/5/6 554/14/6 559/7/6
f 561/1/7 562/2/7 563/3/7
f 561/1/7 563/3/7 564/4/7
f 564/4/8 563/3/8 565/5/8
f 564/4/8 565/5/8 566/6/8
f 566/6/9 565/5/9 567/7/9
f 566/6/9 567/7/9 568/8/9
f 568/8/10 567/7/10 562/9/10
f 568/8/10 562/9/10 561/10/10
f 564/11/5 566/6/5 568/8/5
f 564/11/5 568/8/5 561/12/5
f 565/5/6 563/13/6 562/14/6
f 565/5/6 562/14/6 567/7/6
f 569/1/7 570/2/7 571/3/7
f 569/1/7 571/3/7 572/4/7
f 572/4/8 571/3/8 573/5/8
f 572/4/8 573/5/8 574/6/8
f 574/6/9 573/5/9 575/7/9
f 574/6/9 575/7/9 576/8/9
f 576/8/10 575/7/10 570/9/10
f 576/8/10 570/9/10 569/10/10
f 572/11/5 574/6/5 576/8/5
f 572/11/5 576/8/5 569/12/5
f 573/5/6 571/13/6 570/14/6
f 573/5/6 570/14/6 575/7/6
f 577/1/7 578/2/7 579/3/7
f 577/1/7 579/3/7 580/4/7
f 580/4/8 579/3/8 581/5/8
f 580/4/8 581/5/8 582/6/8
f 582/6/9 581/5/9 583/7/9
f 582/6/9 583/7/9 584/8/9
f 584/8/10 583/7/10 578/9/10
f 584/8/10 578/9/10 577/10/10
f 580/11/5 582/6/5 584/8/5
f 580/11/5 584/8/5 577/12/5
f 581/5/6 579/13/6 578/14/6
f 581/5/6 578/14/6 583/7/6
f 585/1/7 586/2/7 587/3/7
f 585/1/7 587/3/7 588/4/7
f 588/4/8 587/3/8 589/5/8
f 588/4/8 589/5/8 590/6/8
f 590/6/9 589/5/9 591/7/9
f 590/6/9 591/7/9 592/8/9
f 592/8/10 591/7/10 586/9/10
f 592/8/10 586/9/10 585/10/10
f 588/11/5 590/6/5 592/8/5
f 588/11/5 592/8/5 585/12/5
f 589/5/6 587/13/6 586/14/6
f 589/5/6 586/14/6 591/7/6
f 593/1/7 594/2/7 595/3/7
f 593/1/7 595/3/7 596/4/7
f 596/4/8 595/3/8 597/5/8
f 596/4/8 597/5/8 598/6/8
f 598/6/9 597/5/9 599/7/9
f 598/6/9 599/7/9 600/8/9
f 600/8/10 599/7/10 594/9/10
f 600/8/10 594/9/10 593/10/10
f 596/11/5 598/6/5 600/8/5
f 596/11/5 600/8/5 593/12/5
f 597/5/6 595/13/6 594/14/6
f 597/5/6 594/14/6 599/7/6
f 601/1/7 602/2/7 603/3/7
f 601/1/7 603/3/7 604/4/7
f 604/4/8 603/3/8 605/5/8
f 604/4/8 605/5/8 606/6/8
f 606/6/9 605/5/9 607/7/9
f 606/6/9 607/7/9 608/8/9
f 608/8/10 607/7/10 602/9/10
f 608/8/10 602/9/10 601/10/10
f 604/11/5 606/6/5 608/8/5
f 604/11/5 608/8/5 601/12/5
f 605/5/6 603/13/6 602/14/6
f 605/5/6 602/14/6 607/7/6
f 609/1/7 610/2/7 611/3/7
f 609/1/7 611/3/7 612/4/7
f 612/4/8 611/3/8 613/5/8
f 612/4/8 613/5/8 614/6/8
f 614/6/9 613/5/9 615/7/9
f 614/6/9 615/7/9 616/8/9
f 616/8/10 615/7/10 610/9/10
f 616/8/10 610/9/10 609/10/10
f 612/11/5 614/6/5 616/8/5
f 612/11/5 616/8/5 609/12/5
f 613/5/6 611/13/6 610/14/6
f 613/5/6 610/14/6 615/7/6
f 617/1/7 618/2/7 619/3/7
f 617/1/7 619/3/7 620/4/7
f 620/4/8 619/3/8 621/5/8
f 620/4/8 621/5/8 622/6/8
f 622/6/9 621/5/9 623/7/9
f 622/6/9 623/7/9 624/8/9
f 624/8/10 623/7/10 618/9/10
f 624/8/10 618/9/10 617/10/10
f 620/11/5 622/6/5 624/8/5
f 620/11/5 624/8/5 617/12/5
f 621/5/6 619/13/6 618/14/6
f 621/5/6 618/14/6 623/7/6
f 625/1/7 626/2/7 627/3/7
f 625/1/7 627/3/7 628/4/7
f 628/4/8 627/3/8 629/5/8
f 628/4/8 629/5/8 630/6/8
f 630/6/9 629/5/9 631/7/9
f 630/6/9 631/7/9 632/8/9
f 632/8/10 631/7/10 626/9/10
f 632/8/10 626/9/10 625/10/10
f 628/11/5 630/6/5 632/8/5
f 628/11/5 632/8/5 625/12/5
f 629/5/6 627/13/6 626/14/6
f 629/5/6 626/14/6 631/7/6
f 633/1/7 634/2/7 635/3/7
f 633/1/7 635/3/7 636/4/7
f 636/4/8 635/3/8 637/5/8
f 636/4/8 637/5/8 638/6/8
f 638/6/9 637/5/9 639/7/9
f 638/6/9 639/7/9 640/8/9
f 640/8/10 639/7/10 634/9/10
f 640/8/10 634/9/10 633/10/10
f 636/11/5 638/6/5 640/8/5
f 636/11/5 640/8/5 633/12/5
f 637/5/6 635/13/6 634/14/6
f 637/5/6 634/14/6 639/7/6
f 641/1/7 642/2/7 643/3/7
f 641/1/7 643/3/7 644/4/7
f 644/4/8 643/3/8 645/5/8
f 644/4/8 645/5/8 646/6/8
f 646/6/9 645/5/9 647/7/9
f 646/6/9 647/7/9 648/8/9
f 648/8/10 647/7/10 642/9/10
f 648/8/10 642/9/10 641/10/10
f 644/11/5 646/6/5 648/8/5
f 644/11/5 648/8/5 641/12/5
f 645/5/6 643/13/6 642/14/6
f 645/5/6 642/14/6 647/7/6
f 649/1/7 650/2/7 651/3/7
f 649/1/7 651/3/7 652/4/7
f 652/4/8 651/3/8 653/5/8
f 652/4/8 653/5/8 654/6/8
f 654/6/9 653/5/9 655/7/9
f 654/6/9 655/7/9 656/8/9
f 656/8/10 655/7/10 650/9/10
f 656/8/10 650/9/10 649/10/10
f 652/11/5 654/6/5 656/8/5
f 652/11/5 656/8/5 649/12/5
f 653/5/6 651/13/6 650/14/6
f 653/5/6 650/14/6 655/7/6
f 657/1/7 658/2/7 659/3/7
f 657/1/7 659/3/7 660/4/7
f 660/4/8 659/3/8 661/5/8
f 660/4/8 661/5/8 662/6/8
f 662/6/9 661/5/9 663/7/9
f 662/6/9 663/7/9 664/8/9
f 664/8/10 663/7/10 658/9/10
f 664/8/10 658/9/10 657/10/10
f 660/11/5 662/6/5 664/8/5
f 660/11/5 664/8/5 657/12/5
f 661/5/6 659/13/6 658/14/6
f 661/5/6 658/14/6 663/7/6
f 665/1/7 666/2/7 667/3/7
f 665/1/7 667/3/7 668/4/7
f 668/4/8 667/3/8 669/5/8
f 668/4/8 669/5/8 670/6/8
f 670/6/9 669/5/9 671/7/9
f 670/6/9 671/7/9 672/8/9
f 672/8/10 671/7/10 666/9/10
f 672/8/10 666/9/10 665/10/10
f 668/11/5 670/6/5 672/8/5
f 668/11/5 672/8/5 665/12/5
f 669/5/6 667/13/6 666/14/6
f 669/5/6 666/14/6 671/7/6
f 673/1/7 674/2/7 675/3/7
f 673/1/7 675/3/7 676/4/7
f 676/4/8 675/3/8 677/5/8
f 676/4/8 677/5/8 678/6/8
f 678/6/9 677/5/9 679/7/9
f 678/6/9 679/7/9 680/8/9
f 680/8/10 679/7/10 674/9/10
f 680/8/10 674/9/10 673/10/10
f 676/11/5 678/6/5 680/8/5
f 676/11/5 680/8/5 673/12/5
f 677/5/6 675/13/6 674/14/6
f 677/5/6 674/14/6 679/7/6
f 681/1/7 682/2/7 683/3/7
f 681/1/7 683/3/7 684/4/7
f 684/4/8 683/3/8 685/5/8
f 684/4/8 685/5/8 686/6/8
f 686/6/9 685/5/9 687/7/9
f 686/6/9 687/7/9 688/8/9
f 688/8/10 687/7/10 682/9/10
f 688/8/10 682/9/10 681/10/10
f 684/11/5 686/6/5 688/8/5
f 684/11/5 688/8/5 681/12/5
f 685/5/6 683/13/6 682/14/6
f 685/5/6 682/14/6 687/7/6
f 689/1/7 690/2/7 691/3/7
f 689/1/7 691/3/7 692/4/7
f 692/4/8 691/3/8 693/5/8
f 692/4/8 693/5/8 694/6/8
f 694/6/9 693/5/9 695/7/9
f 694/6/9 695/7/9 696/8/9
f 696/8/10 695/7/10 690/9/10
f 696/8/10 690/9/10 689/10/10
f 692/11/5 694/6/5 696/8/5
f 692/11/5 696/8/5 689/12/5
f 693/5/6 691/13/6 690/14/6
f 693/5/6 690/14/6 695/7/6
f 697/1/7 698/2/7 699/3/7
f 697/1/7 699/3/7 700/4/7
f 700/4/8 699/3/8 701/5/8
f 700/4/8 701/5/8 702/6/8
f 702/6/9 701/5/9 703/7/9
f 702/6/9 703/7/9 704/8/9
f 704/8/10 703/7/10 698/9/10
f 704/8/10 698/9/10 697/10/10
f 700/11/5 702/6/5 704/8/5
f 700/11/5 704/8/5 697/12/5
f 701/5/6 699/13/6 698/14/6
f 701/5/6 698/14/6 703/7/6
f 705/1/7 706/2/7 707/3/7
f 705/1/7 707/3/7 708/4/7
f 708/4/8 707/3/8 709/5/8
f 708/4/8 709/5/8 710/6/8
f 710/6/9 709/5/9 711/7/9
f 710/6/9 711/7/9 712/8/9
f 712/8/10 711/7/10 706/9/10
f 712/8/10 706/9/10 705/10/10
f 708/11/5 710/6/5 712/8/5
f 708/11/5 712/8/5 705/12/5
f 709/5/6 707/13/6 706/14/6
f 709/5/6 706/14/6 711/7/6
f 713/1/7 714/2/7 715/3/7
f 713/1/7 715/3/7 716/4/7
f 716/4/8 715/3/8 717/5/8
f 716/4/8 717/5/8 718/6/8
f 718/6/9 717/5/9 719/7/9
f 718/6/9 719/7/9 720/8/9
f 720/8/10 719/7/10 714/9/10
f 720/8/10 714/9/10 713/10/10
f 716/11/5 718/6/5 720/8/5
f 716/11/5 720/8/5 713/12/5
f 717/5/6 715/13/6 714/14/6
f 717/5/6 714/14/6 719/7/6
f 721/1/7 722/2/7 723/3/7
f 721/1/7 723/3/7 724/4/7
f 724/4/8 723/3/8 725/5/8
f 724/4/8 725/5/8 726/6/8
f 726/6/9 725/5/9 727/7/9
f 726/6/9 727/7/9 728/8/9
f 728/8/10 727/7/10 722/9/10
f 728/8/10 722/9/10 721/10/10
f 724/11/5 726/6/5 728/8/5
f 724/11/5 728/8/5 721/12/5
f 725/5/6 723/13/6 722/14/6
f 725/5/6 722/14/6 727/7/6
f 729/1/7 730/2/7 731/3/7
f 729/1/7 731/3/7 732/4/7
f 732/4/8 731/3/8 733/5/8
f 732/4/8 733/5/8 734/6/8
f 734/6/9 733/5/9 735/7/9
f 734/6/9 735/7/9 736/8/9
f 736/8/10 735/7/10 730/9/10
f 736/8/10 730/9/10 729/10/10
f 732/11/5 734/6/5 736/8/5
f 732/11/5 736/8/5 729/12/5
f 733/5/6 731/13/6 730/14/6
f 733/5/6 730/14/6 735/7/6
f 737/1/7 738/2/7 739/3/7
f 737/1/7 739/3/7 740/4/7
f 740/4/8 739/3/8 741/5/8
f 740/4/8 741/5/8 742/6/8
f 742/6/9 741/5/9 743/7/9
f 742/6/9 743/7/9 744/8/9
f 744/8/10 743/7/10 738/9/10
f 744/8/10 738/9/10 737/10/10
f 740/11/5 742/6/5 744/8/5
f 740/11/5 744/8/5 737/12/5
f 741/5/6 739/13/6 738/14/6
f 741/5/6 738/14/6 743/7/6
f 745/1/7 746/2/7 747/3/7
f 745/1/7 747/3/7 748/4/7
f 748/4/8 747/3/8 749/5/8
f 748/4/8 749/5/8 750/6/8
f 750/6/9 749/5/9 751/7/9
f 750/6/9 751/7/9 752/8/9
f 752/8/10 751/7/10 746/9/10
f 752/8/10 746/9/10 745/10/10
f 748/11/5 750/6/5 752/8/5
f 748/11/5 752/8/5 745/12/5
f 749/5/6 747/13/6 746/14/6
f 749/5/6 746/14/6 751/7/6
f 753/1/7 754/2/7 755/3/7
f 753/1/7 755/3/7 756/4/7
f 756/4/8 755/3/8 757/5/8
f 756/4/8 757/5/8 758/6/8
f 758/6/9 757/5/9 759/7/9
f 758/6/9 759/7/9 760/8/9
f 760/8/10 759/7/10 754/9/10
f 760/8/10 754/9/10 753/10/10
f 756/11/5 758/6/5 760/8/5
f 756/11/5 760/8/5 753/12/5
f 757/5/6 755/13/6 754/14/6
f 757/5/6 754/14/6 759/7/6
f 761/1/7 762/2/7 763/3/7
f 761/1/7 763/3/7 764/4/7
f 764/4/8 763/3/8 765/5/8
f 764/4/8 765/5/8 766/6/8
f 766/6/9 765/5/9 767/7/9
f 766/6/9 767/7/9 768/8/9
f 768/8/10 767/7/10 762/9/10
f 768/8/10 762/9/10 761/10/10
f 764/11/5 766/6/5 768/8/5
f 764/11/5 768/8/5 761/12/5
f 765/5/6 763/13/6 762/14/6
f 765/5/6 762/14/6 767/7/6
f 769/1/7 770/2/7 771/3/7
f 769/1/7 771/3/7 772/4/7
f 772/4/8 771/3/8 773/5/8
f 772/4/8 773/5/8 774/6/8
f 774/6/9 773/5/9 775/7/9
f 774/6/9 775/7/9 776/8/9
f 776/8/10 775/7/10 770/9/10
f 776/8/10 770/9/10 769/10/10
f 772/11/5 774/6/5 776/8/5
f 772/11/5 776/8/5 769/12/5
f 773/5/6 771/13/6 770/14/6
f 773/5/6 770/14/6 775/7/6
f 777/1/7 778/2/7 779/3/7
f 777/1/7 779/3/7 780/4/7
f 780/4/8 779/3/8 781/5/8
f 780/4/8 781/5/8 782/6/8
f 782/6/9 781/5/9 783/7/9
f 782/6/9 783/7/9 784/8/9
f 784/8/10 783/7/10 778/9/10
f 784/8/10 778/9/10 777/10/10
f 780/11/5 782/6/5 784/8/5
f 780/11/5 784/8/5 777/12/5
f 781/5/6 779/13/6 778/14/6
f 781/5/6 778/14/6 783/7/6
f 785/1/7 786/2/7 787/3/7
f 785/1/7 787/3/7 788/4/7
f 788/4/8 787/3/8 789/5/8
f 788/4/8 789/5/8 790/6/8
f 790/6/9 789/5/9 791/7/9
f 790/6/9 791/7/9 792/8/9
f 792/8/10 791/7/10 786/9/10
f 792/8/10 786/9/10 785/10/10
f 788/11/5 790/6/5 792/8/5
f 788/11/5 792/8/5 785/12/5
f 789/5/6 787/13/6 786/14/6
f 789/5/6 786/14/6 791/7/6
f 793/1/7 794/2/7 795/3/7
f 793/1/7 795/3/7 796/4/7
f 796/4/8 795/3/8 797/5/8
f 796/4/8 797/5/8 798/6/8
f 798/6/9 797/5/9 799/7/9
f 798/6/9 799/7/9 800/8/9
f 800/8/10 799/7/10 794/9/10
f 800/8/10 794/9/10 793/10/10
f 796/11/5 798/6/5 800/8/5
f 796/11/5 800/8/5 793/12/5
f 797/5/6 795/13/6 794/14/6
f 797/5/6 794/14/6 799/7/6
f 801/1/7 802/2/7 803/3/7
f 801/1/7 803/3/7 804/4/7
f 804/4/8 803/3/8 805/5/8
f 804/4/8 805/5/8 806/6/8
f 806/6/9 805/5/9 807/7/9
f 806/6/9 807/7/9 808/8/9
f 808/8/10 807/7/10 802/9/10
f 808/8/10 802/9/10 801/10/10
f 804/11/5 806/6/5 808/8/5
f 804/11/5 808/8/5 801/12/5
f 805/5/6 803/13/6 802/14/6
f 805/5/6 802/14/6 807/7/6
f 809/1/7 810/2/7 811/3/7
f 809/1/7 811/3/7 812/4/7
f 812/4/8 811/3/8 813/5/8
f 812/4/8 813/5/8 814/6/8
f 814/6/9 813/5/9 815/7/9
f 814/6/9 815/7/9 816/8/9
f 816/8/10 815/7/10 810/9/10
f 816/8/10 810/9/10 809/10/10
f 812/11/5 814/6/5 816/8/5
f 812/11/5 816/8/5 809/12/5
f 813/5/6 811/13/6 810/14/6
f 813/5/6 810/14/6 815/7/6
f 817/1/7 818/2/7 819/3/7
f 817/1/7 819/3/7 820/4/7
f 820/4/8 819/3/8 821/5/8
f 820/4/8 821/5/8 822/6/8
f 822/6/9 821/5/9 823/7/9
f 822/6/9 823/7/9 824/8/9
f 824/8/10 823/7/10 818/9/10
f 824/8/10 818/9/10 817/10/10
f 820/11/5 822/6/5 824/8/5
f 820/11/5 824/8/5 817/12/5
f 821/5/6 819/13/6 818/14/6
f 821/5/6 818/14/6 823/7/6
f 825/1/7 826/2/7 827/3/7
f 825/1/7 827/3/7 828/4/7
f 828/4/8 827/3/8 813/5/8
f 828/4/8 813/5/8 814/6/8
f 814/6/9 813/5/9 823/7/9
f 814/6/9 823/7/9 824/8/9
f 824/8/10 823/7/10 826/9/10
f 824/8/10 826/9/10 825/10/10
f 828/11/5 814/6/5 824/8/5
f 828/11/5 824/8/5 825/12/5
f 813/5/6 827/13/6 826/14/6
f 813/5/6 826/14/6 823/7/6
f 817/1/7 818/2/7 811/3/7
f 817/1/7 811/3/7 812/4/7
f 812/4/8 811/3/8 829/5/8
f 812/4/8 829/5/8 830/6/8
f 830/6/9 829/5/9 831/7/9
f 830/6/9 831/7/9 832/8/9
f 832/8/10 831/7/10 818/9/10
f 832/8/10 818/9/10 817/10/10
f 812/11/5 830/6/5 832/8/5
f 812/11/5 832/8/5 817/12/5
f 829/5/6 811/13/6 818/14/6
f 829/5/6 818/14/6 831/7/6
f 833/1/7 834/2/7 835/3/7
f 833/1/7 835/3/7 836/4/7
f 836/4/8 835/3/8 837/5/8
f 836/4/8 837/5/8 838/6/8
f 838/6/9 837/5/9 839/7/9
f 838/6/9 839/7/9 840/8/9
f 840/8/10 839/7/10 834/9/10
f 840/8/10 834/9/10 833/10/10
f 836/11/5 838/6/5 840/8/5
f 836/11/5 840/8/5 833/12/5
f 837/5/6 835/13/6 834/14/6
f 837/5/6 834/14/6 839/7/6
f 841/1/7 842/2/7 843/3/7
f 841/1/7 843/3/7 844/4/7
f 844/4/8 843/3/8 845/5/8
f 844/4/8 845/5/8 846/6/8
f 846/6/9 845/5/9 847/7/9
f 846/6/9 847/7/9 848/8/9
f 848/8/10 847/7/10 842/9/10
f 848/8/10 842/9/10 841/10/10
f 844/11/5 846/6/5 848/8/5
f 844/11/5 848/8/5 841/12/5
f 845/5/6 843/13/6 842/14/6
f 845/5/6 842/14/6 847/7/6
f 849/1/7 850/2/7 851/3/7
f 849/1/7 851/3/7 852/4/7
f 852/4/8 851/3/8 837/5/8
f 852/4/8 837/5/8 838/6/8
f 838/6/9 837/5/9 847/7/9
f 838/6/9 847/7/9 848/8/9
f 848/8/10 847/7/10 850/9/10
f 848/8/10 850/9/10 849/10/10
f 852/11/5 838/6/5 848/8/5
f 852/11/5 848/8/5 849/12/5
f 837/5/6 851/13/6 850/14/6
f 837/5/6 850/14/6 847/7/6
f 841/1/7 842/2/7 835/3/7
f 841/1/7 835/3/7 836/4/7
f 836/4/8 835/3/8 853/5/8
f 836/4/8 853/5/8 854/6/8
f 854/6/9 853/5/9 855/7/9
f 854/6/9 855/7/9 856/8/9
f 856/8/10 855/7/10 842/9/10
f 856/8/10 842/9/10 841/10/10
f 836/11/5 854/6/5 856/8/5
f 836/11/5 856/8/5 841/12/5
f 853/5/6 835/13/6 842/14/6
f 853/5/6 842/14/6 855/7/6
f 857/1/7 858/2/7 859/3/7
f 857/1/7 859/3/7 860/4/7
f 860/4/8 859/3/8 861/5/8
f 860/4/8 861/5/8 862/6/8
f 862/6/9 861/5/9 863/7/9
f 862/6/9 863/7/9 864/8/9
f 864/8/10 863/7/10 858/9/10
f 864/8/10 858/9/10 857/10/10
f 860/11/5 862/6/5 864/8/5
f 860/11/5 864/8/5 857/12/5
f 861/5/6 859/13/6 858/14/6
f 861/5/6 858/14/6 863/7/6
f 865/1/7 866/2/7 867/3/7
f 865/1/7 867/3/7 868/4/7
f 868/4/8 867/3/8 869/5/8
f 868/4/8 869/5/8 870/6/8
f 870/6/9 869/5/9 871/7/9
f 870/6/9 871/7/9 872/8/9
f 872/8/10 871/7/10 866/9/10
f 872/8/10 866/9/10 865/10/10
f 868/11/5 870/6/5 872/8/5
f 868/11/5 872/8/5 865/12/5
f 869/5/6 867/13/6 866/14/6
f 869/5/6 866/14/6 871/7/6
f 873/1/7 874/2/7 875/3/7
f 873/1/7 875/3/7 876/4/7
f 876/4/8 875/3/8 877/5/8
f 876/4/8 877/5/8 878/6/8
f 878/6/9 877/5/9 879/7/9
f 878/6/9 879/7/9 880/8/9
f 880/8/10 879/7/10 874/9/10
f 880/8/10 874/9/10 873/10/10
f 876/11/5 878/6/5 880/8/5
f 876/11/5 880/8/5 873/12/5
f 877/5/6 875/13/6 874/14/6
f 877/5/6 874/14/6 879/7/6
f 881/1/7 882/2/7 883/3/7
f 881/1/7 883/3/7 884/4/7
f 884/4/8 883/3/8 885/5/8
f 884/4/8 885/5/8 886/6/8
f 886/6/9 885/5/9 887/7/9
f 886/6/9 887/7/9 888/8/9
f 888/8/10 887/7/10 882/9/10
f 888/8/10 882/9/10 881/10/10
f 884/11/5 886/6/5 888/8/5
f 884/11/5 888/8/5 881/12/5
f 885/5/6 883/13/6 882/14/6
f 885/5/6 882/14/6 887/7/6
f 889/1/7 890/2/7 891/3/7
f 889/1/7 891/3/7 892/4/7
f 892/4/8 891/3/8 893/5/8
f 892/4/8 893/5/8 894/6/8
f 894/6/9 893/5/9 895/7/9
f 894/6/9 895/7/9 896/8/9
f 896/8/10 895/7/10 890/9/10
f 896/8/10 890/9/10 889/10/10
f 892/11/5 894/6/5 896/8/5
f 892/11/5 896/8/5 889/12/5
f 893/5/6 891/13/6 890/14/6
f 893/5/6 890/14/6 895/7/6
f 897/1/7 898/2/7 899/3/7
f 897/1/7 899/3/7 900/4/7
f 900/4/8 899/3/8 901/5/8
f 900/4/8 901/5/8 902/6/8
f 902/6/9 901/5/9 903/7/9
f 902/6/9 903/7/9 904/8/9
f 904/8/10 903/7/10 898/9/10
f 904/8/10 898/9/10 897/10/10
f 900/11/5 902/6/5 904/8/5
f 900/11/5 904/8/5 897/12/5
f 901/5/6 899/13/6 898/14/6
f 901/5/6 898/14/6 903/7/6
f 905/1/7 906/2/7 907/3/7
f 905/1/7 907/3/7 908/4/7
f 908/4/8 907/3/8 909/5/8
f 908/4/8 909/5/8 910/6/8
f 910/6/9 909/5/9 911/7/9
f 910/6/9 911/7/9 912/8/9
f 912/8/10 911/7/10 906/9/10
f 912/8/10 906/9/10 905/10/10
f 908/11/5 910/6/5 912/8/5
f 908/11/5 912/8/5 905/12/5
f 909/5/6 907/13/6 906/14/6
f 909/5/6 906/14/6 911/7/6
f 913/1/7 914/2/7 915/3/7
f 913/1/7 915/3/7 916/4/7
f 916/4/8 915/3/8 901/5/8
f 916/4/8 901/5/8 902/6/8
f 902/6/9 901/5/9 911/7/9
f 902/6/9 911/7/9 912/8/9
f 912/8/10 911/7/10 914/9/10
f 912/8/10 914/9/10 913/10/10
f 916/11/5 902/6/5 912/8/5
f 916/11/5 912/8/5 913/12/5
f 901/5/6 915/13/6 914/14/6
f 901/5/6 914/14/6 911/7/6
f 905/1/7 906/2/7 899/3/7
f 905/1/7 899/3/7 900/4/7
f 900/4/8 899/3/8 917/5/8
f 900/4/8 917/5/8 918/6/8
f 918/6/9 917/5/9 919/7/9
f 918/6/9 919/7/9 920/8/9
f 920/8/10 919/7/10 906/9/10
f 920/8/10 906/9/10 905/10/10
f 900/11/5 918/6/5 920/8/5
f 900/11/5 920/8/5 905/12/5
f 917/5/6 899/13/6 906/14/6
f 917/5/6 906/14/6 919/7/6
f 921/1/7 922/2/7 923/3/7
f 921/1/7 923/3/7 924/4/7
f 924/4/8 923/3/8 925/5/8
f 924/4/8 925/5/8 926/6/8
f 926/6/9 925/5/9 927/7/9
f 926/6/9 927/7/9 928/8/9
f 928/8/10 927/7/10 922/9/10
f 928/8/10 922/9/10 921/10/10
f 924/11/5 926/6/5 928/8/5
f 924/11/5 928/8/5 921/12/5
f 925/5/6 923/13/6 922/14/6
f 925/5/6 922/14/6 927/7/6
f 929/1/7 930/2/7 931/3/7
f 929/1/7 931/3/7 932/4/7
f 932/4/8 931/3/8 933/5/8
f 932/4/8 933/5/8 934/6/8
f 934/6/9 933/5/9 935/7/9
f 934/6/9 935/7/9 936/8/9
f 936/8/10 935/7/10 930/9/10
f 936/8/10 930/9/10 929/10/10
f 932/11/5 934/6/5 936/8/5
f 932/11/5 936/8/5 929/12/5
f 933/5/6 931/13/6 930/14/6
f 933/5/6 930/14/6 935/7/6
f 937/1/7 938/2/7 939/3/7
f 937/1/7 939/3/7 940/4/7
f 940/4/8 939/3/8 925/5/8
f 940/4/8 925/5/8 926/6/8
f 926/6/9 925/5/9 935/7/9
f 926/6/9 935/7/9 936/8/9
f 936/8/10 935/7/10 938/9/10
f 936/8/10 938/9/10 937/10/10
f 940/11/5 926/6/5 936/8/5
f 940/11/5 936/8/5 937/12/5
f 925/5/6 939/13/6 938/14/6
f 925/5/6 938/14/6 935/7/6
f 929/1/7 930/2/7 923/3/7
f 929/1/7 923/3/7 924/4/7
f 924/4/8 923/3/8 941/5/8
f 924/4/8 941/5/8 942/6/8
f 942/6/9 941/5/9 943/7/9
f 942/6/9 943/7/9 944/8/9
f 944/8/10 943/7/10 930/9/10
f 944/8/10 930/9/10 929/10/10
f 924/11/5 942/6/5 944/8/5
f 924/11/5 944/8/5 929/12/5
f 941/5/6 923/13/6 930/14/6
f 941/5/6 930/14/6 943/7/6
f 945/1/7 946/2/7 947/3/7
f 945/1/7 947/3/7 948/4/7
f 948/4/8 947/3/8 949/5/8
f 948/4/8 949/5/8 950/6/8
f 950/6/9 949/5/9 951/7/9
f 950/6/9 951/7/9 952/8/9
f 952/8/10 951/7/10 946/9/10
f 952/8/10 946/9/10 945/10/10
f 948/11/5 950/6/5 952/8/5
f 948/11/5 952/8/5 945/12/5
f 949/5/6 947/13/6 946/14/6
f 949/5/6 946/14/6 951/7/6
f 953/1/7 954/2/7 955/3/7
f 953/1/7 955/3/7 956/4/7
f 956/4/8 955/3/8 957/5/8
f 956/4/8 957/5/8 958/6/8
f 958/6/9 957/5/9 959/7/9
f 958/6/9 959/7/9 960/8/9
f 960/8/10 959/7/10 954/9/10
f 960/8/10 954/9/10 953/10/10
f 956/11/5 958/6/5 960/8/5
f 956/11/5 960/8/5 953/12/5
f 957/5/6 955/13/6 954/14/6
f 957/5/6 954/14/6 959/7/6
f 961/1/7 962/2/7 963/3/7
f 961/1/7 963/3/7 964/4/7
f 964/4/8 963/3/8 965/5/8
f 964/4/8 965/5/8 966/6/8
f 966/6/9 965/5/9 967/7/9
f 966/6/9 967/7/9 968/8/9
f 968/8/10 967/7/10 962/9/10
f 968/8/10 962/9/10 961/10/10
f 964/11/5 966/6/5 968/8/5
f 964/11/5 968/8/5 961/12/5
f 965/5/6 963/13/6 962/14/6
f 965/5/6 962/14/6 967/7/6
f 969/1/7 970/2/7 971/3/7
f 969/1/7 971/3/7 972/4/7
f 972/4/8 971/3/8 973/5/8
f 972/4/8 973/5/8 974/6/8
f 974/6/9 973/5/9 975/7/9
f 974/6/9 975/7/9 976/8/9
f 976/8/10 975/7/10 970/9/10
f 976/8/10 970/9/10 969/10/10
f 972/11/5 974/6/5 976/8/5
f 972/11/5 976/8/5 969/12/5
f 973/5/6 971/13/6 970/14/6
f 973/5/6 970/14/6 975/7/6
f 977/1/7 978/2/7 979/3/7
f 977/1/7 979/3/7 980/4/7
f 980/4/8 979/3/8 981/5/8
f 980/4/8 981/5/8 982/6/8
f 982/6/9 981/5/9 983/7/9
f 982/6/9 983/7/9 984/8/9
f 984/8/10 983/7/10 978/9/10
f 984/8/10 978/9/10 977/10/10
f 980/11/5 982/6/5 984/8/5
f 980/11/5 984/8/5 977/12/5
f 981/5/6 979/13/6 978/14/6
f 981/5/6 978/14/6 983/7/6
f 985/1/7 986/2/7 987/3/7
f 985/1/7 987/3/7 988/4/7
f 988/4/8 987/3/8 989/5/8
f 988/4/8 989/5/8 990/6/8
f 990/6/9 989/5/9 991/7/9
f 990/6/9 991/7/9 992/8/9
f 992/8/10 991/7/10 986/9/10
f 992/8/10 986/9/10 985/10/10
f 988/11/5 990/6/5 992/8/5
f 988/11/5 992/8/5 985/12/5
f 989/5/6 987/13/6 986/14/6
f 989/5/6 986/14/6 991/7/6
f 993/1/7 994/2/7 995/3/7
f 993/1/7 995/3/7 996/4/7
f 996/4/8 995/3/8 997/5/8
f 996/4/8 997/5/8 998/6/8
f 998/6/9 997/5/9 999/7/9
f 998/6/9 999/7/9 1000/8/9
f 1000/8/10 999/7/10 994/9/10
f 1000/8/10 994/9/10 993/10/10
f 996/11/5 998/6/5 1000/8/5
f 996/11/5 1000/8/5 993/12/5
f 997/5/6 995/13/6 994/14/6
f 997/5/6 994/14/6 999/7/6
f 1001/1/7 1002/2/7 1003/3/7
f 1001/1/7 1003/3/7 1004/4/7
f 1004/4/8 1003/3/8 989/5/8
f 1004/4/8 989/5/8 990/6/8
f 990/6/9 989/5/9 999/7/9
f 990/6/9 999/7/9 1000/8/9
f 1000/8/10 999/7/10 1002/9/10
f 1000/8/10 1002/9/10 1001/10/10
f 1004/11/5 990/6/5 1000/8/5
f 1004/11/5 1000/8/5 1001/12/5
f 989/5/6 1003/13/6 1002/14/6
f 989/5/6 1002/14/6 999/7/6
f 993/1/7 994/2/7 987/3/7
f 993/1/7 987/3/7 988/4/7
f 988/4/8 987/3/8 1005/5/8
f 988/4/8 1005/5/8 1006/6/8
f 1006/6/9 1005/5/9 1007/7/9
f 1006/6/9 1007/7/9 1008/8/9
f 1008/8/10 1007/7/10 994/9/10
f 1008/8/10 994/9/10 993/10/10
f 988/11/5 1006/6/5 1008/8/5
f 988/11/5 1008/8/5 993/12/5
f 1005/5/6 987/13/6 994/14/6
f 1005/5/6 994/14/6 1007/7/6
f 1009/1/7 1010/2/7 1011/3/7
f 1009/1/7 1011/3/7 1012/4/7
f 1012/4/8 1011/3/8 1013/5/8
f 1012/4/8 1013/5/8 1014/6/8
f 1014/6/9 1013/5/9 1015/7/9
f 1014/6/9 1015/7/9 1016/8/9
f 1016/8/10 1015/7/10 1010/9/10
f 1016/8/10 1010/9/10 1009/10/10
f 1012/11/5 1014/6/5 1016/8/5
f 1012/11/5 1016/8/5 1009/12/5
f 1013/5/6 1011/13/6 1010/14/6
f 1013/5/6 1010/14/6 1015/7/6
f 1017/1/7 1018/2/7 1019/3/7
f 1017/1/7 1019/3/7 1020/4/7
f 1020/4/8 1019/3/8 1021/5/8
f 1020/4/8 1021/5/8 1022/6/8
f 1022/6/9 1021/5/9 1023/7/9
f 1022/6/9 1023/7/9 1024/8/9
f 1024/8/10 1023/7/10 1018/9/10
f 1024/8/10 1018/9/10 1017/10/10
f 1020/11/5 1022/6/5 1024/8/5
f 1020/11/5 1024/8/5 1017/12/5
f 1021/5/6 1019/13/6 1018/14/6
f 1021/5/6 1018/14/6 1023/7/6
f 1025/1/7 1026/2/7 1027/3/7
f 1025/1/7 1027/3/7 1028/4/7
f 1028/4/8 1027/3/8 1013/5/8
f 1028/4/8 1013/5/8 1014/6/8
f 1014/6/9 1013/5/9 1023/7/9
f 1014/6/9 1023/7/9 1024/8/9
f 1024/8/10 1023/7/10 1026/9/10
f 1024/8/10 1026/9/10 1025/10/10
f 1028/11/5 1014/6/5 1024/8/5
f 1028/11/5 1024/8/5 1025/12/5
f 1013/5/6 1027/13/6 1026/14/6
f 1013/5/6 1026/14/6 1023/7/6
f 1017/1/7 1018/2/7 1011/3/7
f 1017/1/7 1011/3/7 1012/4/7
f 1012/4/8 1011/3/8 1029/5/8
f 1012/4/8 1029/5/8 1030/6/8
f 1030/6/9 1029/5/9 1031/7/9
f 1030/6/9 1031/7/9 1032/8/9
f 1032/8/10 1031/7/10 1018/9/10
f 1032/8/10 1018/9/10 1017/10/10
f 1012/11/5 1030/6/5 1032/8/5
f 1012/11/5 1032/8/5 1017/12/5
f 1029/5/6 1011/13/6 1018/14/6
f 1029/5/6 1018/14/6 1031/7/6
f 1033/1/7 1034/2/7 1035/3/7
f 1033/1/7 1035/3/7 1036/4/7
f 1036/4/8 1035/3/8 1037/5/8
f 1036/4/8 1037/5/8 1038/6/8
f 1038/6/9 1037/5/9 1039/7/9
f 1038/6/9 1039/7/9 1040/8/9
f 1040/8/10 1039/7/10 1034/9/10
f 1040/8/10 1034/9/10 1033/10/10
f 1036/11/5 1038/6/5 1040/8/5
f 1036/11/5 1040/8/5 1033/12/5
f 1037/5/6 1035/13/6 1034/14/6
f 1037/5/6 1034/14/6 1039/7/6
f 1041/1/7 1042/2/7 1043/3/7
f 1041/1/7 1043/3/7 1044/4/7
f 1044/4/8 1043/3/8 1045/5/8
f 1044/4/8 1045/5/8 1046/6/8
f 1046/6/9 1045/5/9 1047/7/9
f 1046/6/9 1047/7/9 1048/8/9
f 1048/8/10 1047/7/10 1042/9/10
f 1048/8/10 1042/9/10 1041/10/10
f 1044/11/5 1046/6/5 1048/8/5
f 1044/11/5 1048/8/5 1041/12/5
f 1045/5/6 1043/13/6 1042/14/6
f 1045/5/6 1042/14/6 1047/7/6
f 1049/1/7 1050/2/7 1051/3/7
f 1049/1/7 1051/3/7 1052/4/7
f 1052/4/8 1051/3/8 1053/5/8
f 1052/4/8 1053/5/8 1054/6/8
f 1054/6/9 1053/5/9 1055/7/9
f 1054/6/9 1055/7/9 1056/8/9
f 1056/8/10 1055/7/10 1050/9/10
f 1056/8/10 1050/9/10 1049/10/10
f 1052/11/5 1054/6/5 1056/8/5
f 1052/11/5 1056/8/5 1049/12/5
f 1053/5/6 1051/13/6 1050/14/6
f 1053/5/6 1050/14/6 1055/7/6
f 1057/1/7 1058/2/7 1059/3/7
f 1057/1/7 1059/3/7 1060/4/7
f 1060/4/8 1059/3/8 1061/5/8
f 1060/4/8 1061/5/8 1062/6/8
f 1062/6/9 1061/5/9 1063/7/9
f 1062/6/9 1063/7/9 1064/8/9
f 1064/8/10 1063/7/10 1058/9/10
f 1064/8/10 1058/9/10 1057/10/10
f 1060/11/5 1062/6/5 1064/8/5
f 1060/11/5 1064/8/5 1057/12/5
f 1061/5/6 1059/13/6 1058/14/6
f 1061/5/6 1058/14/6 1063/7/6
f 1065/1/7 1066/2/7 1067/3/7
f 1065/1/7 1067/3/7 1068/4/7
f 1068/4/8 1067/3/8 1069/5/8
f 1068/4/8 1069/5/8 1070/6/8
f 1070/6/9 1069/5/9 1071/7/9
f 1070/6/9 1071/7/9 1072/8/9
f 1072/8/10 1071/7/10 1066/9/10
f 1072/8/10 1066/9/10 1065/10/10
f 1068/11/5 1070/6/5 1072/8/5
f 1068/11/5 1072/8/5 1065/12/5
f 1069/5/6 1067/13/6 1066/14/6
f 1069/5/6 1066/14/6 1071/7/6
f 1073/1/7 1074/2/7 1075/3/7
f 1073/1/7 1075/3/7 1076/4/7
f 1076/4/8 1075/3/8 1077/5/8
f 1076/4/8 1077/5/8 1078/6/8
f 1078/6/9 1077/5/9 1079/7/9
f 1078/6/9 1079/7/9 1080/8/9
f 1080/8/10 1079/7/10 1074/9/10
f 1080/8/10 1074/9/10 1073/10/10
f 1076/11/5 1078/6/5 1080/8/5
f 1076/11/5 1080/8/5 1073/12/5
f 1077/5/6 1075/13/6 1074/14/6
f 1077/5/6 1074/14/6 1079/7/6
f 1081/1/7 1082/2/7 1083/3/7
f 1081/1/7 1083/3/7 1084/4/7
f 1084/4/8 1083/3/8 1085/5/8
f 1084/4/8 1085/5/8 1086/6/8
f 1086/6/9 1085/5/9 1087/7/9
f 1086/6/9 1087/7/9 1088/8/9
f 1088/8/10 1087/7/10 1082/9/10
f 1088/8/10 1082/9/10 1081/10/10
f 1084/11/5 1086/6/5 1088/8/5
f 1084/11/5 1088/8/5 1081/12/5
f 1085/5/6 1083/13/6 1082/14/6
f 1085/5/6 1082/14/6 1087/7/6
f 1089/1/7 1090/2/7 1091/3/7
f 1089/1/7 1091/3/7 1092/4/7
f 1092/4/8 1091/3/8 1077/5/8
f 1092/4/8 1077/5/8 1078/6/8
f 1078/6/9 1077/5/9 1087/7/9
f 1078/6/9 1087/7/9 1088/8/9
f 1088/8/10 1087/7/10 1090/9/10
f 1088/8/10 1090/9/10 1089/10/10
f 1092/11/5 1078/6/5 1088/8/5
f 1092/11/5 1088/8/5 1089/12/5
f 1077/5/6 1091/13/6 1090/14/6
f 1077/5/6 1090/14/6 1087/7/6
f 1081/1/7 1082/2/7 1075/3/7
f 1081/1/7 1075/3/7 1076/4/7
f 1076/4/8 1075/3/8 1093/5/8
f 1076/4/8 1093/5/8 1094/6/8
f 1094/6/9 1093/5/9 1095/7/9
f 1094/6/9 1095/7/9 1096/8/9
f 1096/8/10 1095/7/10 1082/9/10
f 1096/8/10 1082/9/10 1081/10/10
f 1076/11/5 1094/6/5 1096/8/5
f 1076/11/5 1096/8/5 1081/12/5
f 1093/5/6 1075/13/6 1082/14/6
f 1093/5/6 1082/14/6 1095/7/6
f 1097/1/7 1098/2/7 1099/3/7
f 1097/1/7 1099/3/7 1100/4/7
f 1100/4/8 1099/3/8 1101/5/8
f 1100/4/8 1101/5/8 1102/6/8
f 1102/6/9 1101/5/9 1103/7/9
f 1102/6/9 1103/7/9 1104/8/9
f 1104/8/10 1103/7/10 1098/9/10
f 1104/8/10 1098/9/10 1097/10/10
f 1100/11/5 1102/6/5 1104/8/5
f 1100/11/5 1104/8/5 1097/12/5
f 1101/5/6 1099/13/6 1098/14/6
f 1101/5/6 1098/14/6 1103/7/6
f 1105/1/7 1106/2/7 1107/3/7
f 1105/1/7 1107/3/7 1108/4/7
f 1108/4/8 1107/3/8 1109/5/8
f 1108/4/8 1109/5/8 1110/6/8
f 1110/6/9 1109/5/9 1111/7/9
f 1110/6/9 1111/7/9 1112/8/9
f 1112/8/10 1111/7/10 1106/9/10
f 1112/8/10 1106/9/10 1105/10/10
f 1108/11/5 1110/6/5 1112/8/5
f 1108/11/5 1112/8/5 1105/12/5
f 1109/5/6 1107/13/6 1106/14/6
f 1109/5/6 1106/14/6 1111/7/6
f 1113/1/7 1114/2/7 1115/3/7
f 1113/1/7 1115/3/7 1116/4/7
f 1116/4/8 1115/3/8 1101/5/8
f 1116/4/8 1101/5/8 1102/6/8
f 1102/6/9 1101/5/9 1111/7/9
f 1102/6/9 1111/7/9 1112/8/9
f 1112/8/10 1111/7/10 1114/9/10
f 1112/8/10 1114/9/10 1113/10/10
f 1116/11/5 1102/6/5 1112/8/5
f 1116/11/5 1112/8/5 1113/12/5
f 1101/5/6 1115/13/6 1114/14/6
f 1101/5/6 1114/14/6 1111/7/6
f 1105/1/7 1106/2/7 1099/3/7
f 1105/1/7 1099/3/7 1100/4/7
f 1100/4/8 1099/3/8 1117/5/8
f 1100/4/8 1117/5/8 1118/6/8
f 1118/6/9 1117/5/9 1119/7/9
f 1118/6/9 1119/7/9 1120/8/9
f 1120/8/10 1119/7/10 1106/9/10
f 1120/8/10 1106/9/10 1105/10/10
f 1100/11/5 1118/6/5 1120/8/5
f 1100/11/5 1120/8/5 1105/12/5
f 1117/5/6 1099/13/6 1106/14/6
f 1117/5/6 1106/14/6 1119/7/6
f 1121/1/7 1122/2/7 1123/3/7
f 1121/1/7 1123/3/7 1124/4/7
f 1124/4/8 1123/3/8 1125/5/8
f 1124/4/8 1125/5/8 1126/6/8
f 1126/6/9 1125/5/9 1127/7/9
f 1126/6/9 1127/7/9 1128/8/9
f 1128/8/10 1127/7/10 1122/9/10
f 1128/8/10 1122/9/10 1121/10/10
f 1124/11/5 1126/6/5 1128/8/5
f 1124/11/5 1128/8/5 1121/12/5
f 1125/5/6 1123/13/6 1122/14/6
f 1125/5/6 1122/14/6 1127/7/6
f 1129/1/7 1130/2/7 1131/3/7
f 1129/1/7 1131/3/7 1132/4/7
f 1132/4/8 1131/3/8 1133/5/8
f 1132/4/8 1133/5/8 1134/6/8
f 1134/6/9 1133/5/9 1135/7/9
f 1134/6/9 1135/7/9 1136/8/9
f 1136/8/10 1135/7/10 1130/9/10
f 1136/8/10 1130/9/10 1129/10/10
f 1132/11/5 1134/6/5 1136/8/5
f 1132/11/5 1136/8/5 1129/12/5
f 1133/5/6 1131/13/6 1130/14/6
f 1133/5/6 1130/14/6 1135/7/6
f 1137/1/7 1138/2/7 1139/3/7
f 1137/1/7 1139/3/7 1140/4/7
f 1140/4/8 1139/3/8 1141/5/8
f 1140/4/8 1141/5/8 1142/6/8
f 1142/6/9 1141/5/9 1143/7/9
f 1142/6/9 1143/7/9 1144/8/9
f 1144/8/10 1143/7/10 1138/9/10
f 1144/8/10 1138/9/10 1137/10/10
f 1140/11/5 1142/6/5 1144/8/5
f 1140/11/5 1144/8/5 1137/12/5
f 1141/5/6 1139/13/6 1138/14/6
f 1141/5/6 1138/14/6 1143/7/6
f 1145/1/7 1146/2/7 1147/3/7
f 1145/1/7 1147/3/7 1148/4/7
f 1148/4/8 1147/3/8 1149/5/8
f 1148/4/8 1149/5/8 1150/6/8
f 1150/6/9 1149/5/9 1151/7/9
f 1150/6/9 1151/7/9 1152/8/9
f 1152/8/10 1151/7/10 1146/9/10
f 1152/8/10 1146/9/10 1145/10/10
f 1148/11/5 1150/6/5 1152/8/5
f 1148/11/5 1152/8/5 1145/12/5
f 1149/5/6 1147/13/6 1146/14/6
f 1149/5/6 1146/14/6 1151/7/6
f 1153/1/7 1154/2/7 1155/3/7
f 1153/1/7 1155/3/7 1156/4/7
f 1156/4/8 1155/3/8 1157/5/8
f 1156/4/8 1157/5/8 1158/6/8
f 1158/6/9 1157/5/9 1159/7/9
f 1158/6/9 1159/7/9 1160/8/9
f 1160/8/10 1159/7/10 1154/9/10
f 1160/8/10 1154/9/10 1153/10/10
f 1156/11/5 1158/6/5 1160/8/5
f 1156/11/5 1160/8/5 1153/12/5
f 1157/5/6 1155/13/6 1154/14/6
f 1157/5/6 1154/14/6 1159/7/6
f 1161/1/7 1162/2/7 1163/3/7
f 1161/1/7 1163/3/7 1164/4/7
f 1164/4/8 1163/3/8 1165/5/8
f 1164/4/8 1165/5/8 1166/6/8
f 1166/6/9 1165/5/9 1167/7/9
f 1166/6/9 1167/7/9 1168/8/9
f 1168/8/10 1167/7/10 1162/9/10
f 1168/8/10 1162/9/10 1161/10/10
f 1164/11/5 1166/6/5 1168/8/5
f 1164/11/5 1168/8/5 1161/12/5
f 1165/5/6 1163/13/6 1162/14/6
f 1165/5/6 1162/14/6 1167/7/6
f 1169/1/7 1170/2/7 1171/3/7
f 1169/1/7 1171/3/7 1172/4/7
f 1172/4/8 1171/3/8 1173/5/8
f 1172/4/8 1173/5/8 1174/6/8
f 1174/6/9 1173/5/9 1175/7/9
f 1174/6/9 1175/7/9 1176/8/9
f 1176/8/10 1175/7/10 1170/9/10
f 1176/8/10 1170/9/10 1169/10/10
f 1172/11/5 1174/6/5 1176/8/5
f 1172/11/5 1176/8/5 1169/12/5
f 1173/5/6 1171/13/6 1170/14/6
f 1173/5/6 1170/14/6 1175/7/6
f 1177/1/7 1178/2/7 1179/3/7
f 1177/1/7 1179/3/7 1180/4/7
f 1180/4/8 1179/3/8 1165/5/8
f 1180/4/8 1165/5/8 1166/6/8
f 1166/6/9 1165/5/9 1175/7/9
f 1166/6/9 1175/7/9 1176/8/9
f 1176/8/10 1175/7/10 1178/9/10
f 1176/8/10 1178/9/10 1177/10/10
f 1180/11/5 1166/6/5 1176/8/5
f 1180/11/5 1176/8/5 1177/12/5
f 1165/5/6 1179/13/6 1178/14/6
f 1165/5/6 1178/14/6 1175/7/6
f 1169/1/7 1170/2/7 1163/3/7
f 1169/1/7 1163/3/7 1164/4/7
f 1164/4/8 1163/3/8 1181/5/8
f 1164/4/8 1181/5/8 1182/6/8
f 1182/6/9 1181/5/9 1183/7/9
f 1182/6/9 1183/7/9 1184/8/9
f 1184/8/10 1183/7/10 1170/9/10
f 1184/8/10 1170/9/10 1169/10/10
f 1164/11/5 1182/6/5 1184/8/5
f 1164/11/5 1184/8/5 1169/12/5
f 1181/5/6 1163/13/6 1170/14/6
f 1181/5/6 1170/14/6 1183/7/6
f 1185/1/7 1186/2/7 1187/3/7
f 1185/1/7 1187/3/7 1188/4/7
f 1188/4/8 1187/3/8 1189/5/8
f 1188/4/8 1189/5/8 1190/6/8
f 1190/6/9 1189/5/9 1191/7/9
f 1190/6/9 1191/7/9 1192/8/9
f 1192/8/10 1191/7/10 1186/9/10
f 1192/8/10 1186/9/10 1185/10/10
f 1188/11/5 1190/6/5 1192/8/5
f 1188/11/5 1192/8/5 1185/12/5
f 1189/5/6 1187/13/6 1186/14/6
f 1189/5/6 1186/14/6 1191/7/6
f 1193/1/7 1194/2/7 1195/3/7
f 1193/1/7 1195/3/7 1196/4/7
f 1196/4/8 1195/3/8 1197/5/8
f 1196/4/8 1197/5/8 1198/6/8
f 1198/6/9 1197/5/9 1199/7/9
f 1198/6/9 1199/7/9 1200/8/9
f 1200/8/10 1199/7/10 1194/9/10
f 1200/8/10 1194/9/10 1193/10/10
f 1196/11/5 1198/6/5 1200/8/5
f 1196/11/5 1200/8/5 1193/12/5
f 1197/5/6 1195/13/6 1194/14/6
f 1197/5/6 1194/14/6 1199/7/6
f 1201/1/7 1202/2/7 1203/3/7
f 1201/1/7 1203/3/7 1204/4/7
f 1204/4/8 1203/3/8 1189/5/8
f 1204/4/8 1189/5/8 1190/6/8
f 1190/6/9 1189/5/9 1199/7/9
f 1190/6/9 1199/7/9 1200/8/9
f 1200/8/10 1199/7/10 1202/9/10
f 1200/8/10 1202/9/10 1201/10/10
f 1204/11/5 1190/6/5 1200/8/5
f 1204/11/5 1200/8/5 1201/12/5
f 1189/5/6 1203/13/6 1202/14/6
f 1189/5/6 1202/14/6 1199/7/6
f 1193/1/7 1194/2/7 1187/3/7
f 1193/1/7 1187/3/7 1188/4/7
f 1188/4/8 1187/3/8 1205/5/8
f 1188/4/8 1205/5/8 1206/6/8
f 1206/6/9 1205/5/9 1207/7/9
f 1206/6/9 1207/7/9 1208/8/9
f 1208/8/10 1207/7/10 1194/9/10
f 1208/8/10 1194/9/10 1193/10/10
f 1188/11/5 1206/6/5 1208/8/5
f 1188/11/5 1208/8/5 1193/12/5
f 1205/5/6 1187/13/6 1194/14/6
f 1205/5/6 1194/14/6 1207/7/6
f 1209/1/7 1210/2/7 1211/3/7
f 1209/1/7 1211/3/7 1212/4/7
f 1212/4/8 1211/3/8 1213/5/8
f 1212/4/8 1213/5/8 1214/6/8
f 1214/6/9 1213/5/9 1215/7/9
f 1214/6/9 1215/7/9 1216/8/9
f 1216/8/10 1215/7/10 1210/9/10
f 1216/8/10 1210/9/10 1209/10/10
f 1212/11/5 1214/6/5 1216/8/5
f 1212/11/5 1216/8/5 1209/12/5
f 1213/5/6 1211/13/6 1210/14/6
f 1213/5/6 1210/14/6 1215/7/6
f 1217/1/7 1218/2/7 1219/3/7
f 1217/1/7 1219/3/7 1220/4/7
f 1220/4/8 1219/3/8 1221/5/8
f 1220/4/8 1221/5/8 1222/6/8
f 1222/6/9 1221/5/9 1223/7/9
f 1222/6/9 1223/7/9 1224/8/9
f 1224/8/10 1223/7/10 1218/9/10
f 1224/8/10 1218/9/10 1217/10/10
f 1220/11/5 1222/6/5 1224/8/5
f 1220/11/5 1224/8/5 1217/12/5
f 1221/5/6 1219/13/6 1218/14/6
f 1221/5/6 1218/14/6 1223/7/6
f 1225/1/7 1226/2/7 1227/3/7
f 1225/1/7 1227/3/7 1228/4/7
f 1228/4/8 1227/3/8 1229/5/8
f 1228/4/8 1229/5/8 1230/6/8
f 1230/6/9 1229/5/9 1231/7/9
f 1230/6/9 1231/7/9 1232/8/9
f 1232/8/10 1231/7/10 1226/9/10
f 1232/8/10 1226/9/10 1225/10/10
f 1228/11/5 1230/6/5 1232/8/5
f 1228/11/5 1232/8/5 1225/12/5
f 1229/5/6 1227/13/6 1226/14/6
f 1229/5/6 1226/14/6 1231/7/6
f 1233/1/7 1234/2/7 1235/3/7
f 1233/1/7 1235/3/7 1236/4/7
f 1236/4/8 1235/3/8 1237/5/8
f 1236/4/8 1237/5/8 1238/6/8
f 1238/6/9 1237/5/9 1239/7/9
f 1238/6/9 1239/7/9 1240/8/9
f 1240/8/10 1239/7/10 1234/9/10
f 1240/8/10 1234/9/10 1233/10/10
f 1236/11/5 1238/6/5 1240/8/5
f 1236/11/5 1240/8/5 1233/12/5
f 1237/5/6 1235/13/6 1234/14/6
f 1237/5/6 1234/14/6 1239/7/6
f 1241/1/7 1242/2/7 1243/3/7
f 1241/1/7 1243/3/7 1244/4/7
f 1244/4/8 1243/3/8 1245/5/8
f 1244/4/8 1245/5/8 1246/6/8
f 1246/6/9 1245/5/9 1247/7/9
f 1246/6/9 1247/7/9 1248/8/9
f 1248/8/10 1247/7/10 1242/9/10
f 1248/8/10 1242/9/10 1241/10/10
f 1244/11/5 1246/6/5 1248/8/5
f 1244/11/5 1248/8/5 1241/12/5
f 1245/5/6 1243/13/6 1242/14/6
f 1245/5/6 1242/14/6 1247/7/6
f 1249/1/7 1250/2/7 1251/3/7
f 1249/1/7 1251/3/7 1252/4/7
f 1252/4/8 1251/3/8 1253/5/8
f 1252/4/8 1253/5/8 1254/6/8
f 1254/6/9 1253/5/9 1255/7/9
f 1254/6/9 1255/7/9 1256/8/9
f 1256/8/10 1255/7/10 1250/9/10
f 1256/8/10 1250/9/10 1249/10/10
f 1252/11/5 1254/6/5 1256/8/5
f 1252/11/5 1256/8/5 1249/12/5
f 1253/5/6 1251/13/6 1250/14/6
f 1253/5/6 1250/14/6 1255/7/6
f 1257/1/7 1258/2/7 1259/3/7
f 1257/1/7 1259/3/7 1260/4/7
f 1260/4/8 1259/3/8 1261/5/8
f 1260/4/8 1261/5/8 1262/6/8
f 1262/6/9 1261/5/9 1263/7/9
f 1262/6/9 1263/7/9 1264/8/9
f 1264/8/10 1263/7/10 1258/9/10
f 1264/8/10 1258/9/10 1257/10/10
f 1260/11/5 1262/6/5 1264/8/5
f 1260/11/5 1264/8/5 1257/12/5
f 1261/5/6 1259/13/6 1258/14/6
f 1261/5/6 1258/14/6 1263/7/6
f 1265/1/7 1266/2/7 1267/3/7
f 1265/1/7 1267/3/7 1268/4/7
f 1268/4/8 1267/3/8 1269/5/8
f 1268/4/8 1269/5/8 1270/6/8
f 1270/6/9 1269/5/9 1271/7/9
f 1270/6/9 1271/7/9 1272/8/9
f 1272/8/10 1271/7/10 1266/9/10
f 1272/8/10 1266/9/10 1265/10/10
f 1268/11/5 1270/6/5 1272/8/5
f 1268/11/5 1272/8/5 1265/12/5
f 1269/5/6 1267/13/6 1266/14/6
f 1269/5/6 1266/14/6 1271/7/6
f 1273/1/7 1274/2/7 1275/3/7
f 1273/1/7 1275/3/7 1276/4/7
f 1276/4/8 1275/3/8 1277/5/8
f 1276/4/8 1277/5/8 1278/6/8
f 1278/6/9 1277/5/9 1279/7/9
f 1278/6/9 1279/7/9 1280/8/9
f 1280/8/10 1279/7/10 1274/9/10
f 1280/8/10 1274/9/10 1273/10/10
f 1276/11/5 1278/6/5 1280/8/5
f 1276/11/5 1280/8/5 1273/12/5
f 1277/5/6 1275/13/6 1274/14/6
f 1277/5/6 1274/14/6 1279/7/6
f 1281/1/7 1282/2/7 1283/3/7
f 1281/1/7 1283/3/7 1284/4/7
f 1284/4/8 1283/3/8 1285/5/8
f 1284/4/8 1285/5/8 1286/6/8
f 1286/6/9 1285/5/9 1287/7/9
f 1286/6/9 1287/7/9 1288/8/9
f 1288/8/10 1287/7/10 1282/9/10
f 1288/8/10 1282/9/10 1281/10/10
f 1284/11/5 1286/6/5 1288/8/5
f 1284/11/5 1288/8/5 1281/12/5
f 1285/5/6 1283/13/6 1282/14/6
f 1285/5/6 1282/14/6 1287/7/6
f 1289/1/7 1290/2/7 1291/3/7
f 1289/1/7 1291/3/7 1292/4/7
f 1292/4/8 1291/3/8 1293/5/8
f 1292/4/8 1293/5/8 1294/6/8
f 1294/6/9 1293/5/9 1295/7/9
f 1294/6/9 1295/7/9 1296/8/9
f 1296/8/10 1295/7/10 1290/9/10
f 1296/8/10 1290/9/10 1289/10/10
f 1292/11/5 1294/6/5 1296/8/5
f 1292/11/5 1296/8/5 1289/12/5
f 1293/5/6 1291/13/6 1290/14/6
f 1293/5/6 1290/14/6 1295/7/6
f 1297/1/7 1298/2/7 1299/3/7
f 1297/1/7 1299/3/7 1300/4/7
f 1300/4/8 1299/3/8 1301/5/8
f 1300/4/8 1301/5/8 1302/6/8
f 1302/6/9 1301/5/9 1303/7/9
f 1302/6/9 1303/7/9 1304/8/9
f 1304/8/10 1303/7/10 1298/9/10
f 1304/8/10 1298/9/10 1297/10/10
f 1300/11/5 1302/6/5 1304/8/5
f 1300/11/5 1304/8/5 1297/12/5
f 1301/5/6 1299/13/6 1298/14/6
f 1301/5/6 1298/14/6 1303/7/6
f 1305/1/7 1306/2/7 1307/3/7
f 1305/1/7 1307/3/7 1308/4/7
f 1308/4/8 1307/3/8 1309/5/8
f 1308/4/8 1309/5/8 1310/6/8
f 1310/6/9 1309/5/9 1311/7/9
f 1310/6/9 1311/7/9 1312/8/9
f 1312/8/10 1311/7/10 1306/9/10
f 1312/8/10 1306/9/10 1305/10/10
f 1308/11/5 1310/6/5 1312/8/5
f 1308/11/5 1312/8/5 1305/12/5
f 1309/5/6 1307/13/6 1306/14/6
f 1309/5/6 1306/14/6 1311/7/6
f 1313/1/7 1314/2/7 1315/3/7
f 1313/1/7 1315/3/7 1316/4/7
f 1316/4/8 1315/3/8 1317/5/8
f 1316/4/8 1317/5/8 1318/6/8
f 1318/6/9 1317/5/9 1319/7/9
f 1318/6/9 1319/7/9 1320/8/9
f 1320/8/10 1319/7/10 1314/9/10
f 1320/8/10 1314/9/10 1313/10/10
f 1316/11/5 1318/6/5 1320/8/5
f 1316/11/5 1320/8/5 1313/12/5
f 1317/5/6 1315/13/6 1314/14/6
f 1317/5/6 1314/14/6 1319/7/6
f 1321/1/7 1322/2/7 1323/3/7
f 1321/1/7 1323/3/7 1324/4/7
f 1324/4/8 1323/3/8 1325/5/8
f 1324/4/8 1325/5/8 1326/6/8
f 1326/6/9 1325/5/9 1327/7/9
f 1326/6/9 1327/7/9 1328/8/9
f 1328/8/10 1327/7/10 1322/9/10
f 1328/8/10 1322/9/10 1321/10/10
f 1324/11/5 1326/6/5 1328/8/5
f 1324/11/5 1328/8/5 1321/12/5
f 1325/5/6 1323/13/6 1322/14/6
f 1325/5/6 1322/14/6 1327/7/6
f 1329/1/7 1330/2/7 1331/3/7
f 1329/1/7 1331/3/7 1332/4/7
f 1332/4/8 1331/3/8 1333/5/8
f 1332/4/8 1333/5/8 1334/6/8
f 1334/6/9 1333/5/9 1335/7/9
f 1334/6/9 1335/7/9 1336/8/9
f 1336/8/10 1335/7/10 1330/9/10
f 1336/8/10 1330/9/10 1329/10/10
f 1332/11/5 1334/6/5 1336/8/5
f 1332/11/5 1336/8/5 1329/12/5
f 1333/5/6 1331/13/6 1330/14/6
f 1333/5/6 1330/14/6 1335/7/6
f 1337/1/7 1338/2/7 1339/3/7
f 1337/1/7 1339/3/7 1340/4/7
f 1340/4/8 1339/3/8 1341/5/8
f 1340/4/8 1341/5/8 1342/6/8
f 1342/6/9 1341/5/9 1343/7/9
f 1342/6/9 1343/7/9 1344/8/9
f 1344/8/10 1343/7/10 1338/9/10
f 1344/8/10 1338/9/10 1337/10/10
f 1340/11/5 1342/6/5 1344/8/5
f 1340/11/5 1344/8/5 1337/12/5
f 1341/5/6 1339/13/6 1338/14/6
f 1341/5/6 1338/14/6 1343/7/6
f 1345/1/7 1346/2/7 1347/3/7
f 1345/1/7 1347/3/7 1348/4/7
f 1348/4/8 1347/3/8 1349/5/8
f 1348/4/8 1349/5/8 1350/6/8
f 1350/6/9 1349/5/9 1351/7/9
f 1350/6/9 1351/7/9 1352/8/9
f 1352/8/10 1351/7/10 1346/9/10
f 1352/8/10 1346/9/10 1345/10/10
f 1348/11/5 1350/6/5 1352/8/5
f 1348/11/5 1352/8/5 1345/12/5
f 1349/5/6 1347/13/6 1346/14/6
f 1349/5/6 1346/14/6 1351/7/6
f 1353/1/7 1354/2/7 1355/3/7
f 1353/1/7 1355/3/7 1356/4/7
f 1356/4/8 1355/3/8 1357/5/8
f 1356/4/8 1357/5/8 1358/6/8
f 1358/6/9 1357/5/9 1359/7/9
f 1358/6/9 1359/7/9 1360/8/9
f 1360/8/10 1359/7/10 1354/9/10
f 1360/8/10 1354/9/10 1353/10/10
f 1356/11/5 1358/6/5 1360/8/5
f 1356/11/5 1360/8/5 1353/12/5
f 1357/5/6 1355/13/6 1354/14/6
f 1357/5/6 1354/14/6 1359/7/6
f 1361/1/7 1362/2/7 1363/3/7
f 1361/1/7 1363/3/7 1364/4/7
f 1364/4/8 1363/3/8 1365/5/8
f 1364/4/8 1365/5/8 1366/6/8
f 1366/6/9 1365/5/9 1367/7/9
f 1366/6/9 1367/7/9 1368/8/9
f 1368/8/10 1367/7/10 1362/9/10
f 1368/8/10 1362/9/10 1361/10/10
f 1364/11/5 1366/6/5 1368/8/5
f 1364/11/5 1368/8/5 1361/12/5
f 1365/5/6 1363/13/6 1362/14/6
f 1365/5/6 1362/14/6 1367/7/6
f 1369/1/7 1370/2/7 1371/3/7
f 1369/1/7 1371/3/7 1372/4/7
f 1372/4/8 1371/3/8 1373/5/8
f 1372/4/8 1373/5/8 1374/6/8
f 1374/6/9 1373/5/9 1375/7/9
f 1374/6/9 1375/7/9 1376/8/9
f 1376/8/10 1375/7/10 1370/9/10
f 1376/8/10 1370/9/10 1369/10/10
f 1372/11/5 1374/6/5 1376/8/5
f 1372/11/5 1376/8/5 1369/12/5
f 1373/5/6 1371/13/6 1370/14/6
f 1373/5/6 1370/14/6 1375/7/6
f 1377/1/7 1378/2/7 1379/3/7
f 1377/1/7 1379/3/7 1380/4/7
f 1380/4/8 1379/3/8 1381/5/8
f 1380/4/8 1381/5/8 1382/6/8
f 1382/6/9 1381/5/9 1383/7/9
f 1382/6/9 1383/7/9 1384/8/9
f 1384/8/10 1383/7/10 1378/9/10
f 1384/8/10 1378/9/10 1377/10/10
f 1380/11/5 1382/6/5 1384/8/5
f 1380/11/5 1384/8/5 1377/12/5
f 1381/5/6 1379/13/6 1378/14/6
f 1381/5/6 1378/14/6 1383/7/6
f 1385/1/7 1386/2/7 1387/3/7
f 1385/1/7 1387/3/7 1388/4/7
f 1388/4/8 1387/3/8 1389/5/8
f 1388/4/8 1389/5/8 1390/6/8
f 1390/6/9 1389/5/9 1391/7/9
f 1390/6/9 1391/7/9 1392/8/9
f 1392/8/10 1391/7/10 1386/9/10
f 1392/8/10 1386/9/10 1385/10/10
f 1388/11/5 1390/6/5 1392/8/5
f 1388/11/5 1392/8/5 1385/12/5
f 1389/5/6 1387/13/6 1386/14/6
f 1389/5/6 1386/14/6 1391/7/6
f 1393/1/7 1394/2/7 1395/3/7
f 1393/1/7 1395/3/7 1396/4/7
f 1396/4/8 1395/3/8 1397/5/8
f 1396/4/8 1397/5/8 1398/6/8
f 1398/6/9 1397/5/9 1399/7/9
f 1398/6/9 1399/7/9 1400/8/9
f 1400/8/10 1399/7/10 1394/9/10
f 1400/8/10 1394/9/10 1393/10/10
f 1396/11/5 1398/6/5 1400/8/5
f 1396/11/5 1400/8/5 1393/12/5
f 1397/5/6 1395/13/6 1394/14/6
f 1397/5/6 1394/14/6 1399/7/6
f 1401/1/7 1402/2/7 1403/3/7
f 1401/1/7 1403/3/7 1404/4/7
f 1404/4/8 1403/3/8 1405/5/8
f 1404/4/8 1405/5/8 1406/6/8
f 1406/6/9 1405/5/9 1407/7/9
f 1406/6/9 1407/7/9 1408/8/9
f 1408/8/10 1407/7/10 1402/9/10
f 1408/8/10 1402/9/10 1401/10/10
f 1404/11/5 1406/6/5 1408/8/5
f 1404/11/5 1408/8/5 1401/12/5
f 1405/5/6 1403/13/6 1402/14/6
f 1405/5/6 1402/14/6 1407/7/6
f 1409/1/7 1410/2/7 1411/3/7
f 1409/1/7 1411/3/7 1412/4/7
f 1412/4/8 1411/3/8 1413/5/8
f 1412/4/8 1413/5/8 1414/6/8
f 1414/6/9 1413/5/9 1415/7/9
f 1414/6/9 1415/7/9 1416/8/9
f 1416/8/10 1415/7/10 1410/9/10
f 1416/8/10 1410/9/10 1409/10/10
f 1412/11/5 1414/6/5 1416/8/5
f 1412/11/5 1416/8/5 1409/12/5
f 1413/5/6 1411/13/6 1410/14/6
f 1413/5/6 1410/14/6 1415/7/6
f 1417/1/7 1418/2/7 1419/3/7
f 1417/1/7 1419/3/7 1420/4/7
f 1420/4/8 1419/3/8 1421/5/8
f 1420/4/8 1421/5/8 1422/6/8
f 1422/6/9 1421/5/9 1423/7/9
f 1422/6/9 1423/7/9 1424/8/9
f 1424/8/10 1423/7/10 1418/9/10
f 1424/8/10 1418/9/10 1417/10/10
f 1420/11/5 1422/6/5 1424/8/5
f 1420/11/5 1424/8/5 1417/12/5
f 1421/5/6 1419/13/6 1418/14/6
f 1421/5/6 1418/14/6 1423/7/6
f 1425/1/7 1426/2/7 1427/3/7
f 1425/1/7 1427/3/7 1428/4/7
f 1428/4/8 1427/3/8 1429/5/8
f 1428/4/8 1429/5/8 1430/6/8
f 1430/6/9 1429/5/9 1431/7/9
f 1430/6/9 1431/7/9 1432/8/9
f 1432/8/10 1431/7/10 1426/9/10
f 1432/8/10 1426/9/10 1425/10/10
f 1428/11/5 1430/6/5 1432/8/5
f 1428/11/5 1432/8/5 1425/12/5
f 1429/5/6 1427/13/6 1426/14/6
f 1429/5/6 1426/14/6 1431/7/6
f 1433/1/7 1434/2/7 1435/3/7
f 1433/1/7 1435/3/7 1436/4/7
f 1436/4/8 1435/3/8 1437/5/8
f 1436/4/8 1437/5/8 1438/6/8
f 1438/6/9 1437/5/9 1439/7/9
f 1438/6/9 1439/7/9 1440/8/9
f 1440/8/10 1439/7/10 1434/9/10
f 1440/8/10 1434/9/10 1433/10/10
f 1436/11/5 1438/6/5 1440/8/5
f 1436/11/5 1440/8/5 1433/12/5
f 1437/5/6 1435/13/6 1434/14/6
f 1437/5/6 1434/14/6 1439/7/6
f 1441/1/7 1442/2/7 1443/3/7
f 1441/1/7 1443/3/7 1444/4/7
f 1444/4/8 1443/3/8 1445/5/8
f 1444/4/8 1445/5/8 1446/6/8
f 1446/6/9 1445/5/9 1447/7/9
f 1446/6/9 1447/7/9 1448/8/9
f 1448/8/10 1447/7/10 1442/9/10
f 1448/8/10 1442/9/10 1441/10/10
f 1444/11/5 1446/6/5 1448/8/5
f 1444/11/5 1448/8/5 1441/12/5
f 1445/5/6 1443/13/6 1442/14/6
f 1445/5/6 1442/14/6 1447/7/6
f 1449/1/7 1450/2/7 1451/3/7
f 1449/1/7 1451/3/7 1452/4/7
f 1452/4/8 1451/3/8 1453/5/8
f 1452/4/8 1453/5/8 1454/6/8
f 1454/6/9 1453/5/9 1455/7/9
f 1454/6/9 1455/7/9 1456/8/9
f 1456/8/10 1455/7/10 1450/9/10
f 1456/8/10 1450/9/10 1449/10/10
f 1452/11/5 1454/6/5 1456/8/5
f 1452/11/5 1456/8/5 1449/12/5
f 1453/5/6 1451/13/6 1450/14/6
f 1453/5/6 1450/14/6 1455/7/6
f 1457/1/7 1458/2/7 1459/3/7
f 1457/1/7 1459/3/7 1460/4/7
f 1460/4/8 1459/3/8 1461/5/8
f 1460/4/8 1461/5/8 1462/6/8
f 1462/6/9 1461/5/9 1463/7/9
f 1462/6/9 1463/7/9 1464/8/9
f 1464/8/10 1463/7/10 1458/9/10
f 1464/8/10 1458/9/10 1457/10/10
f 1460/11/5 1462/6/5 1464/8/5
f 1460/11/5 1464/8/5 1457/12/5
f 1461/5/6 1459/13/6 1458/14/6
f 1461/5/6 1458/14/6 1463/7/6
f 1465/1/7 1466/2/7 1467/3/7
f 1465/1/7 1467/3/7 1468/4/7
f 1468/4/8 1467/3/8 1469/5/8
f 1468/4/8 1469/5/8 1470/6/8
f 1470/6/9 1469/5/9 1471/7/9
f 1470/6/9 1471/7/9 1472/8/9
f 1472/8/10 1471/7/10 1466/9/10
f 1472/8/10 1466/9/10 1465/10/10
f 1468/11/5 1470/6/5 1472/8/5
f 1468/11/5 1472/8/5 1465/12/5
f 1469/5/6 1467/13/6 1466/14/6
f 1469/5/6 1466/14/6 1471/7/6
f 1473/1/7 1474/2/7 1475/3/7
f 1473/1/7 1475/3/7 1476/4/7
f 1476/4/8 1475/3/8 1477/5/8
f 1476/4/8 1477/5/8 1478/6/8
f 1478/6/9 1477/5/9 1479/7/9
f 1478/6/9 1479/7/9 1480/8/9
f 1480/8/10 1479/7/10 1474/9/10
f 1480/8/10 1474/9/10 1473/10/10
f 1476/11/5 1478/6/5 1480/8/5
f 1476/11/5 1480/8/5 1473/12/5
f 1477/5/6 1475/13/6 1474/14/6
f 1477/5/6 1474/14/6 1479/7/6
f 1481/1/7 1482/2/7 1483/3/7
f 1481/1/7 1483/3/7 1484/4/7
f 1484/4/8 1483/3/8 1485/5/8
f 1484/4/8 1485/5/8 1486/6/8
f 1486/6/9 1485/5/9 1487/7/9
f 1486/6/9 1487/7/9 1488/8/9
f 1488/8/10 1487/7/10 1482/9/10
f 1488/8/10 1482/9/10 1481/10/10
f 1484/11/5 1486/6/5 1488/8/5
f 1484/11/5 1488/8/5 1481/12/5
f 1485/5/6 1483/13/6 1482/14/6
f 1485/5/6 1482/14/6 1487/7/6
f 1489/1/7 1490/2/7 1491/3/7
f 1489/1/7 1491/3/7 1492/4/7
f 1492/4/8 1491/3/8 1493/5/8
f 1492/4/8 1493/5/8 1494/6/8
f 1494/6/9 1493/5/9 1495/7/9
f 1494/6/9 1495/7/9 1496/8/9
f 1496/8/10 1495/7/10 1490/9/10
f 1496/8/10 1490/9/10 1489/10/10
f 1492/11/5 1494/6/5 1496/8/5
f 1492/11/5 1496/8/5 1489/12/5
f 1493/5/6 1491/13/6 1490/14/6
f 1493/5/6 1490/14/6 1495/7/6
f 1497/1/7 1498/2/7 1499/3/7
f 1497/1/7 1499/3/7 1500/4/7
f 1500/4/8 1499/3/8 1501/5/8
f 1500/4/8 1501/5/8 1502/6/8
f 1502/6/9 1501/5/9 1503/7/9
f 1502/6/9 1503/7/9 1504/8/9
f 1504/8/10 1503/7/10 1498/9/10
f 1504/8/10 1498/9/10 1497/10/10
f 1500/11/5 1502/6/5 1504/8/5
f 1500/11/5 1504/8/5 1497/12/5
f 1501/5/6 1499/13/6 1498/14/6
f 1501/5/6 1498/14/6 1503/7/6
f 1505/1/7 1506/2/7 1507/3/7
f 1505/1/7 1507/3/7 1508/4/7
f 1508/4/8 1507/3/8 1509/5/8
f 1508/4/8 1509/5/8 1510/6/8
f 1510/6/9 1509/5/9 1511/7/9
f 1510/6/9 1511/7/9 1512/8/9
f 1512/8/10 1511/7/10 1506/9/10
f 1512/8/10 1506/9/10 1505/10/10
f 1508/11/5 1510/6/5 1512/8/5
f 1508/11/5 1512/8/5 1505/12/5
f 1509/5/6 1507/13/6 1506/14/6
f 1509/5/6 1506/14/6 1511/7/6
f 1513/1/7 1514/2/7 1515/3/7
f 1513/1/7 1515/3/7 1516/4/7
f 1516/4/8 1515/3/8 1517/5/8
f 1516/4/8 1517/5/8 1518/6/8
f 1518/6/9 1517/5/9 1519/7/9
f 1518/6/9 1519/7/9 1520/8/9
f 1520/8/10 1519/7/10 1514/9/10
f 1520/8/10 1514/9/10 1513/10/10
f 1516/11/5 1518/6/5 1520/8/5
f 1516/11/5 1520/8/5 1513/12/5
f 1517/5/6 1515/13/6 1514/14/6
f 1517/5/6 1514/14/6 1519/7/6
f 1521/1/7 1522/2/7 1523/3/7
f 1521/1/7 1523/3/7 1524/4/7
f 1524/4/8 1523/3/8 1525/5/8
f 1524/4/8 1525/5/8 1526/6/8
f 1526/6/9 1525/5/9 1527/7/9
f 1526/6/9 1527/7/9 1528/8/9
f 1528/8/10 1527/7/10 1522/9/10
f 1528/8/10 1522/9/10 1521/10/10
f 1524/11/5 1526/6/5 1528/8/5
f 1524/11/5 1528/8/5 1521/12/5
f 1525/5/6 1523/13/6 1522/14/6
f 1525/5/6 1522/14/6 1527/7/6
f 1529/1/7 1530/2/7 1531/3/7
f 1529/1/7 1531/3/7 1532/4/7
f 1532/4/8 1531/3/8 1533/5/8
f 1532/4/8 1533/5/8 1534/6/8
f 1534/6/9 1533/5/9 1535/7/9
f 1534/6/9 1535/7/9 1536/8/9
f 1536/8/10 1535/7/10 1530/9/10
f 1536/8/10 1530/9/10 1529/10/10
f 1532/11/5 1534/6/5 1536/8/5
f 1532/11/5 1536/8/5 1529/12/5
f 1533/5/6 1531/13/6 1530/14/6
f 1533/5/6 1530/14/6 1535/7/6
f 1537/1/7 1538/2/7 1539/3/7
f 1537/1/7 1539/3/7 1540/4/7
f 1540/4/8 1539/3/8 1541/5/8
f 1540/4/8 1541/5/8 1542/6/8
f 1542/6/9 1541/5/9 1543/7/9
f 1542/6/9 1543/7/9 1544/8/9
f 1544/8/10 1543/7/10 1538/9/10
f 1544/8/10 1538/9/10 1537/10/10
f 1540/11/5 1542/6/5 1544/8/5
f 1540/11/5 1544/8/5 1537/12/5
f 1541/5/6 1539/13/6 1538/14/6
f 1541/5/6 1538/14/6 1543/7/6
f 1545/1/7 1546/2/7 1547/3/7
f 1545/1/7 1547/3/7 1548/4/7
f 1548/4/8 1547/3/8 1549/5/8
f 1548/4/8 1549/5/8 1550/6/8
f 1550/6/9 1549/5/9 1551/7/9
f 1550/6/9 1551/7/9 1552/8/9
f 1552/8/10 1551/7/10 1546/9/10
f 1552/8/10 1546/9/10 1545/10/10
f 1548/11/5 1550/6/5 1552/8/5
f 1548/11/5 1552/8/5 1545/12/5
f 1549/5/6 1547/13/6 1546/14/6
f 1549/5/6 1546/14/6 1551/7/6
f 1553/1/7 1554/2/7 1555/3/7
f 1553/1/7 1555/3/7 1556/4/7
f 1556/4/8 1555/3/8 1557/5/8
f 1556/4/8 1557/5/8 1558/6/8
f 1558/6/9 1557/5/9 1559/7/9
f 1558/6/9 1559/7/9 1560/8/9
f 1560/8/10 1559/7/10 1554/9/10
f 1560/8/10 1554/9/10 1553/10/10
f 1556/11/5 1558/6/5 1560/8/5
f 1556/11/5 1560/8/5 1553/12/5
f 1557/5/6 1555/13/6 1554/14/6
f 1557/5/6 1554/14/6 1559/7/6
f 1561/1/7 1562/2/7 1563/3/7
f 1561/1/7 1563/3/7 1564/4/7
f 1564/4/8 1563/3/8 1565/5/8
f 1564/4/8 1565/5/8 1566/6/8
f 1566/6/9 1565/5/9 1567/7/9
f 1566/6/9 1567/7/9 1568/8/9
f 1568/8/10 1567/7/10 1562/9/10
f 1568/8/10 1562/9/10 1561/10/10
f 1564/11/5 1566/6/5 1568/8/5
f 1564/11/5 1568/8/5 1561/12/5
f 1565/5/6 1563/13/6 1562/14/6
f 1565/5/6 1562/14/6 1567/7/6
f 1569/1/7 1570/2/7 1571/3/7
f 1569/1/7 1571/3/7 1572/4/7
f 1572/4/8 1571/3/8 1573/5/8
f 1572/4/8 1573/5/8 1574/6/8
f 1574/6/9 1573/5/9 1575/7/9
f 1574/6/9 1575/7/9 1576/8/9
f 1576/8/10 1575/7/10 1570/9/10
f 1576/8/10 1570/9/10 1569/10/10
f 1572/11/5 1574/6/5 1576/8/5
f 1572/11/5 1576/8/5 1569/12/5
f 1573/5/6 1571/13/6 1570/14/6
f 1573/5/6 1570/14/6 1575/7/6
f 1577/1/7 1578/2/7 1579/3/7
f 1577/1/7 1579/3/7 1580/4/7
f 1580/4/8 1579/3/8 1581/5/8
f 1580/4/8 1581/5/8 1582/6/8
f 1582/6/9 1581/5/9 1583/7/9
f 1582/6/9 1583/7/9 1584/8/9
f 1584/8/10 1583/7/10 1578/9/10
f 1584/8/10 1578/9/10 1577/10/10
f 1580/11/5 1582/6/5 1584/8/5
f 1580/11/5 1584/8/5 1577/12/5
f 1581/5/6 1579/13/6 1578/14/6
f 1581/5/6 1578/14/6 1583/7/6
f 1585/1/7 1586/2/7 1587/3/7
f 1585/1/7 1587/3/7 1588/4/7
f 1588/4/8 1587/3/8 1589/5/8
f 1588/4/8 1589/5/8 1590/6/8
f 1590/6/9 1589/5/9 1591/7/9
f 1590/6/9 1591/7/9 1592/8/9
f 1592/8/10 1591/7/10 1586/9/10
f 1592/8/10 1586/9/10 1585/10/10
f 1588/11/5 1590/6/5 1592/8/5
f 1588/11/5 1592/8/5 1585/12/5
f 1589/5/6 1587/13/6 1586/14/6
f 1589/5/6 1586/14/6 1591/7/6
f 1593/1/7 1594/2/7 1595/3/7
f 1593/1/7 1595/3/7 1596/4/7
f 1596/4/8 1595/3/8 1597/5/8
f 1596/4/8 1597/5/8 1598/6/8
f 1598/6/9 1597/5/9 1599/7/9
f 1598/6/9 1599/7/9 1600/8/9
f 1600/8/10 1599/7/10 1594/9/10
f 1600/8/10 1594/9/10 1593/10/10
f 1596/11/5 1598/6/5 1600/8/5
f 1596/11/5 1600/8/5 1593/12/5
f 1597/5/6 1595/13/6 1594/14/6
f 1597/5/6 1594/14/6 1599/7/6
f 1601/1/7 1602/2/7 1603/3/7
f 1601/1/7 1603/3/7 1604/4/7
f 1604/4/8 1603/3/8 1605/5/8
f 1604/4/8 1605/5/8 1606/6/8
f 1606/6/9 1605/5/9 1607/7/9
f 1606/6/9 1607/7/9 1608/8/9
f 1608/8/10 1607/7/10 1602/9/10
f 1608/8/10 1602/9/10 1601/10/10
f 1604/11/5 1606/6/5 1608/8/5
f 1604/11/5 1608/8/5 1601/12/5
f 1605/5/6 1603/13/6 1602/14/6
f 1605/5/6 1602/14/6 1607/7/6
f 1609/1/7 1610/2/7 1611/3/7
f 1609/1/7 1611/3/7 1612/4/7
f 1612/4/8 1611/3/8 1613/5/8
f 1612/4/8 1613/5/8 1614/6/8
f 1614/6/9 1613/5/9 1615/7/9
f 1614/6/9 1615/7/9 1616/8/9
f 1616/8/10 1615/7/10 1610/9/10
f 1616/8/10 1610/9/10 1609/10/10
f 1612/11/5 1614/6/5 1616/8/5
f 1612/11/5 1616/8/5 1609/12/5
f 1613/5/6 1611/13/6 1610/14/6
f 1613/5/6 1610/14/6 1615/7/6
f 1617/1/7 1618/2/7 1619/3/7
f 1617/1/7 1619/3/7 1620/4/7
f 1620/4/8 1619/3/8 1621/5/8
f 1620/4/8 1621/5/8 1622/6/8
f 1622/6/9 1621/5/9 1623/7/9
f 1622/6/9 1623/7/9 1624/8/9
f 1624/8/10 1623/7/10 1618/9/10
f 1624/8/10 1618/9/10 1617/10/10
f 1620/11/5 1622/6/5 1624/8/5
f 1620/11/5 1624/8/5 1617/12/5
f 1621/5/6 1619/13/6 1618/14/6
f 1621/5/6 1618/14/6 1623/7/6
f 1625/1/7 1626/2/7 1627/3/7
f 1625/1/7 1627/3/7 1628/4/7
f 1628/4/8 1627/3/8 1629/5/8
f 1628/4/8 1629/5/8 1630/6/8
f 1630/6/9 1629/5/9 1631/7/9
f 1630/6/9 1631/7/9 1632/8/9
f 1632/8/10 1631/7/10 1626/9/10
f 1632/8/10 1626/9/10 1625/10/10
f 1628/11/5 1630/6/5 1632/8/5
f 1628/11/5 1632/8/5 1625/12/5
f 1629/5/6 1627/13/6 1626/14/6
f 1629/5/6 1626/14/6 1631/7/6
f 1633/1/7 1634/2/7 1635/3/7
f 1633/1/7 1635/3/7 1636/4/7
f 1636/4/8 1635/3/8 1637/5/8
f 1636/4/8 1637/5/8 1638/6/8
f 1638/6/9 1637/5/9 1639/7/9
f 1638/6/9 1639/7/9 1640/8/9
f 1640/8/10 1639/7/10 1634/9/10
f 1640/8/10 1634/9/10 1633/10/10
f 1636/11/5 1638/6/5 1640/8/5
f 1636/11/5 1640/8/5 1633/12/5
f 1637/5/6 1635/13/6 1634/14/6
f 1637/5/6 1634/14/6 1639/7/6
f 1641/1/7 1642/2/7 1643/3/7
f 1641/1/7 1643/3/7 1644/4/7
f 1644/4/8 1643/3/8 1645/5/8
f 1644/4/8 1645/5/8 1646/6/8
f 1646/6/9 1645/5/9 1647/7/9
f 1646/6/9 1647/7/9 1648/8/9
f 1648/8/10 1647/7/10 1642/9/10
f 1648/8/10 1642/9/10 1641/10/10
f 1644/11/5 1646/6/5 1648/8/5
f 1644/11/5 1648/8/5 1641/12/5
f 1645/5/6 1643/13/6 1642/14/6
f 1645/5/6 1642/14/6 1647/7/6
f 1649/1/7 1650/2/7 1651/3/7
f 1649/1/7 1651/3/7 1652/4/7
f 1652/4/8 1651/3/8 1653/5/8
f 1652/4/8 1653/5/8 1654/6/8
f 1654/6/9 1653/5/9 1655/7/9
f 1654/6/9 1655/7/9 1656/8/9
f 1656/8/10 1655/7/10 1650/9/10
f 1656/8/10 1650/9/10 1649/10/10
f 1652/11/5 1654/6/5 1656/8/5
f 1652/11/5 1656/8/5 1649/12/5
f 1653/5/6 1651/13/6 1650/14/6
f 1653/5/6 1650/14/6 1655/7/6
f 1657/1/7 1658/2/7 1659/3/7
f 1657/1/7 1659/3/7 1660/4/7
f 1660/4/8 1659/3/8 1661/5/8
f 1660/4/8 1661/5/8 1662/6/8
f 1662/6/9 1661/5/9 1663/7/9
f 1662/6/9 1663/7/9 1664/8/9
f 1664/8/10 1663/7/10 1658/9/10
f 1664/8/10 1658/9/10 1657/10/10
f 1660/11/5 1662/6/5 1664/8/5
f 1660/11/5 1664/8/5 1657/12/5
f 1661/5/6 1659/13/6 1658/14/6
f 1661/5/6 1658/14/6 1663/7/6
f 1665/1/7 1666/2/7 1667/3/7
f 1665/1/7 1667/3/7 1668/4/7
f 1668/4/8 1667/3/8 1669/5/8
f 1668/4/8 1669/5/8 1670/6/8
f 1670/6/9 1669/5/9 1671/7/9
f 1670/6/9 1671/7/9 1672/8/9
f 1672/8/10 1671/7/10 1666/9/10
f 1672/8/10 1666/9/10 1665/10/10
f 1668/11/5 1670/6/5 1672/8/5
f 1668/11/5 1672/8/5 1665/12/5
f 1669/5/6 1667/13/6 1666/14/6
f 1669/5/6 1666/14/6 1671/7/6
f 1673/1/7 1674/2/7 1675/3/7
f 1673/1/7 1675/3/7 1676/4/7
f 1676/4/8 1675/3/8 1677/5/8
f 1676/4/8 1677/5/8 1678/6/8
f 1678/6/9 1677/5/9 1679/7/9
f 1678/6/9 1679/7/9 1680/8/9
f 1680/8/10 1679/7/10 1674/9/10
f 1680/8/10 1674/9/10 1673/10/10
f 1676/11/5 1678/6/5 1680/8/5
f 1676/11/5 1680/8/5 1673/12/5
f 1677/5/6 1675/13/6 1674/14/6
f 1677/5/6 1674/14/6 1679/7/6
f 1681/1/7 1682/2/7 1683/3/7
f 1681/1/7 1683/3/7 1684/4/7
f 1684/4/8 1683/3/8 1685/5/8
f 1684/4/8 1685/5/8 1686/6/8
f 1686/6/9 1685/5/9 1687/7/9
f 1686/6/9 1687/7/9 1688/8/9
f 1688/8/10 1687/7/10 1682/9/10
f 1688/8/10 1682/9/10 1681/10/10
f 1684/11/5 1686/6/5 1688/8/5
f 1684/11/5 1688/8/5 1681/12/5
f 1685/5/6 1683/13/6 1682/14/6
f 1685/5/6 1682/14/6 1687/7/6
